data;ora;titolo;genere;regista;anno;durata;etaMinima;costoBiglietto
2027-12-30;10:30;A Beautiful Mind;Biography;Ron Howard;2001;135;12;8.50
2027-12-29;16:00;Good Will Hunting;Drama;Gus Van Sant;1997;126;0;8.50
2027-12-29;12:30;The Best Years of Our Lives;Drama;William Wyler;1946;170;12;8.50
2027-12-29;10:00;To Have and Have Not;Adventure;Howard Hawks;1944;100;6;8.00
2027-12-28;15:30;Blue Velvet;Drama;David Lynch;1986;120;12;7.50
2027-12-28;13:00;The Philadelphia Story;Comedy;George Cukor;1940;112;12;8.50
2027-12-28;10:00;Good Will Hunting;Drama;Gus Van Sant;1997;126;0;6.50
2027-12-27;14:00;The Blues Brothers;Action;John Landis;1980;133;0;8.50
2027-12-27;10:30;The Bridge on the River Kwai;Adventure;David Lean;1957;161;6;7.50
2027-12-26;19:30;Good Will Hunting;Drama;Gus Van Sant;1997;126;0;10.00
2027-12-26;16:00;The Bridge on the River Kwai;Adventure;David Lean;1957;161;6;8.50
2027-12-26;13:00;Good Will Hunting;Drama;Gus Van Sant;1997;126;0;8.50
2027-12-26;10:00;Blue Velvet;Drama;David Lynch;1986;120;12;7.50
2027-12-25;22:00;The Best Years of Our Lives;Drama;William Wyler;1946;170;12;10.00
2027-12-25;18:00;Gandhi;Biography;Richard Attenborough;1982;191;0;9.00
2027-12-25;14:30;The Lord of the Rings: The Fellowship of the Ring;Action;Peter Jackson;2001;178;0;7.00
2027-12-25;10:30;The Lord of the Rings: The Fellowship of the Ring;Action;Peter Jackson;2001;178;0;8.00
2027-12-24;13:30;Misery;Drama;Rob Reiner;1990;107;16;8.00
2027-12-24;10:30;The Treasure of the Sierra Madre;Adventure;John Huston;1948;126;12;8.50
2027-12-23;10:00;The Hurricane;Biography;Norman Jewison;1999;146;16;8.50
2027-12-22;17:00;C.R.A.Z.Y.;Comedy;Jean-Marc Vallée;2005;129;12;8.00
2027-12-22;14:30;Misery;Drama;Rob Reiner;1990;107;16;7.50
2027-12-22;10:30;Veer-Zaara;Drama;Yash Chopra;2004;192;0;7.50
2027-12-21;16:00;Primal Fear;Crime;Gregory Hoblit;1996;129;12;7.00
2027-12-21;13:00;The Blues Brothers;Action;John Landis;1980;133;0;8.00
2027-12-21;10:00;Blue Velvet;Drama;David Lynch;1986;120;12;7.50
2027-12-20;13:30;Donnie Darko;Drama;Richard Kelly;2001;113;16;7.00
2027-12-20;10:30;Star Trek II: The Wrath of Khan;Action;Nicholas Meyer;1982;113;0;8.00
2027-12-19;16:00;The Silence of the Lambs;Crime;Jonathan Demme;1991;118;12;7.50
2027-12-19;13:00;Philadelphia;Drama;Jonathan Demme;1993;125;12;8.50
2027-12-19;10:00;Primal Fear;Crime;Gregory Hoblit;1996;129;12;8.00
2027-12-18;16:30;The Maltese Falcon;Film-Noir;John Huston;1941;100;12;8.00
2027-12-18;13:30;The Blues Brothers;Action;John Landis;1980;133;0;8.00
2027-12-18;10:30;C.R.A.Z.Y.;Comedy;Jean-Marc Vallée;2005;129;12;6.50
2027-12-17;10:00;Primal Fear;Crime;Gregory Hoblit;1996;129;12;7.50
2027-12-16;15:00;Cape Fear;Drama;J. Lee Thompson;1962;106;12;8.00
2027-12-16;10:30;Shichinin no samurai;Action;Akira Kurosawa;1954;207;0;6.50
2027-12-15;16:00;American Psycho;Comedy;Mary Harron;2000;101;12;8.00
2027-12-15;13:30;The Others;Horror;Alejandro Amenábar;2001;101;12;8.00
2027-12-15;10:30;Blue Velvet;Drama;David Lynch;1986;120;12;7.50
2027-12-14;10:30;Fight Club;Drama;David Fincher;1999;139;12;6.50
2027-12-13;15:30;American Psycho;Comedy;Mary Harron;2000;101;12;6.50
2027-12-13;12:30;The Treasure of the Sierra Madre;Adventure;John Huston;1948;126;12;8.00
2027-12-13;10:00;Kurenai no buta;Animation;Hayao Miyazaki;1992;94;0;7.00
2027-12-12;18:00;Shichinin no samurai;Action;Akira Kurosawa;1954;207;0;8.50
2027-12-12;15:30;To Have and Have Not;Adventure;Howard Hawks;1944;100;6;8.00
2027-12-12;13:00;Withnail & I;Comedy;Bruce Robinson;1987;107;16;6.50
2027-12-12;10:30;The Maltese Falcon;Film-Noir;John Huston;1941;100;12;8.00
2027-12-11;19:00;Fight Club;Drama;David Fincher;1999;139;12;10.00
2027-12-11;16:30;Reservoir Dogs;Crime;Quentin Tarantino;1992;99;16;8.50
2027-12-11;12:30;Shichinin no samurai;Action;Akira Kurosawa;1954;207;0;8.50
2027-12-11;10:00;Eastern Promises;Action;David Cronenberg;2007;100;16;6.50
2027-12-10;13:00;To Have and Have Not;Adventure;Howard Hawks;1944;100;6;6.50
2027-12-10;10:30;Cape Fear;Drama;J. Lee Thompson;1962;106;12;7.00
2027-12-09;10:00;Star Trek II: The Wrath of Khan;Action;Nicholas Meyer;1982;113;0;8.00
2027-12-08;10:00;Blue Velvet;Drama;David Lynch;1986;120;12;6.50
2027-12-07;15:00;Lat sau san taam;Action;John Woo;1992;128;16;7.00
2027-12-07;12:30;Eastern Promises;Action;David Cronenberg;2007;100;16;6.50
2027-12-07;10:00;Withnail & I;Comedy;Bruce Robinson;1987;107;16;6.50
2027-12-06;15:00;American Psycho;Comedy;Mary Harron;2000;101;12;8.00
2027-12-06;12:30;The Maltese Falcon;Film-Noir;John Huston;1941;100;12;8.50
2027-12-06;10:00;Eastern Promises;Action;David Cronenberg;2007;100;16;7.00
2027-12-05;20:00;American Psycho;Comedy;Mary Harron;2000;101;12;8.50
2027-12-05;17:30;Jûbê ninpûchô;Animation;Yoshiaki Kawajiri;1993;94;12;8.50
2027-12-05;13:00;Giant;Drama;George Stevens;1956;201;0;8.50
2027-12-05;10:00;Mississippi Burning;Crime;Alan Parker;1988;128;12;8.00
2027-12-04;15:30;The Best Years of Our Lives;Drama;William Wyler;1946;170;12;6.50
2027-12-04;12:30;Lat sau san taam;Action;John Woo;1992;128;16;8.00
2027-12-04;10:00;Cape Fear;Drama;J. Lee Thompson;1962;106;12;8.00
2027-12-03;16:00;The Best Years of Our Lives;Drama;William Wyler;1946;170;12;8.50
2027-12-03;13:30;Jûbê ninpûchô;Animation;Yoshiaki Kawajiri;1993;94;12;7.50
2027-12-03;10:30;Cool Hand Luke;Crime;Stuart Rosenberg;1967;127;12;8.50
2027-12-02;10:30;Giant;Drama;George Stevens;1956;201;0;7.50
2027-12-01;14:00;Blue Velvet;Drama;David Lynch;1986;120;12;8.00
2027-12-01;10:00;The Best Years of Our Lives;Drama;William Wyler;1946;170;12;8.00
2027-11-30;13:30;Kurenai no buta;Animation;Hayao Miyazaki;1992;94;0;6.50
2027-11-30;10:30;Cool Hand Luke;Crime;Stuart Rosenberg;1967;127;12;7.50
2027-11-29;13:30;The Others;Horror;Alejandro Amenábar;2001;101;12;7.00
2027-11-29;10:00;The Best Years of Our Lives;Drama;William Wyler;1946;170;12;7.50
2027-11-28;16:00;Mississippi Burning;Crime;Alan Parker;1988;128;12;8.00
2027-11-28;13:00;The Blues Brothers;Action;John Landis;1980;133;0;8.00
2027-11-28;10:30;Festen;Drama;Thomas Vinterberg;1998;105;16;8.00
2027-11-27;20:00;Cool Hand Luke;Crime;Stuart Rosenberg;1967;127;12;10.00
2027-11-27;17:00;The Blues Brothers;Action;John Landis;1980;133;0;7.50
2027-11-27;13:30;The Best Years of Our Lives;Drama;William Wyler;1946;170;12;6.50
2027-11-27;10:30;The Blues Brothers;Action;John Landis;1980;133;0;8.00
2027-11-26;13:30;It Happened One Night;Comedy;Frank Capra;1934;105;12;8.00
2027-11-26;10:30;Sin City;Crime;Frank Miller;2005;124;12;6.50
2027-11-25;16:00;The Silence of the Lambs;Crime;Jonathan Demme;1991;118;12;6.50
2027-11-25;12:30;Tengoku to jigoku;Crime;Akira Kurosawa;1963;143;12;8.00
2027-11-25;10:00;It Happened One Night;Comedy;Frank Capra;1934;105;12;7.00
2027-11-24;16:00;The Ladykillers;Comedy;Alexander Mackendrick;1955;91;12;6.50
2027-11-24;13:30;Cape Fear;Drama;J. Lee Thompson;1962;106;12;7.50
2027-11-24;10:30;Aliens;Action;James Cameron;1986;137;0;8.00
2027-11-23;12:30;The Others;Horror;Alejandro Amenábar;2001;101;12;6.50
2027-11-23;10:00;Monsters, Inc.;Animation;Pete Docter;2001;92;0;6.50
2027-11-22;10:30;Jûbê ninpûchô;Animation;Yoshiaki Kawajiri;1993;94;12;7.50
2027-11-21;16:00;The Hurricane;Biography;Norman Jewison;1999;146;16;8.00
2027-11-21;13:00;Platoon;Drama;Oliver Stone;1986;120;12;8.50
2027-11-21;10:00;Cool Hand Luke;Crime;Stuart Rosenberg;1967;127;12;7.00
2027-11-20;20:30;Aliens;Action;James Cameron;1986;137;0;9.00
2027-11-20;18:00;Jules et Jim;Drama;François Truffaut;1962;105;12;10.00
2027-11-20;14:30;Close Encounters of the Third Kind;Drama;Steven Spielberg;1977;138;0;8.50
2027-11-20;10:30;The Best Years of Our Lives;Drama;William Wyler;1946;170;12;7.00
2027-11-19;10:00;The Hurricane;Biography;Norman Jewison;1999;146;16;8.50
2027-11-18;10:00;Scent of a Woman;Drama;Martin Brest;1992;156;12;7.00
2027-11-17;10:30;Giant;Drama;George Stevens;1956;201;0;7.50
2027-11-16;16:00;The Hurricane;Biography;Norman Jewison;1999;146;16;7.00
2027-11-16;13:00;Butch Cassidy and the Sundance Kid;Biography;George Roy Hill;1969;110;6;7.50
2027-11-16;10:30;The Others;Horror;Alejandro Amenábar;2001;101;12;8.00
2027-11-15;17:00;Monsters, Inc.;Animation;Pete Docter;2001;92;0;8.00
2027-11-15;14:00;The Long Goodbye;Comedy;Robert Altman;1973;112;12;7.00
2027-11-15;10:30;Fight Club;Drama;David Fincher;1999;139;12;8.00
2027-11-14;15:30;Platoon;Drama;Oliver Stone;1986;120;12;7.00
2027-11-14;12:30;Tengoku to jigoku;Crime;Akira Kurosawa;1963;143;12;7.50
2027-11-14;10:00;Back to the Future Part II;Adventure;Robert Zemeckis;1989;108;0;6.50
2027-11-13;18:30;Papurika;Animation;Satoshi Kon;2006;90;0;9.50
2027-11-13;16:00;Back to the Future Part II;Adventure;Robert Zemeckis;1989;108;0;7.50
2027-11-13;13:00;Platoon;Drama;Oliver Stone;1986;120;12;7.00
2027-11-13;10:30;Platoon;Drama;Oliver Stone;1986;120;12;7.50
2027-11-12;13:30;Blow;Biography;Ted Demme;2001;124;16;8.00
2027-11-12;10:00;Scent of a Woman;Drama;Martin Brest;1992;156;12;7.00
2027-11-11;13:00;Papurika;Animation;Satoshi Kon;2006;90;0;8.00
2027-11-11;10:30;Papurika;Animation;Satoshi Kon;2006;90;0;6.50
2027-11-10;10:30;Close Encounters of the Third Kind;Drama;Steven Spielberg;1977;138;0;8.00
2027-11-09;13:00;The Long Goodbye;Comedy;Robert Altman;1973;112;12;7.00
2027-11-09;10:00;Sin City;Crime;Frank Miller;2005;124;12;7.00
2027-11-08;13:00;Chinatown;Drama;Roman Polanski;1974;130;12;7.00
2027-11-08;10:30;Papurika;Animation;Satoshi Kon;2006;90;0;8.50
2027-11-07;15:00;Sherlock Jr.;Action;Buster Keaton;1924;45;12;6.50
2027-11-07;12:30;Annie Hall;Comedy;Woody Allen;1977;93;12;8.00
2027-11-07;10:00;Butch Cassidy and the Sundance Kid;Biography;George Roy Hill;1969;110;6;7.50
2027-11-06;19:30;Giant;Drama;George Stevens;1956;201;0;9.00
2027-11-06;16:00;Idi i smotri;Drama;Elem Klimov;1985;142;12;8.00
2027-11-06;13:00;Sin City;Crime;Frank Miller;2005;124;12;6.50
2027-11-06;10:00;Blow;Biography;Ted Demme;2001;124;16;7.50
2027-11-05;10:30;Back to the Future Part II;Adventure;Robert Zemeckis;1989;108;0;8.00
2027-11-04;10:30;Aliens;Action;James Cameron;1986;137;0;8.00
2027-11-03;10:30;Scent of a Woman;Drama;Martin Brest;1992;156;12;7.00
2027-11-02;13:30;Papurika;Animation;Satoshi Kon;2006;90;0;6.50
2027-11-02;10:30;Enemy at the Gates;Drama;Jean-Jacques Annaud;2001;131;12;7.00
2027-11-01;13:00;The Ladykillers;Comedy;Alexander Mackendrick;1955;91;12;8.00
2027-11-01;10:30;4 luni, 3 saptamâni si 2 zile;Drama;Cristian Mungiu;2007;113;12;8.50
2027-10-31;17:00;Sherlock Jr.;Action;Buster Keaton;1924;45;12;6.50
2027-10-31;14:00;Back to the Future Part II;Adventure;Robert Zemeckis;1989;108;0;6.50
2027-10-31;10:30;Scent of a Woman;Drama;Martin Brest;1992;156;12;6.50
2027-10-30;17:00;Monsters, Inc.;Animation;Pete Docter;2001;92;0;8.00
2027-10-30;14:00;Blow;Biography;Ted Demme;2001;124;16;8.50
2027-10-30;10:30;The Best Years of Our Lives;Drama;William Wyler;1946;170;12;7.50
2027-10-29;10:30;Annie Hall;Comedy;Woody Allen;1977;93;12;7.50
2027-10-28;15:00;Tengoku to jigoku;Crime;Akira Kurosawa;1963;143;12;7.50
2027-10-28;12:30;Ivanovo detstvo;Drama;Andrei Tarkovsky;1962;95;12;7.50
2027-10-28;10:00;The Ladykillers;Comedy;Alexander Mackendrick;1955;91;12;8.00
2027-10-27;10:30;Donnie Brasco;Biography;Mike Newell;1997;127;12;6.50
2027-10-26;10:00;Zelig;Comedy;Woody Allen;1983;79;6;8.50
2027-10-25;10:30;No Country for Old Men;Crime;Ethan Coen;2007;122;16;6.50
2027-10-24;19:30;Annie Hall;Comedy;Woody Allen;1977;93;12;9.50
2027-10-24;16:00;The Best Years of Our Lives;Drama;William Wyler;1946;170;12;8.00
2027-10-24;13:00;Butch Cassidy and the Sundance Kid;Biography;George Roy Hill;1969;110;6;7.00
2027-10-24;10:30;Butch Cassidy and the Sundance Kid;Biography;George Roy Hill;1969;110;6;8.50
2027-10-23;19:00;Adaptation.;Comedy;Spike Jonze;2002;115;16;8.50
2027-10-23;16:00;Blow;Biography;Ted Demme;2001;124;16;7.00
2027-10-23;13:00;No Country for Old Men;Crime;Ethan Coen;2007;122;16;6.50
2027-10-23;10:00;Platoon;Drama;Oliver Stone;1986;120;12;7.50
2027-10-22;10:00;Zelig;Comedy;Woody Allen;1983;79;6;7.50
2027-10-21;10:00;Adaptation.;Comedy;Spike Jonze;2002;115;16;7.50
2027-10-20;13:30;Chinatown;Drama;Roman Polanski;1974;130;12;8.00
2027-10-20;10:00;Aliens;Action;James Cameron;1986;137;0;6.50
2027-10-19;13:30;Monsters, Inc.;Animation;Pete Docter;2001;92;0;7.00
2027-10-19;10:30;Aliens;Action;James Cameron;1986;137;0;8.50
2027-10-18;10:30;The Best Years of Our Lives;Drama;William Wyler;1946;170;12;8.50
2027-10-17;16:00;Close Encounters of the Third Kind;Drama;Steven Spielberg;1977;138;0;8.00
2027-10-17;13:00;Back to the Future Part II;Adventure;Robert Zemeckis;1989;108;0;6.50
2027-10-17;10:30;Sunrise: A Song of Two Humans;Drama;F.W. Murnau;1927;94;12;7.50
2027-10-16;16:30;Platoon;Drama;Oliver Stone;1986;120;12;7.00
2027-10-16;13:30;Idi i smotri;Drama;Elem Klimov;1985;142;12;6.50
2027-10-16;10:30;Adaptation.;Comedy;Spike Jonze;2002;115;16;6.50
2027-10-15;13:00;Chinatown;Drama;Roman Polanski;1974;130;12;8.00
2027-10-15;10:00;Close Encounters of the Third Kind;Drama;Steven Spielberg;1977;138;0;6.50
2027-10-14;10:30;Sherlock Jr.;Action;Buster Keaton;1924;45;12;6.50
2027-10-13;13:00;Sunrise: A Song of Two Humans;Drama;F.W. Murnau;1927;94;12;7.50
2027-10-13;10:00;Close Encounters of the Third Kind;Drama;Steven Spielberg;1977;138;0;6.50
2027-10-12;13:30;Sunrise: A Song of Two Humans;Drama;F.W. Murnau;1927;94;12;8.00
2027-10-12;10:30;The Pianist;Biography;Roman Polanski;2002;150;16;7.00
2027-10-11;13:00;The Shop Around the Corner;Comedy;Ernst Lubitsch;1940;99;12;7.50
2027-10-11;10:00;The Lives of Others;Drama;Florian Henckel von Donnersmarck;2006;137;12;7.50
2027-10-10;17:30;Bound by Honor;Crime;Taylor Hackford;1993;180;16;7.50
2027-10-10;15:00;Falling Down;Action;Joel Schumacher;1993;113;16;7.00
2027-10-10;13:30;Sherlock Jr.;Action;Buster Keaton;1924;45;12;8.50
2027-10-10;10:30;Hauru no ugoku shiro;Animation;Hayao Miyazaki;2004;119;0;8.00
2027-10-09;16:00;Platoon;Drama;Oliver Stone;1986;120;12;6.50
2027-10-09;13:30;A Christmas Story;Comedy;Bob Clark;1983;93;0;7.50
2027-10-09;10:00;Amadeus;Biography;Milos Forman;1984;160;16;8.00
2027-10-08;10:00;Back to the Future Part II;Adventure;Robert Zemeckis;1989;108;0;6.50
2027-10-07;10:30;Close Encounters of the Third Kind;Drama;Steven Spielberg;1977;138;0;6.50
2027-10-06;14:00;As Good as It Gets;Comedy;James L. Brooks;1997;139;12;7.00
2027-10-06;10:30;Close Encounters of the Third Kind;Drama;Steven Spielberg;1977;138;0;7.00
2027-10-05;16:30;Black Hawk Down;Drama;Ridley Scott;2001;144;12;7.50
2027-10-05;14:00;Back to the Future Part II;Adventure;Robert Zemeckis;1989;108;0;8.50
2027-10-05;10:30;Black Hawk Down;Drama;Ridley Scott;2001;144;12;8.00
2027-10-04;10:30;Close Encounters of the Third Kind;Drama;Steven Spielberg;1977;138;0;6.50
2027-10-03;17:00;4 luni, 3 saptamâni si 2 zile;Drama;Cristian Mungiu;2007;113;12;7.00
2027-10-03;14:00;Falling Down;Action;Joel Schumacher;1993;113;16;7.00
2027-10-03;10:30;As Good as It Gets;Comedy;James L. Brooks;1997;139;12;8.00
2027-10-02;19:30;Persona;Drama;Ingmar Bergman;1966;85;12;9.00
2027-10-02;16:30;The Lives of Others;Drama;Florian Henckel von Donnersmarck;2006;137;12;8.50
2027-10-02;13:30;Falling Down;Action;Joel Schumacher;1993;113;16;8.50
2027-10-02;10:30;As Good as It Gets;Comedy;James L. Brooks;1997;139;12;8.00
2027-10-01;10:30;Back to the Future Part II;Adventure;Robert Zemeckis;1989;108;0;8.00
2027-09-30;13:30;Falling Down;Action;Joel Schumacher;1993;113;16;8.00
2027-09-30;10:30;The Lives of Others;Drama;Florian Henckel von Donnersmarck;2006;137;12;7.00
2027-09-29;10:00;The Lives of Others;Drama;Florian Henckel von Donnersmarck;2006;137;12;8.00
2027-09-28;13:00;The King of Comedy;Comedy;Martin Scorsese;1982;109;0;7.00
2027-09-28;10:00;Le notti di Cabiria;Drama;Federico Fellini;1957;110;12;7.00
2027-09-27;10:00;Donnie Brasco;Biography;Mike Newell;1997;127;12;7.00
2027-09-26;19:00;The King of Comedy;Comedy;Martin Scorsese;1982;109;0;9.50
2027-09-26;15:30;Boogie Nights;Drama;Paul Thomas Anderson;1997;155;16;7.00
2027-09-26;12:30;Sleepers;Crime;Barry Levinson;1996;147;12;6.50
2027-09-26;10:00;Le notti di Cabiria;Drama;Federico Fellini;1957;110;12;7.00
2027-09-25;15:30;Enemy at the Gates;Drama;Jean-Jacques Annaud;2001;131;12;7.50
2027-09-25;12:30;Happiness;Comedy;Todd Solondz;1998;134;12;8.50
2027-09-25;10:00;Trois couleurs: Blanc;Comedy;Krzysztof Kieslowski;1994;92;0;7.00
2027-09-24;10:30;Jûbê ninpûchô;Animation;Yoshiaki Kawajiri;1993;94;12;7.00
2027-09-23;14:30;Bronenosets Potemkin;Drama;Sergei M. Eisenstein;1925;75;12;7.50
2027-09-23;12:00;Trois couleurs: Blanc;Comedy;Krzysztof Kieslowski;1994;92;0;7.00
2027-09-23;10:00;Bronenosets Potemkin;Drama;Sergei M. Eisenstein;1925;75;12;7.50
2027-09-22;15:30;Toki o kakeru shôjo;Animation;Mamoru Hosoda;2006;98;0;8.00
2027-09-22;13:00;It Happened One Night;Comedy;Frank Capra;1934;105;12;6.50
2027-09-22;10:30;The Shop Around the Corner;Comedy;Ernst Lubitsch;1940;99;12;6.50
2027-09-21;10:00;The Lives of Others;Drama;Florian Henckel von Donnersmarck;2006;137;12;6.50
2027-09-20;15:00;Bronenosets Potemkin;Drama;Sergei M. Eisenstein;1925;75;12;8.50
2027-09-20;12:30;Sunrise: A Song of Two Humans;Drama;F.W. Murnau;1927;94;12;8.50
2027-09-20;10:00;Jûbê ninpûchô;Animation;Yoshiaki Kawajiri;1993;94;12;7.50
2027-09-19;17:00;Jûbê ninpûchô;Animation;Yoshiaki Kawajiri;1993;94;12;8.50
2027-09-19;14:30;Trois couleurs: Blanc;Comedy;Krzysztof Kieslowski;1994;92;0;8.00
2027-09-19;10:30;Bound by Honor;Crime;Taylor Hackford;1993;180;16;8.50
2027-09-18;18:30;The Shawshank Redemption;Drama;Frank Darabont;1994;142;12;10.00
2027-09-18;14:30;Kal Ho Naa Ho;Comedy;Nikkhil Advani;2003;186;0;8.50
2027-09-18;12:30;Persona;Drama;Ingmar Bergman;1966;85;12;7.50
2027-09-18;10:30;Persona;Drama;Ingmar Bergman;1966;85;12;8.50
2027-09-17;15:00;Persona;Drama;Ingmar Bergman;1966;85;12;6.50
2027-09-17;12:30;The King of Comedy;Comedy;Martin Scorsese;1982;109;0;7.50
2027-09-17;10:30;Bronenosets Potemkin;Drama;Sergei M. Eisenstein;1925;75;12;8.50
2027-09-16;10:00;The King of Comedy;Comedy;Martin Scorsese;1982;109;0;7.00
2027-09-15;16:30;The Shawshank Redemption;Drama;Frank Darabont;1994;142;12;8.00
2027-09-15;13:30;Falling Down;Action;Joel Schumacher;1993;113;16;7.50
2027-09-15;10:00;Amadeus;Biography;Milos Forman;1984;160;16;8.00
2027-09-14;17:00;Harry Potter and the Sorcerer's Stone;Adventure;Chris Columbus;2001;152;0;7.00
2027-09-14;14:00;Falling Down;Action;Joel Schumacher;1993;113;16;8.50
2027-09-14;10:00;Kal Ho Naa Ho;Comedy;Nikkhil Advani;2003;186;0;8.50
2027-09-13;10:00;Jeux d'enfants;Comedy;Yann Samuell;2003;93;16;8.00
2027-09-12;16:00;Memento;Mystery;Christopher Nolan;2000;113;12;7.50
2027-09-12;13:30;The Others;Horror;Alejandro Amenábar;2001;101;12;7.50
2027-09-12;10:30;The Shawshank Redemption;Drama;Frank Darabont;1994;142;12;8.50
2027-09-11;16:30;The Pianist;Biography;Roman Polanski;2002;150;16;7.50
2027-09-11;12:30;Barry Lyndon;Adventure;Stanley Kubrick;1975;185;6;8.00
2027-09-11;10:00;Toki o kakeru shôjo;Animation;Mamoru Hosoda;2006;98;0;8.50
2027-09-10;13:00;Falling Down;Action;Joel Schumacher;1993;113;16;8.50
2027-09-10;10:00;All That Jazz;Drama;Bob Fosse;1979;123;12;6.50
2027-09-09;17:30;Jûbê ninpûchô;Animation;Yoshiaki Kawajiri;1993;94;12;7.50
2027-09-09;13:30;Sholay;Action;Ramesh Sippy;1975;204;0;8.50
2027-09-09;10:30;The Treasure of the Sierra Madre;Adventure;John Huston;1948;126;12;8.00
2027-09-08;17:00;Sleepers;Crime;Barry Levinson;1996;147;12;8.00
2027-09-08;13:00;Swades: We, the People;Drama;Ashutosh Gowariker;2004;210;0;7.00
2027-09-08;10:30;Toki o kakeru shôjo;Animation;Mamoru Hosoda;2006;98;0;7.00
2027-09-07;15:30;Toki o kakeru shôjo;Animation;Mamoru Hosoda;2006;98;0;6.50
2027-09-07;12:30;Star Wars: Episode VI - Return of the Jedi;Action;Richard Marquand;1983;131;0;8.00
2027-09-07;10:00;Toki o kakeru shôjo;Animation;Mamoru Hosoda;2006;98;0;8.50
2027-09-06;13:00;All That Jazz;Drama;Bob Fosse;1979;123;12;6.50
2027-09-06;10:00;The Shawshank Redemption;Drama;Frank Darabont;1994;142;12;8.50
2027-09-05;21:30;Philadelphia;Drama;Jonathan Demme;1993;125;12;10.00
2027-09-05;18:00;The Killing Fields;Biography;Roland Joffé;1984;141;12;9.50
2027-09-05;14:30;My Fair Lady;Drama;George Cukor;1964;170;0;8.00
2027-09-05;10:30;Saving Private Ryan;Drama;Steven Spielberg;1998;169;16;6.50
2027-09-04;17:00;The Killing Fields;Biography;Roland Joffé;1984;141;12;8.50
2027-09-04;13:30;Fitzcarraldo;Adventure;Werner Herzog;1982;158;16;8.50
2027-09-04;10:30;All That Jazz;Drama;Bob Fosse;1979;123;12;8.00
2027-09-03;16:30;Shin seiki Evangelion Gekijô-ban: Air/Magokoro wo, kimi ni;Animation;Hideaki Anno;1997;87;12;6.50
2027-09-03;13:30;All That Jazz;Drama;Bob Fosse;1979;123;12;6.50
2027-09-03;10:30;The Illusionist;Drama;Neil Burger;2006;110;0;7.00
2027-09-02;10:30;Sholay;Action;Ramesh Sippy;1975;204;0;8.50
2027-09-01;10:30;The Game;Action;David Fincher;1997;129;12;7.50
2027-08-31;13:00;Kurenai no buta;Animation;Hayao Miyazaki;1992;94;0;7.00
2027-08-31;10:30;Jeux d'enfants;Comedy;Yann Samuell;2003;93;16;7.00
2027-08-30;10:30;The Killing Fields;Biography;Roland Joffé;1984;141;12;7.00
2027-08-29;20:30;Kal Ho Naa Ho;Comedy;Nikkhil Advani;2003;186;0;10.00
2027-08-29;17:00;Fitzcarraldo;Adventure;Werner Herzog;1982;158;16;8.50
2027-08-29;14:30;Le notti di Cabiria;Drama;Federico Fellini;1957;110;12;8.00
2027-08-29;10:00;Sholay;Action;Ramesh Sippy;1975;204;0;8.00
2027-08-28;16:00;My Fair Lady;Drama;George Cukor;1964;170;0;8.50
2027-08-28;13:30;The Illusionist;Drama;Neil Burger;2006;110;0;8.50
2027-08-28;10:30;Le notti di Cabiria;Drama;Federico Fellini;1957;110;12;7.50
2027-08-27;10:30;The Treasure of the Sierra Madre;Adventure;John Huston;1948;126;12;7.00
2027-08-26;17:00;Sen to Chihiro no kamikakushi;Animation;Hayao Miyazaki;2001;125;0;7.00
2027-08-26;14:00;Close Encounters of the Third Kind;Drama;Steven Spielberg;1977;138;0;6.50
2027-08-26;10:30;Saving Private Ryan;Drama;Steven Spielberg;1998;169;16;7.50
2027-08-25;15:30;Le notti di Cabiria;Drama;Federico Fellini;1957;110;12;6.50
2027-08-25;13:00;Jeux d'enfants;Comedy;Yann Samuell;2003;93;16;7.50
2027-08-25;10:30;The Sixth Sense;Drama;M. Night Shyamalan;1999;107;12;8.00
2027-08-24;13:00;The Treasure of the Sierra Madre;Adventure;John Huston;1948;126;12;6.50
2027-08-24;10:30;Zelig;Comedy;Woody Allen;1983;79;6;7.50
2027-08-23;13:00;Gone with the Wind;Drama;Victor Fleming;1939;238;0;6.50
2027-08-23;10:00;Lat sau san taam;Action;John Woo;1992;128;16;6.50
2027-08-22;16:30;Sholay;Action;Ramesh Sippy;1975;204;0;8.00
2027-08-22;14:00;The Others;Horror;Alejandro Amenábar;2001;101;12;7.50
2027-08-22;10:00;Kal Ho Naa Ho;Comedy;Nikkhil Advani;2003;186;0;8.50
2027-08-21;16:00;Swades: We, the People;Drama;Ashutosh Gowariker;2004;210;0;8.50
2027-08-21;13:00;All That Jazz;Drama;Bob Fosse;1979;123;12;6.50
2027-08-21;10:00;All That Jazz;Drama;Bob Fosse;1979;123;12;7.50
2027-08-20;10:00;Jeux d'enfants;Comedy;Yann Samuell;2003;93;16;6.50
2027-08-19;10:00;Amadeus;Biography;Milos Forman;1984;160;16;7.00
2027-08-18;10:00;Sholay;Action;Ramesh Sippy;1975;204;0;7.50
2027-08-17;15:30;Der Name der Rose;Crime;Jean-Jacques Annaud;1986;130;16;8.50
2027-08-17;13:00;Toki o kakeru shôjo;Animation;Mamoru Hosoda;2006;98;0;8.50
2027-08-17;10:00;The Treasure of the Sierra Madre;Adventure;John Huston;1948;126;12;8.50
2027-08-16;13:30;Jeux d'enfants;Comedy;Yann Samuell;2003;93;16;7.00
2027-08-16;10:30;Aliens;Action;James Cameron;1986;137;0;6.50
2027-08-15;18:00;The Killing Fields;Biography;Roland Joffé;1984;141;12;9.00
2027-08-15;15:00;8½;Drama;Federico Fellini;1963;138;12;8.50
2027-08-15;10:30;Sholay;Action;Ramesh Sippy;1975;204;0;6.50
2027-08-14;16:30;Indiana Jones and the Last Crusade;Action;Steven Spielberg;1989;127;0;6.50
2027-08-14;13:00;Fitzcarraldo;Adventure;Werner Herzog;1982;158;16;8.50
2027-08-14;10:00;Planet of the Apes;Adventure;Franklin J. Schaffner;1968;112;0;8.00
2027-08-13;10:30;Fitzcarraldo;Adventure;Werner Herzog;1982;158;16;6.50
2027-08-12;10:30;Gone with the Wind;Drama;Victor Fleming;1939;238;0;7.50
2027-08-11;16:00;Sholay;Action;Ramesh Sippy;1975;204;0;6.50
2027-08-11;13:00;Lat sau san taam;Action;John Woo;1992;128;16;7.50
2027-08-11;10:00;Casino Royale;Action;Martin Campbell;2006;144;12;8.00
2027-08-10;15:30;Indiana Jones and the Last Crusade;Action;Steven Spielberg;1989;127;0;7.00
2027-08-10;12:30;Lat sau san taam;Action;John Woo;1992;128;16;8.50
2027-08-10;10:30;Once;Drama;John Carney;2007;86;16;7.00
2027-08-09;16:30;Planet of the Apes;Adventure;Franklin J. Schaffner;1968;112;0;6.50
2027-08-09;14:00;Once;Drama;John Carney;2007;86;16;7.50
2027-08-09;10:00;Barry Lyndon;Adventure;Stanley Kubrick;1975;185;6;8.00
2027-08-08;19:30;The Others;Horror;Alejandro Amenábar;2001;101;12;10.00
2027-08-08;16:00;Saving Private Ryan;Drama;Steven Spielberg;1998;169;16;8.50
2027-08-08;13:00;Sen to Chihiro no kamikakushi;Animation;Hayao Miyazaki;2001;125;0;7.50
2027-08-08;10:00;The Treasure of the Sierra Madre;Adventure;John Huston;1948;126;12;7.50
2027-08-07;19:30;The Gold Rush;Adventure;Charles Chaplin;1925;95;12;8.50
2027-08-07;17:00;Do lok tin si;Comedy;Kar-Wai Wong;1995;99;12;8.50
2027-08-07;13:30;Fitzcarraldo;Adventure;Werner Herzog;1982;158;16;7.50
2027-08-07;10:00;Kakushi-toride no san-akunin;Adventure;Akira Kurosawa;1958;139;12;6.50
2027-08-06;13:00;Barry Lyndon;Adventure;Stanley Kubrick;1975;185;6;8.00
2027-08-06;10:00;Sen to Chihiro no kamikakushi;Animation;Hayao Miyazaki;2001;125;0;7.50
2027-08-05;10:30;Aliens;Action;James Cameron;1986;137;0;7.00
2027-08-04;15:30;The Shawshank Redemption;Drama;Frank Darabont;1994;142;12;8.00
2027-08-04;13:00;The Gold Rush;Adventure;Charles Chaplin;1925;95;12;7.00
2027-08-04;10:00;Sen to Chihiro no kamikakushi;Animation;Hayao Miyazaki;2001;125;0;7.50
2027-08-03;16:30;Aliens;Action;James Cameron;1986;137;0;8.00
2027-08-03;13:30;The Killing Fields;Biography;Roland Joffé;1984;141;12;6.50
2027-08-03;10:30;Indiana Jones and the Last Crusade;Action;Steven Spielberg;1989;127;0;7.00
2027-08-02;10:30;The Muppet Movie;Adventure;James Frawley;1979;95;0;8.00
2027-08-01;18:00;Swades: We, the People;Drama;Ashutosh Gowariker;2004;210;0;9.00
2027-08-01;15:00;The Game;Action;David Fincher;1997;129;12;7.00
2027-08-01;10:00;Gone with the Wind;Drama;Victor Fleming;1939;238;0;7.50
2027-07-31;19:30;The Game;Action;David Fincher;1997;129;12;9.00
2027-07-31;16:30;The Game;Action;David Fincher;1997;129;12;8.00
2027-07-31;13:00;Fitzcarraldo;Adventure;Werner Herzog;1982;158;16;7.00
2027-07-31;10:30;Finding Neverland;Biography;Marc Forster;2004;106;0;8.50
2027-07-30;16:00;Aliens;Action;James Cameron;1986;137;0;8.00
2027-07-30;13:00;Interstate 60: Episodes of the Road;Adventure;Bob Gale;2002;116;16;7.50
2027-07-30;10:00;Control;Biography;Anton Corbijn;2007;122;16;8.50
2027-07-29;10:30;The Illusionist;Drama;Neil Burger;2006;110;0;6.50
2027-07-28;16:00;Star Wars: Episode VI - Return of the Jedi;Action;Richard Marquand;1983;131;0;7.50
2027-07-28;13:00;Interstate 60: Episodes of the Road;Adventure;Bob Gale;2002;116;16;7.50
2027-07-28;10:30;Finding Neverland;Biography;Marc Forster;2004;106;0;7.50
2027-07-27;10:00;Star Wars: Episode VI - Return of the Jedi;Action;Richard Marquand;1983;131;0;8.00
2027-07-26;10:30;Philadelphia;Drama;Jonathan Demme;1993;125;12;6.50
2027-07-25;19:30;Le locataire;Drama;Roman Polanski;1976;126;16;8.50
2027-07-25;16:30;Interstate 60: Episodes of the Road;Adventure;Bob Gale;2002;116;16;8.00
2027-07-25;13:30;The Game;Action;David Fincher;1997;129;12;8.50
2027-07-25;10:30;The Shawshank Redemption;Drama;Frank Darabont;1994;142;12;7.50
2027-07-24;19:00;Kakushi-toride no san-akunin;Adventure;Akira Kurosawa;1958;139;12;10.00
2027-07-24;16:00;The Bridges of Madison County;Drama;Clint Eastwood;1995;135;12;8.00
2027-07-24;13:00;Kakushi-toride no san-akunin;Adventure;Akira Kurosawa;1958;139;12;8.50
2027-07-24;10:00;Le locataire;Drama;Roman Polanski;1976;126;16;8.50
2027-07-23;14:30;The Birds;Drama;Alfred Hitchcock;1963;119;12;7.00
2027-07-23;12:30;Zelig;Comedy;Woody Allen;1983;79;6;8.00
2027-07-23;10:00;Toy Story 2;Animation;John Lasseter;1999;92;0;8.00
2027-07-22;10:00;Batman Begins;Action;Christopher Nolan;2005;140;12;8.50
2027-07-21;16:30;The Birds;Drama;Alfred Hitchcock;1963;119;12;7.00
2027-07-21;13:30;Interstate 60: Episodes of the Road;Adventure;Bob Gale;2002;116;16;7.50
2027-07-21;10:30;The Game;Action;David Fincher;1997;129;12;8.50
2027-07-20;15:30;Stand by Me;Adventure;Rob Reiner;1986;89;0;6.50
2027-07-20;12:30;Close Encounters of the Third Kind;Drama;Steven Spielberg;1977;138;0;7.50
2027-07-20;10:00;Finding Nemo;Animation;Andrew Stanton;2003;100;0;8.00
2027-07-19;13:00;Zelig;Comedy;Woody Allen;1983;79;6;7.50
2027-07-19;10:00;Ed Wood;Biography;Tim Burton;1994;127;0;8.50
2027-07-18;17:00;Zelig;Comedy;Woody Allen;1983;79;6;7.50
2027-07-18;14:00;Rio Bravo;Action;Howard Hawks;1959;141;12;8.00
2027-07-18;10:00;Barry Lyndon;Adventure;Stanley Kubrick;1975;185;6;6.50
2027-07-17;19:00;Planet of the Apes;Adventure;Franklin J. Schaffner;1968;112;0;10.00
2027-07-17;16:00;The Shawshank Redemption;Drama;Frank Darabont;1994;142;12;8.50
2027-07-17;13:00;Casino Royale;Action;Martin Campbell;2006;144;12;7.50
2027-07-17;10:00;Le locataire;Drama;Roman Polanski;1976;126;16;6.50
2027-07-16;10:30;Blazing Saddles;Comedy;Mel Brooks;1974;93;12;6.50
2027-07-15;12:30;Rocky;Drama;John G. Avildsen;1976;120;0;7.50
2027-07-15;10:00;Do lok tin si;Comedy;Kar-Wai Wong;1995;99;12;8.50
2027-07-14;10:30;Control;Biography;Anton Corbijn;2007;122;16;8.00
2027-07-13;10:00;The Great Dictator;Comedy;Charles Chaplin;1940;125;12;8.50
2027-07-12;13:00;Ladri di biciclette;Drama;Vittorio De Sica;1948;89;12;8.50
2027-07-12;10:00;Close Encounters of the Third Kind;Drama;Steven Spielberg;1977;138;0;8.00
2027-07-11;18:30;The Great Dictator;Comedy;Charles Chaplin;1940;125;12;10.00
2027-07-11;16:00;Det sjunde inseglet;Drama;Ingmar Bergman;1957;96;12;7.50
2027-07-11;13:00;Rio Bravo;Action;Howard Hawks;1959;141;12;8.50
2027-07-11;10:30;Lock, Stock and Two Smoking Barrels;Action;Guy Ritchie;1998;107;12;7.00
2027-07-10;19:00;The Birds;Drama;Alfred Hitchcock;1963;119;12;9.50
2027-07-10;16:00;Fantasia;Animation;James Algar;1940;125;0;8.00
2027-07-10;13:00;Interstate 60: Episodes of the Road;Adventure;Bob Gale;2002;116;16;7.00
2027-07-10;10:00;Happiness;Comedy;Todd Solondz;1998;134;12;8.00
2027-07-09;16:30;Who's Afraid of Virginia Woolf?;Drama;Mike Nichols;1966;131;12;8.00
2027-07-09;13:30;Ikiru;Drama;Akira Kurosawa;1952;143;12;8.50
2027-07-09;10:00;Once Upon a Time in the West;Western;Sergio Leone;1968;165;0;8.00
2027-07-08;13:30;Gone with the Wind;Drama;Victor Fleming;1939;238;0;7.00
2027-07-08;10:30;Casino Royale;Action;Martin Campbell;2006;144;12;7.50
2027-07-07;16:00;Interstate 60: Episodes of the Road;Adventure;Bob Gale;2002;116;16;6.50
2027-07-07;13:00;The Birds;Drama;Alfred Hitchcock;1963;119;12;7.00
2027-07-07;10:00;The Bridges of Madison County;Drama;Clint Eastwood;1995;135;12;8.00
2027-07-06;10:00;Happiness;Comedy;Todd Solondz;1998;134;12;8.50
2027-07-05;13:30;American Gangster;Biography;Ridley Scott;2007;157;12;8.00
2027-07-05;10:30;Fantasia;Animation;James Algar;1940;125;0;7.00
2027-07-04;18:00;Match Point;Drama;Woody Allen;2005;124;16;10.00
2027-07-04;15:00;The Illusionist;Drama;Neil Burger;2006;110;0;7.50
2027-07-04;10:00;Gone with the Wind;Drama;Victor Fleming;1939;238;0;7.00
2027-07-03;19:00;Toy Story 2;Animation;John Lasseter;1999;92;0;8.50
2027-07-03;16:30;Stand by Me;Adventure;Rob Reiner;1986;89;0;6.50
2027-07-03;13:00;Once Upon a Time in the West;Western;Sergio Leone;1968;165;0;8.50
2027-07-03;10:00;Batman Begins;Action;Christopher Nolan;2005;140;12;8.50
2027-07-02;13:30;Serenity;Action;Joss Whedon;2005;119;12;8.50
2027-07-02;10:30;Match Point;Drama;Woody Allen;2005;124;16;6.50
2027-07-01;10:00;Rocky;Drama;John G. Avildsen;1976;120;0;8.50
2027-06-30;13:00;The Muppet Movie;Adventure;James Frawley;1979;95;0;6.50
2027-06-30;10:30;Gongdong gyeongbi guyeok JSA;Action;Chan-wook Park;2000;110;12;8.50
2027-06-29;13:00;The Illusionist;Drama;Neil Burger;2006;110;0;8.50
2027-06-29;10:00;The Killing Fields;Biography;Roland Joffé;1984;141;12;8.50
2027-06-28;16:00;The Muppet Christmas Carol;Comedy;Brian Henson;1992;85;0;8.00
2027-06-28;13:00;Sleepers;Crime;Barry Levinson;1996;147;12;7.00
2027-06-28;10:30;Hedwig and the Angry Inch;Comedy;John Cameron Mitchell;2001;95;16;7.50
2027-06-27;18:30;La montaña sagrada;Adventure;Alejandro Jodorowsky;1973;114;16;10.00
2027-06-27;15:00;American Gangster;Biography;Ridley Scott;2007;157;12;6.50
2027-06-27;12:00;The Great Dictator;Comedy;Charles Chaplin;1940;125;12;8.50
2027-06-27;10:00;Stand by Me;Adventure;Rob Reiner;1986;89;0;6.50
2027-06-26;19:30;The Great Dictator;Comedy;Charles Chaplin;1940;125;12;8.50
2027-06-26;16:30;Fantasia;Animation;James Algar;1940;125;0;8.00
2027-06-26;13:00;Once Upon a Time in the West;Western;Sergio Leone;1968;165;0;8.00
2027-06-26;10:00;Who's Afraid of Virginia Woolf?;Drama;Mike Nichols;1966;131;12;7.00
2027-06-25;10:30;Gongdong gyeongbi guyeok JSA;Action;Chan-wook Park;2000;110;12;7.50
2027-06-24;10:00;The Illusionist;Drama;Neil Burger;2006;110;0;7.50
2027-06-23;13:30;The Incredibles;Animation;Brad Bird;2004;115;0;7.00
2027-06-23;10:30;Match Point;Drama;Woody Allen;2005;124;16;7.00
2027-06-22;10:30;Enemy at the Gates;Drama;Jean-Jacques Annaud;2001;131;12;6.50
2027-06-21;13:00;Ladri di biciclette;Drama;Vittorio De Sica;1948;89;12;7.50
2027-06-21;10:30;Blazing Saddles;Comedy;Mel Brooks;1974;93;12;7.00
2027-06-20;18:30;Twelve Monkeys;Mystery;Terry Gilliam;1995;129;12;10.00
2027-06-20;15:30;Kakushi-toride no san-akunin;Adventure;Akira Kurosawa;1958;139;12;6.50
2027-06-20;13:00;Det sjunde inseglet;Drama;Ingmar Bergman;1957;96;12;6.50
2027-06-20;10:00;Ed Wood;Biography;Tim Burton;1994;127;0;7.50
2027-06-19;18:00;Lost in Translation;Comedy;Sofia Coppola;2003;102;12;9.50
2027-06-19;15:30;Hedwig and the Angry Inch;Comedy;John Cameron Mitchell;2001;95;16;7.00
2027-06-19;12:30;Happiness;Comedy;Todd Solondz;1998;134;12;7.00
2027-06-19;10:00;Blazing Saddles;Comedy;Mel Brooks;1974;93;12;7.00
2027-06-18;16:30;Happiness;Comedy;Todd Solondz;1998;134;12;7.50
2027-06-18;13:30;Rio Bravo;Action;Howard Hawks;1959;141;12;7.50
2027-06-18;10:30;The Great Dictator;Comedy;Charles Chaplin;1940;125;12;7.50
2027-06-17;14:00;Gattaca;Drama;Andrew Niccol;1997;106;12;7.50
2027-06-17;10:30;Munna Bhai M.B.B.S.;Comedy;Rajkumar Hirani;2003;156;0;7.00
2027-06-16;10:30;Lost in Translation;Comedy;Sofia Coppola;2003;102;12;8.00
2027-06-15;16:30;Tombstone;Action;George P. Cosmatos;1993;130;16;7.00
2027-06-15;12:30;The Thin Red Line;Drama;Terrence Malick;1998;170;12;7.00
2027-06-15;10:00;The Illusionist;Drama;Neil Burger;2006;110;0;7.00
2027-06-14;16:00;The Muppet Christmas Carol;Comedy;Brian Henson;1992;85;0;7.00
2027-06-14;13:00;The Incredibles;Animation;Brad Bird;2004;115;0;7.50
2027-06-14;10:00;Match Point;Drama;Woody Allen;2005;124;16;6.50
2027-06-13;16:30;Munna Bhai M.B.B.S.;Comedy;Rajkumar Hirani;2003;156;0;7.50
2027-06-13;14:00;The Muppet Christmas Carol;Comedy;Brian Henson;1992;85;0;8.50
2027-06-13;10:00;The Thin Red Line;Drama;Terrence Malick;1998;170;12;8.50
2027-06-12;18:00;The Illusionist;Drama;Neil Burger;2006;110;0;9.50
2027-06-12;15:30;Lock, Stock and Two Smoking Barrels;Action;Guy Ritchie;1998;107;12;8.50
2027-06-12;13:00;Gattaca;Drama;Andrew Niccol;1997;106;12;8.00
2027-06-12;10:00;Rocky;Drama;John G. Avildsen;1976;120;0;8.50
2027-06-11;10:30;Enemy at the Gates;Drama;Jean-Jacques Annaud;2001;131;12;8.50
2027-06-10;10:30;Match Point;Drama;Woody Allen;2005;124;16;7.00
2027-06-09;16:00;The Killing Fields;Biography;Roland Joffé;1984;141;12;7.50
2027-06-09;13:00;Enemy at the Gates;Drama;Jean-Jacques Annaud;2001;131;12;7.50
2027-06-09;10:30;Gattaca;Drama;Andrew Niccol;1997;106;12;7.50
2027-06-08;15:30;La montaña sagrada;Adventure;Alejandro Jodorowsky;1973;114;16;8.00
2027-06-08;13:00;Lost in Translation;Comedy;Sofia Coppola;2003;102;12;7.00
2027-06-08;10:00;Happiness;Comedy;Todd Solondz;1998;134;12;7.50
2027-06-07;16:00;La montaña sagrada;Adventure;Alejandro Jodorowsky;1973;114;16;7.50
2027-06-07;13:00;The Bridges of Madison County;Drama;Clint Eastwood;1995;135;12;6.50
2027-06-07;10:00;Happiness;Comedy;Todd Solondz;1998;134;12;8.00
2027-06-06;15:30;La haine;Crime;Mathieu Kassovitz;1995;98;12;8.00
2027-06-06;12:30;Who's Afraid of Virginia Woolf?;Drama;Mike Nichols;1966;131;12;7.00
2027-06-06;10:00;Hedwig and the Angry Inch;Comedy;John Cameron Mitchell;2001;95;16;8.00
2027-06-05;15:00;King Kong;Adventure;Merian C. Cooper;1933;100;12;7.00
2027-06-05;12:30;Dazed and Confused;Comedy;Richard Linklater;1993;102;0;6.50
2027-06-05;10:30;Stand by Me;Adventure;Rob Reiner;1986;89;0;7.00
2027-06-04;16:00;The Thin Red Line;Drama;Terrence Malick;1998;170;12;7.50
2027-06-04;13:00;Escape from Alcatraz;Action;Don Siegel;1979;112;12;7.50
2027-06-04;10:00;The Elephant Man;Biography;David Lynch;1980;124;12;8.50
2027-06-03;13:00;Happiness;Comedy;Todd Solondz;1998;134;12;6.50
2027-06-03;10:30;Det sjunde inseglet;Drama;Ingmar Bergman;1957;96;12;8.50
2027-06-02;16:30;Ikiru;Drama;Akira Kurosawa;1952;143;12;6.50
2027-06-02;14:00;Dazed and Confused;Comedy;Richard Linklater;1993;102;0;6.50
2027-06-02;10:30;The Thin Red Line;Drama;Terrence Malick;1998;170;12;7.50
2027-06-01;16:00;Ikiru;Drama;Akira Kurosawa;1952;143;12;8.50
2027-06-01;13:30;The Muppet Christmas Carol;Comedy;Brian Henson;1992;85;0;7.00
2027-06-01;10:00;Sleepers;Crime;Barry Levinson;1996;147;12;6.50
2027-05-31;13:00;Twelve Monkeys;Mystery;Terry Gilliam;1995;129;12;6.50
2027-05-31;10:00;Tropa de Elite;Action;José Padilha;2007;115;16;7.50
2027-05-30;16:00;Tropa de Elite;Action;José Padilha;2007;115;16;8.00
2027-05-30;13:30;First Blood;Action;Ted Kotcheff;1982;93;12;8.00
2027-05-30;10:30;Happiness;Comedy;Todd Solondz;1998;134;12;7.00
2027-05-29;18:30;North by Northwest;Adventure;Alfred Hitchcock;1959;136;0;8.50
2027-05-29;16:00;Lost in Translation;Comedy;Sofia Coppola;2003;102;12;8.50
2027-05-29;12:30;Munna Bhai M.B.B.S.;Comedy;Rajkumar Hirani;2003;156;0;8.50
2027-05-29;10:00;Gongdong gyeongbi guyeok JSA;Action;Chan-wook Park;2000;110;12;8.50
2027-05-28;13:00;Dazed and Confused;Comedy;Richard Linklater;1993;102;0;8.50
2027-05-28;10:30;Hedwig and the Angry Inch;Comedy;John Cameron Mitchell;2001;95;16;7.00
2027-05-27;12:30;Badlands;Action;Terrence Malick;1973;94;6;6.50
2027-05-27;10:00;Badlands;Action;Terrence Malick;1973;94;6;8.50
2027-05-26;13:00;Mystic River;Crime;Clint Eastwood;2003;138;12;7.00
2027-05-26;10:30;Le scaphandre et le papillon;Biography;Julian Schnabel;2007;112;12;7.00
2027-05-25;10:00;Kakushi-toride no san-akunin;Adventure;Akira Kurosawa;1958;139;12;7.00
2027-05-24;10:30;Who's Afraid of Virginia Woolf?;Drama;Mike Nichols;1966;131;12;7.00
2027-05-23;17:30;Heat;Crime;Michael Mann;1995;170;12;7.00
2027-05-23;14:00;The Last Samurai;Action;Edward Zwick;2003;154;12;8.00
2027-05-23;10:30;Cast Away;Adventure;Robert Zemeckis;2000;143;12;6.50
2027-05-22;16:30;First Blood;Action;Ted Kotcheff;1982;93;12;7.00
2027-05-22;13:00;Mystic River;Crime;Clint Eastwood;2003;138;12;6.50
2027-05-22;10:30;Snatch;Comedy;Guy Ritchie;2000;104;12;7.00
2027-05-21;12:30;Dazed and Confused;Comedy;Richard Linklater;1993;102;0;6.50
2027-05-21;10:00;Sunset Blvd.;Drama;Billy Wilder;1950;110;12;8.00
2027-05-20;15:30;Tombstone;Action;George P. Cosmatos;1993;130;16;6.50
2027-05-20;13:00;Tropa de Elite;Action;José Padilha;2007;115;16;7.00
2027-05-20;10:30;Dazed and Confused;Comedy;Richard Linklater;1993;102;0;7.00
2027-05-19;10:00;Braveheart;Biography;Mel Gibson;1995;178;12;6.50
2027-05-18;15:00;Gattaca;Drama;Andrew Niccol;1997;106;12;8.50
2027-05-18;12:30;Snatch;Comedy;Guy Ritchie;2000;104;12;8.50
2027-05-18;10:00;Badlands;Action;Terrence Malick;1973;94;6;7.00
2027-05-17;14:00;Brief Encounter;Drama;David Lean;1945;86;0;7.50
2027-05-17;10:00;The Lord of the Rings: The Two Towers;Action;Peter Jackson;2002;179;12;8.00
2027-05-16;18:30;First Blood;Action;Ted Kotcheff;1982;93;12;8.50
2027-05-16;16:00;King Kong;Adventure;Merian C. Cooper;1933;100;12;7.50
2027-05-16;13:00;All the President's Men;Biography;Alan J. Pakula;1976;138;0;6.50
2027-05-16;10:30;King Kong;Adventure;Merian C. Cooper;1933;100;12;8.50
2027-05-15;19:30;Tropa de Elite;Action;José Padilha;2007;115;16;9.50
2027-05-15;16:00;Heat;Crime;Michael Mann;1995;170;12;8.50
2027-05-15;13:30;La haine;Crime;Mathieu Kassovitz;1995;98;12;8.00
2027-05-15;10:00;Cast Away;Adventure;Robert Zemeckis;2000;143;12;7.00
2027-05-14;10:00;Twelve Monkeys;Mystery;Terry Gilliam;1995;129;12;7.50
2027-05-13;10:30;Mystic River;Crime;Clint Eastwood;2003;138;12;6.50
2027-05-12;10:00;All the President's Men;Biography;Alan J. Pakula;1976;138;0;8.50
2027-05-11;12:30;Rain Man;Drama;Barry Levinson;1988;133;0;8.00
2027-05-11;10:00;Fa yeung nin wah;Drama;Kar-Wai Wong;2000;98;0;7.00
2027-05-10;12:30;Dom za vesanje;Comedy;Emir Kusturica;1988;142;16;6.50
2027-05-10;10:00;First Blood;Action;Ted Kotcheff;1982;93;12;8.00
2027-05-09;20:00;Brief Encounter;Drama;David Lean;1945;86;0;9.50
2027-05-09;17:30;Dark City;Mystery;Alex Proyas;1998;100;12;8.00
2027-05-09;14:30;Dom za vesanje;Comedy;Emir Kusturica;1988;142;16;7.50
2027-05-09;10:30;Gandhi;Biography;Richard Attenborough;1982;191;0;7.50
2027-05-08;16:30;First Blood;Action;Ted Kotcheff;1982;93;12;7.50
2027-05-08;13:30;Vertigo;Mystery;Alfred Hitchcock;1958;128;12;8.50
2027-05-08;10:30;A Streetcar Named Desire;Drama;Elia Kazan;1951;122;12;8.00
2027-05-07;12:30;King Kong;Adventure;Merian C. Cooper;1933;100;12;8.00
2027-05-07;10:00;Escape from Alcatraz;Action;Don Siegel;1979;112;12;6.50
2027-05-06;16:00;Kakushi-toride no san-akunin;Adventure;Akira Kurosawa;1958;139;12;8.50
2027-05-06;13:00;Cabaret;Drama;Bob Fosse;1972;124;12;8.00
2027-05-06;10:00;The Great Dictator;Comedy;Charles Chaplin;1940;125;12;8.50
2027-05-05;10:00;Kakushi-toride no san-akunin;Adventure;Akira Kurosawa;1958;139;12;8.50
2027-05-04;10:30;Gandhi;Biography;Richard Attenborough;1982;191;0;6.50
2027-05-03;10:00;Jûbê ninpûchô;Animation;Yoshiaki Kawajiri;1993;94;12;6.50
2027-05-02;21:00;Badlands;Action;Terrence Malick;1973;94;6;8.50
2027-05-02;17:00;Gandhi;Biography;Richard Attenborough;1982;191;0;6.50
2027-05-02;13:00;Heat;Crime;Michael Mann;1995;170;12;7.00
2027-05-02;10:00;Seppuku;Action;Masaki Kobayashi;1962;133;12;7.50
2027-05-01;16:00;Snatch;Comedy;Guy Ritchie;2000;104;12;7.50
2027-05-01;13:30;La haine;Crime;Mathieu Kassovitz;1995;98;12;6.50
2027-05-01;10:00;Heat;Crime;Michael Mann;1995;170;12;7.00
2027-04-30;14:00;The Red Shoes;Drama;Michael Powell;1948;135;12;8.50
2027-04-30;10:00;The Right Stuff;Adventure;Philip Kaufman;1983;193;6;7.50
2027-04-29;14:30;Cast Away;Adventure;Robert Zemeckis;2000;143;12;8.00
2027-04-29;10:30;The Lord of the Rings: The Two Towers;Action;Peter Jackson;2002;179;12;7.00
2027-04-28;15:30;Duck Soup;Comedy;Leo McCarey;1933;69;12;8.50
2027-04-28;12:30;Cabaret;Drama;Bob Fosse;1972;124;12;7.50
2027-04-28;10:00;The Night of the Hunter;Crime;Charles Laughton;1955;92;12;8.00
2027-04-27;15:30;Dom za vesanje;Comedy;Emir Kusturica;1988;142;16;7.50
2027-04-27;13:00;Jûbê ninpûchô;Animation;Yoshiaki Kawajiri;1993;94;12;7.50
2027-04-27;10:30;Cowboy Bebop: Tengoku no tobira;Animation;Shin'ichirô Watanabe;2001;115;0;6.50
2027-04-26;15:00;Dà hóng denglong gaogao guà;Drama;Yimou Zhang;1991;125;6;8.00
2027-04-26;12:00;Escape from Alcatraz;Action;Don Siegel;1979;112;12;8.50
2027-04-26;10:00;Brief Encounter;Drama;David Lean;1945;86;0;7.50
2027-04-25;17:00;In a Lonely Place;Drama;Nicholas Ray;1950;94;12;7.50
2027-04-25;13:00;The Right Stuff;Adventure;Philip Kaufman;1983;193;6;8.50
2027-04-25;10:00;Kakushi-toride no san-akunin;Adventure;Akira Kurosawa;1958;139;12;8.00
2027-04-24;17:00;Million Dollar Baby;Drama;Clint Eastwood;2004;132;12;8.00
2027-04-24;14:00;Cowboy Bebop: Tengoku no tobira;Animation;Shin'ichirô Watanabe;2001;115;0;8.50
2027-04-24;10:00;La dolce vita;Comedy;Federico Fellini;1960;174;12;8.00
2027-04-23;15:30;The Lord of the Rings: The Two Towers;Action;Peter Jackson;2002;179;12;7.00
2027-04-23;13:00;Jûbê ninpûchô;Animation;Yoshiaki Kawajiri;1993;94;12;8.50
2027-04-23;10:30;In a Lonely Place;Drama;Nicholas Ray;1950;94;12;8.00
2027-04-22;10:30;Fa yeung nin wah;Drama;Kar-Wai Wong;2000;98;0;6.50
2027-04-21;10:30;Mystic River;Crime;Clint Eastwood;2003;138;12;8.00
2027-04-20;10:00;The Great Dictator;Comedy;Charles Chaplin;1940;125;12;7.50
2027-04-19;10:30;The Color Purple;Drama;Steven Spielberg;1985;154;0;6.50
2027-04-18;18:00;October Sky;Biography;Joe Johnston;1999;108;6;10.00
2027-04-18;15:30;In a Lonely Place;Drama;Nicholas Ray;1950;94;12;8.00
2027-04-18;13:00;Fa yeung nin wah;Drama;Kar-Wai Wong;2000;98;0;8.50
2027-04-18;10:30;Willy Wonka & the Chocolate Factory;Family;Mel Stuart;1971;100;0;8.50
2027-04-17;19:00;The Night of the Hunter;Crime;Charles Laughton;1955;92;12;10.00
2027-04-17;16:30;La haine;Crime;Mathieu Kassovitz;1995;98;12;8.00
2027-04-17;13:30;The Man Who Shot Liberty Valance;Drama;John Ford;1962;123;12;7.50
2027-04-17;10:30;Close Encounters of the Third Kind;Drama;Steven Spielberg;1977;138;0;8.50
2027-04-16;15:00;The Lord of the Rings: The Two Towers;Action;Peter Jackson;2002;179;12;8.00
2027-04-16;13:00;Brief Encounter;Drama;David Lean;1945;86;0;7.00
2027-04-16;10:00;Seppuku;Action;Masaki Kobayashi;1962;133;12;6.50
2027-04-15;15:30;The Last Samurai;Action;Edward Zwick;2003;154;12;8.50
2027-04-15;13:00;The Night of the Hunter;Crime;Charles Laughton;1955;92;12;7.00
2027-04-15;10:00;Mystic River;Crime;Clint Eastwood;2003;138;12;8.50
2027-04-14;13:00;October Sky;Biography;Joe Johnston;1999;108;6;6.50
2027-04-14;10:00;Cabaret;Drama;Bob Fosse;1972;124;12;7.50
2027-04-13;13:00;Lagaan: Once Upon a Time in India;Adventure;Ashutosh Gowariker;2001;224;0;8.50
2027-04-13;10:30;The Night of the Hunter;Crime;Charles Laughton;1955;92;12;7.50
2027-04-12;14:00;Willy Wonka & the Chocolate Factory;Family;Mel Stuart;1971;100;0;8.50
2027-04-12;10:30;The Last Samurai;Action;Edward Zwick;2003;154;12;6.50
2027-04-11;19:30;The Night of the Hunter;Crime;Charles Laughton;1955;92;12;8.50
2027-04-11;16:00;Kill Bill: Vol. 2;Action;Quentin Tarantino;2004;137;12;6.50
2027-04-11;13:00;Seppuku;Action;Masaki Kobayashi;1962;133;12;7.50
2027-04-11;10:00;La battaglia di Algeri;Drama;Gillo Pontecorvo;1966;121;12;8.50
2027-04-10;17:30;Persepolis;Animation;Vincent Paronnaud;2007;96;12;8.50
2027-04-10;14:30;Star Wars;Action;George Lucas;1977;121;12;8.00
2027-04-10;10:00;Lagaan: Once Upon a Time in India;Adventure;Ashutosh Gowariker;2001;224;0;8.50
2027-04-09;13:30;No Country for Old Men;Crime;Ethan Coen;2007;122;16;6.50
2027-04-09;10:30;Escape from Alcatraz;Action;Don Siegel;1979;112;12;8.50
2027-04-08;13:30;The Lord of the Rings: The Fellowship of the Ring;Action;Peter Jackson;2001;178;0;8.50
2027-04-08;10:00;The Lord of the Rings: The Fellowship of the Ring;Action;Peter Jackson;2001;178;0;8.50
2027-04-07;13:00;Dark City;Mystery;Alex Proyas;1998;100;12;7.00
2027-04-07;10:00;The Man Who Shot Liberty Valance;Drama;John Ford;1962;123;12;8.00
2027-04-06;10:00;October Sky;Biography;Joe Johnston;1999;108;6;6.50
2027-04-05;10:00;October Sky;Biography;Joe Johnston;1999;108;6;7.00
2027-04-04;19:00;Escape from Alcatraz;Action;Don Siegel;1979;112;12;10.00
2027-04-04;16:00;The Great Dictator;Comedy;Charles Chaplin;1940;125;12;8.50
2027-04-04;13:00;Star Wars;Action;George Lucas;1977;121;12;6.50
2027-04-04;10:00;Kill Bill: Vol. 2;Action;Quentin Tarantino;2004;137;12;7.50
2027-04-03;15:00;The Man Who Shot Liberty Valance;Drama;John Ford;1962;123;12;8.50
2027-04-03;12:30;Persepolis;Animation;Vincent Paronnaud;2007;96;12;8.00
2027-04-03;10:00;October Sky;Biography;Joe Johnston;1999;108;6;7.50
2027-04-02;16:00;Lagaan: Once Upon a Time in India;Adventure;Ashutosh Gowariker;2001;224;0;7.00
2027-04-02;13:00;Star Wars;Action;George Lucas;1977;121;12;7.50
2027-04-02;10:30;Cowboy Bebop: Tengoku no tobira;Animation;Shin'ichirô Watanabe;2001;115;0;7.50
2027-04-01;10:30;Star Wars;Action;George Lucas;1977;121;12;8.00
2027-03-31;13:00;Kaze no tani no Naushika;Animation;Hayao Miyazaki;1984;117;0;7.00
2027-03-31;10:00;Close Encounters of the Third Kind;Drama;Steven Spielberg;1977;138;0;6.50
2027-03-30;10:30;Willy Wonka & the Chocolate Factory;Family;Mel Stuart;1971;100;0;6.50
2027-03-29;16:30;Million Dollar Baby;Drama;Clint Eastwood;2004;132;12;6.50
2027-03-29;13:30;October Sky;Biography;Joe Johnston;1999;108;6;8.00
2027-03-29;10:30;The Goonies;Adventure;Richard Donner;1985;114;0;7.00
2027-03-28;16:30;Persepolis;Animation;Vincent Paronnaud;2007;96;12;7.50
2027-03-28;13:30;The Red Shoes;Drama;Michael Powell;1948;135;12;6.50
2027-03-28;10:00;Close Encounters of the Third Kind;Drama;Steven Spielberg;1977;138;0;8.50
2027-03-27;18:30;My Cousin Vinny;Comedy;Jonathan Lynn;1992;120;12;9.50
2027-03-27;15:30;The Red Shoes;Drama;Michael Powell;1948;135;12;6.50
2027-03-27;12:30;Raging Bull;Biography;Martin Scorsese;1980;129;12;6.50
2027-03-27;10:30;Duck Soup;Comedy;Leo McCarey;1933;69;12;7.50
2027-03-26;13:00;La dolce vita;Comedy;Federico Fellini;1960;174;12;8.50
2027-03-26;10:00;The Great Dictator;Comedy;Charles Chaplin;1940;125;12;8.00
2027-03-25;12:30;Kaze no tani no Naushika;Animation;Hayao Miyazaki;1984;117;0;7.50
2027-03-25;10:00;The Goonies;Adventure;Richard Donner;1985;114;0;8.50
2027-03-24;10:00;All the President's Men;Biography;Alan J. Pakula;1976;138;0;8.00
2027-03-23;13:30;Duck Soup;Comedy;Leo McCarey;1933;69;12;8.50
2027-03-23;10:30;The Silence of the Lambs;Crime;Jonathan Demme;1991;118;12;8.50
2027-03-22;18:00;The Red Shoes;Drama;Michael Powell;1948;135;12;9.00
2027-03-22;13:30;Lagaan: Once Upon a Time in India;Adventure;Ashutosh Gowariker;2001;224;0;7.00
2027-03-22;10:30;The Silence of the Lambs;Crime;Jonathan Demme;1991;118;12;8.50
2027-03-21;16:30;Kill Bill: Vol. 2;Action;Quentin Tarantino;2004;137;12;7.00
2027-03-21;13:30;Citizen Kane;Drama;Orson Welles;1941;119;12;6.50
2027-03-21;10:30;Gegen die Wand;Drama;Fatih Akin;2004;121;16;8.50
2027-03-20;17:30;Raging Bull;Biography;Martin Scorsese;1980;129;12;7.50
2027-03-20;13:30;The Right Stuff;Adventure;Philip Kaufman;1983;193;6;7.00
2027-03-20;10:30;Stalag 17;Comedy;Billy Wilder;1953;120;12;8.50
2027-03-19;16:00;The Lord of the Rings: The Fellowship of the Ring;Action;Peter Jackson;2001;178;0;8.00
2027-03-19;13:30;Toki o kakeru shôjo;Animation;Mamoru Hosoda;2006;98;0;7.50
2027-03-19;10:30;Star Wars: Episode VI - Return of the Jedi;Action;Richard Marquand;1983;131;0;6.50
2027-03-18;15:30;All the President's Men;Biography;Alan J. Pakula;1976;138;0;6.50
2027-03-18;12:30;Kill Bill: Vol. 2;Action;Quentin Tarantino;2004;137;12;7.00
2027-03-18;10:30;Duck Soup;Comedy;Leo McCarey;1933;69;12;7.00
2027-03-17;13:00;The Lord of the Rings: The Fellowship of the Ring;Action;Peter Jackson;2001;178;0;7.00
2027-03-17;10:30;In the Heat of the Night;Crime;Norman Jewison;1967;110;0;8.50
2027-03-16;15:30;Duck Soup;Comedy;Leo McCarey;1933;69;12;7.50
2027-03-16;12:30;All the President's Men;Biography;Alan J. Pakula;1976;138;0;8.00
2027-03-16;10:00;Persepolis;Animation;Vincent Paronnaud;2007;96;12;7.50
2027-03-15;14:00;La planète sauvage;Animation;René Laloux;1973;72;0;8.50
2027-03-15;10:30;The Lord of the Rings: The Fellowship of the Ring;Action;Peter Jackson;2001;178;0;8.50
2027-03-14;17:00;All the President's Men;Biography;Alan J. Pakula;1976;138;0;7.50
2027-03-14;13:00;La dolce vita;Comedy;Federico Fellini;1960;174;12;6.50
2027-03-14;10:00;Close Encounters of the Third Kind;Drama;Steven Spielberg;1977;138;0;8.00
2027-03-13;15:30;All the President's Men;Biography;Alan J. Pakula;1976;138;0;8.50
2027-03-13;12:30;Stalag 17;Comedy;Billy Wilder;1953;120;12;6.50
2027-03-13;10:30;Le dîner de cons;Comedy;Francis Veber;1998;80;12;8.00
2027-03-12;10:30;Toki o kakeru shôjo;Animation;Mamoru Hosoda;2006;98;0;8.50
2027-03-11;16:00;Taegukgi hwinalrimyeo;Action;Je-kyu Kang;2004;140;16;8.00
2027-03-11;13:30;Toki o kakeru shôjo;Animation;Mamoru Hosoda;2006;98;0;7.00
2027-03-11;10:00;Taegukgi hwinalrimyeo;Action;Je-kyu Kang;2004;140;16;6.50
2027-03-10;15:30;The Muppet Christmas Carol;Comedy;Brian Henson;1992;85;0;8.50
2027-03-10;13:00;Dial M for Murder;Crime;Alfred Hitchcock;1954;105;12;6.50
2027-03-10;10:30;Willy Wonka & the Chocolate Factory;Family;Mel Stuart;1971;100;0;7.00
2027-03-09;10:30;Escape from Alcatraz;Action;Don Siegel;1979;112;12;7.00
2027-03-08;15:00;Kaze no tani no Naushika;Animation;Hayao Miyazaki;1984;117;0;7.00
2027-03-08;13:00;La planète sauvage;Animation;René Laloux;1973;72;0;7.00
2027-03-08;10:30;Willy Wonka & the Chocolate Factory;Family;Mel Stuart;1971;100;0;8.50
2027-03-07;19:00;Dial M for Murder;Crime;Alfred Hitchcock;1954;105;12;8.50
2027-03-07;16:30;Life of Brian;Comedy;Terry Jones;1979;94;16;7.00
2027-03-07;13:30;The Goonies;Adventure;Richard Donner;1985;114;0;6.50
2027-03-07;10:30;La battaglia di Algeri;Drama;Gillo Pontecorvo;1966;121;12;7.00
2027-03-06;15:30;Hedwig and the Angry Inch;Comedy;John Cameron Mitchell;2001;95;16;7.50
2027-03-06;13:30;La planète sauvage;Animation;René Laloux;1973;72;0;7.50
2027-03-06;10:30;Stalag 17;Comedy;Billy Wilder;1953;120;12;8.50
2027-03-05;10:00;Misery;Drama;Rob Reiner;1990;107;16;8.50
2027-03-04;10:00;After Hours;Comedy;Martin Scorsese;1985;97;12;8.50
2027-03-03;15:00;Kill Bill: Vol. 2;Action;Quentin Tarantino;2004;137;12;8.00
2027-03-03;13:00;The Muppet Christmas Carol;Comedy;Brian Henson;1992;85;0;8.50
2027-03-03;10:00;The Terminator;Action;James Cameron;1984;107;12;7.50
2027-03-02;15:00;Glory;Biography;Edward Zwick;1989;122;16;7.50
2027-03-02;12:30;The Goonies;Adventure;Richard Donner;1985;114;0;7.00
2027-03-02;10:00;Hedwig and the Angry Inch;Comedy;John Cameron Mitchell;2001;95;16;6.50
2027-03-01;10:00;Willy Wonka & the Chocolate Factory;Family;Mel Stuart;1971;100;0;6.50
2027-02-28;19:00;The Lion King;Animation;Roger Allers;1994;88;0;10.00
2027-02-28;16:00;Inside Man;Crime;Spike Lee;2006;129;16;6.50
2027-02-28;13:00;Gegen die Wand;Drama;Fatih Akin;2004;121;16;7.50
2027-02-28;10:00;The Notebook;Drama;Nick Cassavetes;2004;123;12;8.00
2027-02-27;15:30;The Right Stuff;Adventure;Philip Kaufman;1983;193;6;7.00
2027-02-27;12:30;Brazil;Drama;Terry Gilliam;1985;132;0;8.00
2027-02-27;10:30;Le dîner de cons;Comedy;Francis Veber;1998;80;12;7.50
2027-02-26;12:30;In the Heat of the Night;Crime;Norman Jewison;1967;110;0;7.00
2027-02-26;10:00;The Gold Rush;Adventure;Charles Chaplin;1925;95;12;7.50
2027-02-25;10:00;Stardust;Adventure;Matthew Vaughn;2007;127;0;7.50
2027-02-24;10:00;The Jungle Book;Animation;Wolfgang Reitherman;1967;78;0;7.00
2027-02-23;16:00;The Outlaw Josey Wales;Western;Clint Eastwood;1976;135;12;8.00
2027-02-23;13:00;The Notebook;Drama;Nick Cassavetes;2004;123;12;6.50
2027-02-23;10:00;Glory;Biography;Edward Zwick;1989;122;16;7.00
2027-02-22;10:00;The Terminator;Action;James Cameron;1984;107;12;7.00
2027-02-21;18:30;Le dîner de cons;Comedy;Francis Veber;1998;80;12;10.00
2027-02-21;16:30;Le dîner de cons;Comedy;Francis Veber;1998;80;12;8.00
2027-02-21;13:30;Inside Man;Crime;Spike Lee;2006;129;16;7.50
2027-02-21;10:30;Gegen die Wand;Drama;Fatih Akin;2004;121;16;8.00
2027-02-20;19:30;La planète sauvage;Animation;René Laloux;1973;72;0;9.00
2027-02-20;17:00;Au revoir les enfants;Drama;Louis Malle;1987;104;0;8.00
2027-02-20;13:00;The Right Stuff;Adventure;Philip Kaufman;1983;193;6;6.50
2027-02-20;10:30;The Terminator;Action;James Cameron;1984;107;12;8.00
2027-02-19;12:30;The Right Stuff;Adventure;Philip Kaufman;1983;193;6;7.50
2027-02-19;10:00;The Terminator;Action;James Cameron;1984;107;12;8.00
2027-02-18;12:00;The Terminator;Action;James Cameron;1984;107;12;6.50
2027-02-18;10:00;Le dîner de cons;Comedy;Francis Veber;1998;80;12;8.50
2027-02-17;15:30;Glory;Biography;Edward Zwick;1989;122;16;6.50
2027-02-17;13:00;In the Heat of the Night;Crime;Norman Jewison;1967;110;0;8.00
2027-02-17;10:00;Stardust;Adventure;Matthew Vaughn;2007;127;0;6.50
2027-02-16;15:30;The Notebook;Drama;Nick Cassavetes;2004;123;12;6.50
2027-02-16;13:00;The Lion King;Animation;Roger Allers;1994;88;0;7.00
2027-02-16;10:00;Brazil;Drama;Terry Gilliam;1985;132;0;7.00
2027-02-15;15:30;Taegukgi hwinalrimyeo;Action;Je-kyu Kang;2004;140;16;7.00
2027-02-15;12:30;The Outlaw Josey Wales;Western;Clint Eastwood;1976;135;12;7.00
2027-02-15;10:00;Le dîner de cons;Comedy;Francis Veber;1998;80;12;8.00
2027-02-14;18:00;The Lion King;Animation;Roger Allers;1994;88;0;10.00
2027-02-14;15:00;My Cousin Vinny;Comedy;Jonathan Lynn;1992;120;12;8.00
2027-02-14;12:30;The Muppet Christmas Carol;Comedy;Brian Henson;1992;85;0;7.00
2027-02-14;10:00;The Gold Rush;Adventure;Charles Chaplin;1925;95;12;8.00
2027-02-13;17:30;The Lion King;Animation;Roger Allers;1994;88;0;8.00
2027-02-13;14:30;Taegukgi hwinalrimyeo;Action;Je-kyu Kang;2004;140;16;8.50
2027-02-13;12:00;My Cousin Vinny;Comedy;Jonathan Lynn;1992;120;12;6.50
2027-02-13;10:00;Le dîner de cons;Comedy;Francis Veber;1998;80;12;6.50
2027-02-12;17:00;The Notebook;Drama;Nick Cassavetes;2004;123;12;7.00
2027-02-12;14:00;The Fifth Element;Action;Luc Besson;1997;126;12;8.50
2027-02-12;10:00;The Right Stuff;Adventure;Philip Kaufman;1983;193;6;7.50
2027-02-11;13:00;Brazil;Drama;Terry Gilliam;1985;132;0;8.00
2027-02-11;10:30;The Odd Couple;Comedy;Gene Saks;1968;105;0;7.00
2027-02-10;12:30;Lawrence of Arabia;Adventure;David Lean;1962;228;0;6.50
2027-02-10;10:00;Hedwig and the Angry Inch;Comedy;John Cameron Mitchell;2001;95;16;8.50
2027-02-09;13:00;Nueve reinas;Crime;Fabián Bielinsky;2000;114;16;7.00
2027-02-09;10:00;One Flew Over the Cuckoo's Nest;Drama;Milos Forman;1975;133;12;8.00
2027-02-08;14:00;In the Heat of the Night;Crime;Norman Jewison;1967;110;0;6.50
2027-02-08;10:00;The Right Stuff;Adventure;Philip Kaufman;1983;193;6;7.00
2027-02-07;15:00;Taegukgi hwinalrimyeo;Action;Je-kyu Kang;2004;140;16;8.00
2027-02-07;12:30;The Lion King;Animation;Roger Allers;1994;88;0;8.50
2027-02-07;10:30;A Hard Day's Night;Comedy;Richard Lester;1964;87;0;6.50
2027-02-06;18:00;Hedwig and the Angry Inch;Comedy;John Cameron Mitchell;2001;95;16;8.50
2027-02-06;15:00;Gegen die Wand;Drama;Fatih Akin;2004;121;16;7.50
2027-02-06;10:30;Lawrence of Arabia;Adventure;David Lean;1962;228;0;7.00
2027-02-05;10:30;The Gold Rush;Adventure;Charles Chaplin;1925;95;12;7.50
2027-02-04;15:00;Lawrence of Arabia;Adventure;David Lean;1962;228;0;7.00
2027-02-04;12:30;Eastern Promises;Action;David Cronenberg;2007;100;16;7.50
2027-02-04;10:00;Au revoir les enfants;Drama;Louis Malle;1987;104;0;8.50
2027-02-03;14:30;Le dîner de cons;Comedy;Francis Veber;1998;80;12;8.00
2027-02-03;10:00;Lawrence of Arabia;Adventure;David Lean;1962;228;0;8.00
2027-02-02;13:30;Pirates of the Caribbean: The Curse of the Black Pearl;Action;Gore Verbinski;2003;143;12;7.00
2027-02-02;10:30;The Outlaw Josey Wales;Western;Clint Eastwood;1976;135;12;8.00
2027-02-01;10:00;Le dîner de cons;Comedy;Francis Veber;1998;80;12;8.00
2027-01-31;21:00;The Jungle Book;Animation;Wolfgang Reitherman;1967;78;0;8.50
2027-01-31;17:30;Ba wang bie ji;Drama;Kaige Chen;1993;171;16;8.00
2027-01-31;13:00;Lawrence of Arabia;Adventure;David Lean;1962;228;0;8.50
2027-01-31;10:00;Inside Man;Crime;Spike Lee;2006;129;16;8.00
2027-01-30;16:00;Chinatown;Drama;Roman Polanski;1974;130;12;8.00
2027-01-30;13:00;Chinatown;Drama;Roman Polanski;1974;130;12;8.50
2027-01-30;10:00;Gegen die Wand;Drama;Fatih Akin;2004;121;16;8.00
2027-01-29;12:30;Persona;Drama;Ingmar Bergman;1966;85;12;7.00
2027-01-29;10:00;Dial M for Murder;Crime;Alfred Hitchcock;1954;105;12;8.50
2027-01-28;15:00;Dial M for Murder;Crime;Alfred Hitchcock;1954;105;12;7.50
2027-01-28;12:30;The Gold Rush;Adventure;Charles Chaplin;1925;95;12;6.50
2027-01-28;10:00;Le dîner de cons;Comedy;Francis Veber;1998;80;12;8.00
2027-01-27;10:00;Stalker;Drama;Andrei Tarkovsky;1979;162;0;7.50
2027-01-26;12:00;Walk the Line;Biography;James Mangold;2005;136;12;8.00
2027-01-26;10:00;Toy Story;Animation;John Lasseter;1995;81;0;6.50
2027-01-25;10:00;The Notebook;Drama;Nick Cassavetes;2004;123;12;6.50
2027-01-24;18:30;The Notebook;Drama;Nick Cassavetes;2004;123;12;10.00
2027-01-24;15:30;The Fifth Element;Action;Luc Besson;1997;126;12;6.50
2027-01-24;12:30;Inside Man;Crime;Spike Lee;2006;129;16;6.50
2027-01-24;10:00;Toy Story;Animation;John Lasseter;1995;81;0;8.00
2027-01-23;16:30;Hera Pheri;Action;Priyadarshan;2000;156;0;8.50
2027-01-23;12:30;The Right Stuff;Adventure;Philip Kaufman;1983;193;6;7.50
2027-01-23;10:30;The Jungle Book;Animation;Wolfgang Reitherman;1967;78;0;6.50
2027-01-22;12:30;Kung fu;Action;Stephen Chow;2004;99;12;8.00
2027-01-22;10:00;The Gold Rush;Adventure;Charles Chaplin;1925;95;12;6.50
2027-01-21;10:00;Night of the Living Dead;Horror;George A. Romero;1968;96;12;6.50
2027-01-20;13:00;Hamlet;Drama;Kenneth Branagh;1996;242;12;6.50
2027-01-20;10:30;Sunrise: A Song of Two Humans;Drama;F.W. Murnau;1927;94;12;6.50
2027-01-19;15:30;The Notebook;Drama;Nick Cassavetes;2004;123;12;7.50
2027-01-19;13:00;Au revoir les enfants;Drama;Louis Malle;1987;104;0;7.50
2027-01-19;10:00;The Notebook;Drama;Nick Cassavetes;2004;123;12;7.00
2027-01-18;16:30;The Gold Rush;Adventure;Charles Chaplin;1925;95;12;6.50
2027-01-18;13:30;The Notebook;Drama;Nick Cassavetes;2004;123;12;7.00
2027-01-18;10:30;The Fifth Element;Action;Luc Besson;1997;126;12;8.00
2027-01-17;16:00;Kung fu;Action;Stephen Chow;2004;99;12;8.00
2027-01-17;12:30;Hera Pheri;Action;Priyadarshan;2000;156;0;8.50
2027-01-17;10:00;Donnie Darko;Drama;Richard Kelly;2001;113;16;6.50
2027-01-16;18:00;Night of the Living Dead;Horror;George A. Romero;1968;96;12;10.00
2027-01-16;15:30;Dark City;Mystery;Alex Proyas;1998;100;12;7.50
2027-01-16;12:30;The Notebook;Drama;Nick Cassavetes;2004;123;12;8.50
2027-01-16;10:00;After Hours;Comedy;Martin Scorsese;1985;97;12;7.00
2027-01-15;10:00;One Flew Over the Cuckoo's Nest;Drama;Milos Forman;1975;133;12;7.00
2027-01-14;13:30;Hamlet;Drama;Kenneth Branagh;1996;242;12;8.50
2027-01-14;10:30;The Notebook;Drama;Nick Cassavetes;2004;123;12;6.50
2027-01-13;13:00;His Girl Friday;Comedy;Howard Hawks;1940;92;12;7.50
2027-01-13;10:00;Pirates of the Caribbean: The Curse of the Black Pearl;Action;Gore Verbinski;2003;143;12;6.50
2027-01-12;10:30;A Hard Day's Night;Comedy;Richard Lester;1964;87;0;8.50
2027-01-11;15:30;Pirates of the Caribbean: The Curse of the Black Pearl;Action;Gore Verbinski;2003;143;12;8.00
2027-01-11;12:30;The Fifth Element;Action;Luc Besson;1997;126;12;8.50
2027-01-11;10:00;Donnie Darko;Drama;Richard Kelly;2001;113;16;8.50
2027-01-10;18:00;The Big Lebowski;Comedy;Joel Coen;1998;117;16;9.00
2027-01-10;15:30;Sunrise: A Song of Two Humans;Drama;F.W. Murnau;1927;94;12;8.00
2027-01-10;13:00;Donnie Darko;Drama;Richard Kelly;2001;113;16;8.00
2027-01-10;10:30;Dark City;Mystery;Alex Proyas;1998;100;12;7.00
2027-01-09;16:00;Hamlet;Drama;Kenneth Branagh;1996;242;12;7.00
2027-01-09;13:00;Fantasia;Animation;James Algar;1940;125;0;7.00
2027-01-09;10:30;Dark City;Mystery;Alex Proyas;1998;100;12;8.00
2027-01-08;10:00;Nueve reinas;Crime;Fabián Bielinsky;2000;114;16;7.00
2027-01-07;15:30;The 39 Steps;Crime;Alfred Hitchcock;1935;86;12;7.00
2027-01-07;13:00;Nueve reinas;Crime;Fabián Bielinsky;2000;114;16;8.50
2027-01-07;10:30;Aguirre, der Zorn Gottes;Action;Werner Herzog;1972;95;12;8.00
2027-01-06;10:30;Det sjunde inseglet;Drama;Ingmar Bergman;1957;96;12;7.50
2027-01-05;10:30;Fantasia;Animation;James Algar;1940;125;0;6.50
2027-01-04;10:30;Pirates of the Caribbean: The Curse of the Black Pearl;Action;Gore Verbinski;2003;143;12;8.00
2027-01-03;18:00;Blow;Biography;Ted Demme;2001;124;16;9.50
2027-01-03;15:00;Nueve reinas;Crime;Fabián Bielinsky;2000;114;16;7.50
2027-01-03;12:30;High Noon;Drama;Fred Zinnemann;1952;85;6;8.00
2027-01-03;10:00;Adams æbler;Comedy;Anders Thomas Jensen;2005;94;16;7.00
2027-01-02;20:30;Tôkyô monogatari;Drama;Yasujirô Ozu;1953;136;0;9.50
2027-01-02;18:00;Eastern Promises;Action;David Cronenberg;2007;100;16;8.50
2027-01-02;14:00;Ba wang bie ji;Drama;Kaige Chen;1993;171;16;7.00
2027-01-02;10:30;Breaking the Waves;Drama;Lars von Trier;1996;159;16;8.00
2027-01-01;16:30;Adams æbler;Comedy;Anders Thomas Jensen;2005;94;16;7.50
2027-01-01;14:00;Nueve reinas;Crime;Fabián Bielinsky;2000;114;16;8.00
2027-01-01;10:30;Breaking the Waves;Drama;Lars von Trier;1996;159;16;7.00
2026-12-31;15:30;The Killing Fields;Biography;Roland Joffé;1984;141;12;8.50
2026-12-31;12:30;Pirates of the Caribbean: The Curse of the Black Pearl;Action;Gore Verbinski;2003;143;12;8.00
2026-12-31;10:00;Aguirre, der Zorn Gottes;Action;Werner Herzog;1972;95;12;7.00
2026-12-30;17:00;Pulp Fiction;Crime;Quentin Tarantino;1994;154;12;7.50
2026-12-30;14:00;One Flew Over the Cuckoo's Nest;Drama;Milos Forman;1975;133;12;8.50
2026-12-30;10:30;Breaking the Waves;Drama;Lars von Trier;1996;159;16;8.50
2026-12-29;13:00;Stalker;Drama;Andrei Tarkovsky;1979;162;0;8.00
2026-12-29;10:30;Kung fu;Action;Stephen Chow;2004;99;12;6.50
2026-12-28;15:30;The Day of the Jackal;Crime;Fred Zinnemann;1973;143;12;8.50
2026-12-28;12:30;Pirates of the Caribbean: The Curse of the Black Pearl;Action;Gore Verbinski;2003;143;12;7.00
2026-12-28;10:00;Sanjuro;Action;Akira Kurosawa;1962;96;0;6.50
2026-12-27;16:00;Kung fu;Action;Stephen Chow;2004;99;12;8.00
2026-12-27;13:00;Pirates of the Caribbean: The Curse of the Black Pearl;Action;Gore Verbinski;2003;143;12;7.00
2026-12-27;10:30;His Girl Friday;Comedy;Howard Hawks;1940;92;12;7.00
2026-12-26;16:00;Bringing Up Baby;Comedy;Howard Hawks;1938;102;12;8.50
2026-12-26;13:00;Rear Window;Mystery;Alfred Hitchcock;1954;112;0;8.50
2026-12-26;10:30;Harold and Maude;Comedy;Hal Ashby;1971;91;6;7.00
2026-12-25;15:30;Aguirre, der Zorn Gottes;Action;Werner Herzog;1972;95;12;7.00
2026-12-25;12:30;The Fifth Element;Action;Luc Besson;1997;126;12;6.50
2026-12-25;10:00;Planes, Trains & Automobiles;Comedy;John Hughes;1987;93;0;8.00
2026-12-24;10:00;The Little Mermaid;Animation;Ron Clements;1989;83;0;7.50
2026-12-23;10:30;Toy Story;Animation;John Lasseter;1995;81;0;7.50
2026-12-22;10:30;The Princess Bride;Adventure;Rob Reiner;1987;98;0;6.50
2026-12-21;15:30;Brazil;Drama;Terry Gilliam;1985;132;0;8.00
2026-12-21;13:00;The Princess Bride;Adventure;Rob Reiner;1987;98;0;7.50
2026-12-21;10:00;The Untouchables;Crime;Brian De Palma;1987;119;12;8.50
2026-12-20;16:30;The Untouchables;Crime;Brian De Palma;1987;119;12;7.00
2026-12-20;14:00;Le charme discret de la bourgeoisie;Comedy;Luis Buñuel;1972;102;6;8.50
2026-12-20;10:00;Giant;Drama;George Stevens;1956;201;0;6.50
2026-12-19;17:30;Giant;Drama;George Stevens;1956;201;0;6.50
2026-12-19;15:00;The Little Mermaid;Animation;Ron Clements;1989;83;0;7.00
2026-12-19;10:30;Once Upon a Time in America;Crime;Sergio Leone;1984;229;12;7.00
2026-12-18;16:30;Toy Story;Animation;John Lasseter;1995;81;0;6.50
2026-12-18;13:30;Tôkyô monogatari;Drama;Yasujirô Ozu;1953;136;0;7.00
2026-12-18;10:00;The Day of the Jackal;Crime;Fred Zinnemann;1973;143;12;8.50
2026-12-17;16:30;This Is England;Crime;Shane Meadows;2006;101;12;6.50
2026-12-17;13:30;Rear Window;Mystery;Alfred Hitchcock;1954;112;0;8.00
2026-12-17;10:30;The Untouchables;Crime;Brian De Palma;1987;119;12;8.00
2026-12-16;12:30;Stand by Me;Adventure;Rob Reiner;1986;89;0;7.50
2026-12-16;10:00;Det sjunde inseglet;Drama;Ingmar Bergman;1957;96;12;8.00
2026-12-15;10:00;Toy Story;Animation;John Lasseter;1995;81;0;8.50
2026-12-14;14:00;Sanjuro;Action;Akira Kurosawa;1962;96;0;8.00
2026-12-14;10:30;The Lives of Others;Drama;Florian Henckel von Donnersmarck;2006;137;12;6.50
2026-12-13;21:30;This Is England;Crime;Shane Meadows;2006;101;12;9.00
2026-12-13;18:00;Pulp Fiction;Crime;Quentin Tarantino;1994;154;12;10.00
2026-12-13;15:00;The Killing Fields;Biography;Roland Joffé;1984;141;12;8.00
2026-12-13;10:30;Once Upon a Time in America;Crime;Sergio Leone;1984;229;12;7.00
2026-12-12;15:30;The Little Mermaid;Animation;Ron Clements;1989;83;0;6.50
2026-12-12;12:30;Donnie Darko;Drama;Richard Kelly;2001;113;16;6.50
2026-12-12;10:00;Psycho;Horror;Alfred Hitchcock;1960;109;12;8.00
2026-12-11;10:00;The Little Mermaid;Animation;Ron Clements;1989;83;0;7.00
2026-12-10;16:30;Blow;Biography;Ted Demme;2001;124;16;8.50
2026-12-10;13:30;Das Experiment;Drama;Oliver Hirschbiegel;2001;120;16;8.50
2026-12-10;10:00;Stalker;Drama;Andrei Tarkovsky;1979;162;0;7.00
2026-12-09;15:30;Harry Potter and the Sorcerer's Stone;Adventure;Chris Columbus;2001;152;0;7.00
2026-12-09;13:00;The Lost Weekend;Drama;Billy Wilder;1945;101;12;7.00
2026-12-09;10:30;Hannah and Her Sisters;Comedy;Woody Allen;1986;107;12;7.50
2026-12-08;15:30;Stalker;Drama;Andrei Tarkovsky;1979;162;0;8.00
2026-12-08;13:00;Das Experiment;Drama;Oliver Hirschbiegel;2001;120;16;7.50
2026-12-08;10:00;Psycho;Horror;Alfred Hitchcock;1960;109;12;7.50
2026-12-07;12:30;Bringing Up Baby;Comedy;Howard Hawks;1938;102;12;8.00
2026-12-07;10:00;Stand by Me;Adventure;Rob Reiner;1986;89;0;8.50
2026-12-06;16:30;Once Upon a Time in America;Crime;Sergio Leone;1984;229;12;7.00
2026-12-06;13:00;The Day of the Jackal;Crime;Fred Zinnemann;1973;143;12;6.50
2026-12-06;10:00;Salinui chueok;Crime;Bong Joon Ho;2003;131;12;8.00
2026-12-05;17:00;Donnie Darko;Drama;Richard Kelly;2001;113;16;6.50
2026-12-05;14:30;Le charme discret de la bourgeoisie;Comedy;Luis Buñuel;1972;102;6;7.00
2026-12-05;10:00;Once Upon a Time in America;Crime;Sergio Leone;1984;229;12;6.50
2026-12-04;10:00;Breaking the Waves;Drama;Lars von Trier;1996;159;16;8.00
2026-12-03;10:00;Smultronstället;Drama;Ingmar Bergman;1957;91;0;7.00
2026-12-02;15:30;Notorious;Drama;Alfred Hitchcock;1946;102;0;8.00
2026-12-02;12:30;The Exorcist;Horror;William Friedkin;1973;122;12;6.50
2026-12-02;10:00;Aguirre, der Zorn Gottes;Action;Werner Herzog;1972;95;12;7.50
2026-12-01;12:30;Stand by Me;Adventure;Rob Reiner;1986;89;0;6.50
2026-12-01;10:00;Psycho;Horror;Alfred Hitchcock;1960;109;12;6.50
2026-11-30;12:30;Dawn of the Dead;Action;George A. Romero;1978;127;12;8.00
2026-11-30;10:00;Planes, Trains & Automobiles;Comedy;John Hughes;1987;93;0;7.00
2026-11-29;15:30;The Lost Weekend;Drama;Billy Wilder;1945;101;12;6.50
2026-11-29;13:00;Le charme discret de la bourgeoisie;Comedy;Luis Buñuel;1972;102;6;7.50
2026-11-29;10:30;Office Space;Comedy;Mike Judge;1999;89;16;6.50
2026-11-28;19:00;The Exorcist;Horror;William Friedkin;1973;122;12;8.50
2026-11-28;16:30;Shrek;Animation;Andrew Adamson;2001;90;0;7.00
2026-11-28;14:00;Shrek;Animation;Andrew Adamson;2001;90;0;8.50
2026-11-28;10:30;Breaking the Waves;Drama;Lars von Trier;1996;159;16;8.50
2026-11-27;10:00;Le charme discret de la bourgeoisie;Comedy;Luis Buñuel;1972;102;6;7.00
2026-11-26;10:30;Dogville;Crime;Lars von Trier;2003;178;16;7.50
2026-11-25;12:30;The Little Mermaid;Animation;Ron Clements;1989;83;0;8.50
2026-11-25;10:00;Sanjuro;Action;Akira Kurosawa;1962;96;0;7.00
2026-11-24;10:00;The Day of the Jackal;Crime;Fred Zinnemann;1973;143;12;6.50
2026-11-23;10:30;The Kid;Comedy;Charles Chaplin;1921;68;12;7.00
2026-11-22;16:30;Salinui chueok;Crime;Bong Joon Ho;2003;131;12;8.50
2026-11-22;13:30;The Killing Fields;Biography;Roland Joffé;1984;141;12;8.00
2026-11-22;10:00;Harry Potter and the Sorcerer's Stone;Adventure;Chris Columbus;2001;152;0;8.50
2026-11-21;16:30;Rang De Basanti;Comedy;Rakeysh Omprakash Mehra;2006;167;12;7.00
2026-11-21;13:30;L.A. Confidential;Crime;Curtis Hanson;1997;138;12;8.00
2026-11-21;10:30;Dead Man;Adventure;Jim Jarmusch;1995;121;16;7.00
2026-11-20;15:30;Once Upon a Time in America;Crime;Sergio Leone;1984;229;12;8.00
2026-11-20;13:00;Hana-bi;Crime;Takeshi Kitano;1997;103;12;7.00
2026-11-20;10:30;Sanjuro;Action;Akira Kurosawa;1962;96;0;6.50
2026-11-19;10:00;Gilda;Drama;Charles Vidor;1946;110;12;7.50
2026-11-18;12:30;The 39 Steps;Crime;Alfred Hitchcock;1935;86;12;7.50
2026-11-18;10:00;Double Indemnity;Crime;Billy Wilder;1944;107;12;8.50
2026-11-17;16:00;L.A. Confidential;Crime;Curtis Hanson;1997;138;12;7.50
2026-11-17;13:30;Trois couleurs: Bleu;Drama;Krzysztof Kieslowski;1993;94;0;8.50
2026-11-17;10:30;Dancer in the Dark;Crime;Lars von Trier;2000;140;0;8.00
2026-11-16;16:00;Shrek;Animation;Andrew Adamson;2001;90;0;8.50
2026-11-16;12:30;Giù la testa;Drama;Sergio Leone;1971;157;6;8.00
2026-11-16;10:30;Stand by Me;Adventure;Rob Reiner;1986;89;0;7.50
2026-11-15;15:30;Hana-bi;Crime;Takeshi Kitano;1997;103;12;7.00
2026-11-15;13:00;Shrek;Animation;Andrew Adamson;2001;90;0;8.00
2026-11-15;10:00;Goodfellas;Biography;Martin Scorsese;1990;146;12;6.50
2026-11-14;17:00;Goodfellas;Biography;Martin Scorsese;1990;146;12;8.50
2026-11-14;13:00;Dogville;Crime;Lars von Trier;2003;178;16;7.50
2026-11-14;10:30;Majo no takkyûbin;Animation;Hayao Miyazaki;1989;103;0;6.50
2026-11-13;12:30;Majo no takkyûbin;Animation;Hayao Miyazaki;1989;103;0;7.00
2026-11-13;10:00;Smultronstället;Drama;Ingmar Bergman;1957;91;0;6.50
2026-11-12;10:00;Dà hóng denglong gaogao guà;Drama;Yimou Zhang;1991;125;6;7.50
2026-11-11;10:30;Toy Story 2;Animation;John Lasseter;1999;92;0;7.00
2026-11-10;12:30;Dà hóng denglong gaogao guà;Drama;Yimou Zhang;1991;125;6;7.50
2026-11-10;10:00;The Station Agent;Comedy;Tom McCarthy;2003;89;16;6.50
2026-11-09;10:30;Gilda;Drama;Charles Vidor;1946;110;12;8.50
2026-11-08;18:00;Per un pugno di dollari;Action;Sergio Leone;1964;99;12;9.50
2026-11-08;14:30;Giù la testa;Drama;Sergio Leone;1971;157;6;6.50
2026-11-08;12:30;The 39 Steps;Crime;Alfred Hitchcock;1935;86;12;8.50
2026-11-08;10:00;The 39 Steps;Crime;Alfred Hitchcock;1935;86;12;8.00
2026-11-07;19:00;The King of Comedy;Comedy;Martin Scorsese;1982;109;0;9.50
2026-11-07;16:00;V for Vendetta;Action;James McTeigue;2005;132;12;7.50
2026-11-07;13:00;Brazil;Drama;Terry Gilliam;1985;132;0;7.50
2026-11-07;10:00;Dà hóng denglong gaogao guà;Drama;Yimou Zhang;1991;125;6;7.50
2026-11-06;15:00;Dancer in the Dark;Crime;Lars von Trier;2000;140;0;8.00
2026-11-06;12:30;The 39 Steps;Crime;Alfred Hitchcock;1935;86;12;8.00
2026-11-06;10:30;The Kid;Comedy;Charles Chaplin;1921;68;12;7.00
2026-11-05;10:00;Annie Hall;Comedy;Woody Allen;1977;93;12;8.50
2026-11-04;10:00;Dead Man;Adventure;Jim Jarmusch;1995;121;16;8.50
2026-11-03;10:00;Laura;Drama;Otto Preminger;1944;88;12;7.00
2026-11-02;13:00;Notorious;Drama;Alfred Hitchcock;1946;102;0;6.50
2026-11-02;10:30;Shrek;Animation;Andrew Adamson;2001;90;0;8.50
2026-11-01;18:30;Brazil;Drama;Terry Gilliam;1985;132;0;9.00
2026-11-01;16:00;Majo no takkyûbin;Animation;Hayao Miyazaki;1989;103;0;8.00
2026-11-01;13:00;Dead Man;Adventure;Jim Jarmusch;1995;121;16;8.50
2026-11-01;10:30;Shrek;Animation;Andrew Adamson;2001;90;0;8.00
2026-10-31;18:00;All About Eve;Drama;Joseph L. Mankiewicz;1950;138;12;9.00
2026-10-31;15:30;Toy Story 2;Animation;John Lasseter;1999;92;0;8.50
2026-10-31;13:00;Hana-bi;Crime;Takeshi Kitano;1997;103;12;6.50
2026-10-31;10:30;The Day the Earth Stood Still;Drama;Robert Wise;1951;92;0;8.50
2026-10-30;10:30;V for Vendetta;Action;James McTeigue;2005;132;12;7.00
2026-10-29;10:30;The Station Agent;Comedy;Tom McCarthy;2003;89;16;7.50
2026-10-28;10:30;Gilda;Drama;Charles Vidor;1946;110;12;8.50
2026-10-27;16:00;Dancer in the Dark;Crime;Lars von Trier;2000;140;0;7.50
2026-10-27;13:30;Toy Story 2;Animation;John Lasseter;1999;92;0;8.50
2026-10-27;10:30;Dip huet seung hung;Action;John Woo;1989;111;16;8.50
2026-10-26;16:30;Giù la testa;Drama;Sergio Leone;1971;157;6;8.00
2026-10-26;13:30;Blow;Biography;Ted Demme;2001;124;16;8.00
2026-10-26;10:30;Brazil;Drama;Terry Gilliam;1985;132;0;8.50
2026-10-25;15:00;Dancer in the Dark;Crime;Lars von Trier;2000;140;0;7.50
2026-10-25;12:30;Per un pugno di dollari;Action;Sergio Leone;1964;99;12;6.50
2026-10-25;10:00;Bacheha-Ye aseman;Drama;Majid Majidi;1997;89;6;8.00
2026-10-24;18:00;Notorious;Drama;Alfred Hitchcock;1946;102;0;9.00
2026-10-24;15:00;Star Trek II: The Wrath of Khan;Action;Nicholas Meyer;1982;113;0;8.00
2026-10-24;12:30;Notorious;Drama;Alfred Hitchcock;1946;102;0;7.50
2026-10-24;10:00;Majo no takkyûbin;Animation;Hayao Miyazaki;1989;103;0;8.50
2026-10-23;10:00;La leggenda del pianista sull'oceano;Drama;Giuseppe Tornatore;1998;169;0;7.50
2026-10-22;13:00;The King of Comedy;Comedy;Martin Scorsese;1982;109;0;7.50
2026-10-22;10:30;To Be or Not to Be;Comedy;Ernst Lubitsch;1942;99;12;8.00
2026-10-21;10:00;The Day the Earth Stood Still;Drama;Robert Wise;1951;92;0;8.50
2026-10-20;10:00;The Station Agent;Comedy;Tom McCarthy;2003;89;16;8.00
2026-10-19;10:00;8½;Drama;Federico Fellini;1963;138;12;8.00
2026-10-18;15:00;Bacheha-Ye aseman;Drama;Majid Majidi;1997;89;6;8.50
2026-10-18;12:00;L.A. Confidential;Crime;Curtis Hanson;1997;138;12;8.00
2026-10-18;10:00;Lola rennt;Crime;Tom Tykwer;1998;81;12;7.50
2026-10-17;19:00;Brazil;Drama;Terry Gilliam;1985;132;0;8.50
2026-10-17;16:00;Dancer in the Dark;Crime;Lars von Trier;2000;140;0;7.50
2026-10-17;13:00;8½;Drama;Federico Fellini;1963;138;12;7.50
2026-10-17;10:00;The Sting;Comedy;George Roy Hill;1973;129;0;8.50
2026-10-16;12:30;Donnie Darko;Drama;Richard Kelly;2001;113;16;6.50
2026-10-16;10:00;Majo no takkyûbin;Animation;Hayao Miyazaki;1989;103;0;8.50
2026-10-15;10:00;Bacheha-Ye aseman;Drama;Majid Majidi;1997;89;6;7.50
2026-10-14;15:30;Secrets & Lies;Comedy;Mike Leigh;1996;136;0;7.50
2026-10-14;13:00;Hana-bi;Crime;Takeshi Kitano;1997;103;12;7.00
2026-10-14;10:00;Efter brylluppet;Drama;Susanne Bier;2006;120;16;8.00
2026-10-13;13:00;Before Sunrise;Drama;Richard Linklater;1995;101;16;7.00
2026-10-13;10:00;All About Eve;Drama;Joseph L. Mankiewicz;1950;138;12;7.50
2026-10-12;16:00;What's Eating Gilbert Grape;Drama;Lasse Hallström;1993;118;0;7.50
2026-10-12;13:00;Dancer in the Dark;Crime;Lars von Trier;2000;140;0;6.50
2026-10-12;10:30;Aguirre, der Zorn Gottes;Action;Werner Herzog;1972;95;12;8.00
2026-10-11;18:30;Efter brylluppet;Drama;Susanne Bier;2006;120;16;8.50
2026-10-11;16:00;The Shop Around the Corner;Comedy;Ernst Lubitsch;1940;99;12;8.00
2026-10-11;13:30;To Be or Not to Be;Comedy;Ernst Lubitsch;1942;99;12;8.00
2026-10-11;10:00;Goodfellas;Biography;Martin Scorsese;1990;146;12;8.50
2026-10-10;18:00;The Station Agent;Comedy;Tom McCarthy;2003;89;16;9.00
2026-10-10;15:00;Goodfellas;Biography;Martin Scorsese;1990;146;12;8.00
2026-10-10;12:30;Bacheha-Ye aseman;Drama;Majid Majidi;1997;89;6;6.50
2026-10-10;10:00;Annie Hall;Comedy;Woody Allen;1977;93;12;8.50
2026-10-09;10:00;Brokeback Mountain;Drama;Ang Lee;2005;134;12;7.50
2026-10-08;12:30;The Sting;Comedy;George Roy Hill;1973;129;0;8.00
2026-10-08;10:00;Aguirre, der Zorn Gottes;Action;Werner Herzog;1972;95;12;8.00
2026-10-07;15:30;Secrets & Lies;Comedy;Mike Leigh;1996;136;0;8.50
2026-10-07;13:00;Aguirre, der Zorn Gottes;Action;Werner Herzog;1972;95;12;8.50
2026-10-07;10:00;Secrets & Lies;Comedy;Mike Leigh;1996;136;0;6.50
2026-10-06;14:30;Efter brylluppet;Drama;Susanne Bier;2006;120;16;7.00
2026-10-06;12:30;Lola rennt;Crime;Tom Tykwer;1998;81;12;7.00
2026-10-06;10:00;Kung fu;Action;Stephen Chow;2004;99;12;7.50
2026-10-05;10:30;Funny Games;Crime;Michael Haneke;1997;108;12;8.00
2026-10-04;16:00;Awakenings;Biography;Penny Marshall;1990;121;0;7.50
2026-10-04;13:00;Die Hard;Action;John McTiernan;1988;132;12;8.50
2026-10-04;10:30;To Be or Not to Be;Comedy;Ernst Lubitsch;1942;99;12;6.50
2026-10-03;18:00;The Sting;Comedy;George Roy Hill;1973;129;0;9.00
2026-10-03;15:00;Ed Wood;Biography;Tim Burton;1994;127;0;8.50
2026-10-03;12:30;O Brother, Where Art Thou?;Adventure;Joel Coen;2000;107;0;8.50
2026-10-03;10:00;Kung fu;Action;Stephen Chow;2004;99;12;7.00
2026-10-02;12:30;Brokeback Mountain;Drama;Ang Lee;2005;134;12;7.50
2026-10-02;10:00;The Night of the Hunter;Crime;Charles Laughton;1955;92;12;8.50
2026-10-01;14:00;Die Hard: With a Vengeance;Action;John McTiernan;1995;128;12;7.50
2026-10-01;10:00;La leggenda del pianista sull'oceano;Drama;Giuseppe Tornatore;1998;169;0;8.00
2026-09-30;10:00;Annie Hall;Comedy;Woody Allen;1977;93;12;6.50
2026-09-29;15:30;Die Hard;Action;John McTiernan;1988;132;12;8.00
2026-09-29;13:00;Aguirre, der Zorn Gottes;Action;Werner Herzog;1972;95;12;8.00
2026-09-29;10:00;Guess Who's Coming to Dinner;Comedy;Stanley Kramer;1967;108;12;7.00
2026-09-28;13:00;O Brother, Where Art Thou?;Adventure;Joel Coen;2000;107;0;6.50
2026-09-28;10:30;O Brother, Where Art Thou?;Adventure;Joel Coen;2000;107;0;8.50
2026-09-27;17:00;Once Were Warriors;Crime;Lee Tamahori;1994;102;12;8.00
2026-09-27;14:30;Laura;Drama;Otto Preminger;1944;88;12;7.00
2026-09-27;12:30;Lola rennt;Crime;Tom Tykwer;1998;81;12;8.00
2026-09-27;10:00;Brief Encounter;Drama;David Lean;1945;86;0;8.00
2026-09-26;18:00;Dead Man;Adventure;Jim Jarmusch;1995;121;16;10.00
2026-09-26;15:00;Witness for the Prosecution;Crime;Billy Wilder;1957;116;0;7.00
2026-09-26;12:30;To Be or Not to Be;Comedy;Ernst Lubitsch;1942;99;12;7.00
2026-09-26;10:00;The Night of the Hunter;Crime;Charles Laughton;1955;92;12;7.00
2026-09-25;15:30;Central do Brasil;Drama;Walter Salles;1998;110;16;8.00
2026-09-25;13:00;Brief Encounter;Drama;David Lean;1945;86;0;7.00
2026-09-25;10:30;Donnie Darko;Drama;Richard Kelly;2001;113;16;7.50
2026-09-24;13:00;Star Trek II: The Wrath of Khan;Action;Nicholas Meyer;1982;113;0;8.00
2026-09-24;10:30;Strangers on a Train;Crime;Alfred Hitchcock;1951;101;12;8.50
2026-09-23;13:00;Laura;Drama;Otto Preminger;1944;88;12;6.50
2026-09-23;10:00;V for Vendetta;Action;James McTeigue;2005;132;12;6.50
2026-09-22;10:30;Sholay;Action;Ramesh Sippy;1975;204;0;8.50
2026-09-21;12:30;Wo hu cang long;Action;Ang Lee;2000;120;12;7.00
2026-09-21;10:00;A Christmas Story;Comedy;Bob Clark;1983;93;0;7.50
2026-09-20;19:30;Funny Games;Crime;Michael Haneke;1997;108;12;10.00
2026-09-20;17:00;The Night of the Hunter;Crime;Charles Laughton;1955;92;12;8.50
2026-09-20;13:30;Paris, Texas;Drama;Wim Wenders;1984;145;0;8.50
2026-09-20;10:30;Efter brylluppet;Drama;Susanne Bier;2006;120;16;7.00
2026-09-19;20:00;Ed Wood;Biography;Tim Burton;1994;127;0;8.50
2026-09-19;17:00;Anand;Drama;Hrishikesh Mukherjee;1971;122;0;7.50
2026-09-19;14:00;Wo hu cang long;Action;Ang Lee;2000;120;12;7.00
2026-09-19;10:30;Stalker;Drama;Andrei Tarkovsky;1979;162;0;6.50
2026-09-18;10:00;A Christmas Story;Comedy;Bob Clark;1983;93;0;6.50
2026-09-17;13:00;Mad Max 2;Action;George Miller;1981;96;12;7.00
2026-09-17;10:30;No Man's Land;Comedy;Danis Tanovic;2001;98;16;6.50
2026-09-16;16:00;Ed Wood;Biography;Tim Burton;1994;127;0;8.00
2026-09-16;12:30;Once Upon a Time in the West;Western;Sergio Leone;1968;165;0;7.50
2026-09-16;10:00;Mad Max 2;Action;George Miller;1981;96;12;7.50
2026-09-15;16:30;Yeopgijeogin geunyeo;Comedy;Jae-young Kwak;2001;137;12;7.50
2026-09-15;13:30;Kumonosu-jô;Drama;Akira Kurosawa;1957;110;12;8.00
2026-09-15;10:30;Witness for the Prosecution;Crime;Billy Wilder;1957;116;0;8.50
2026-09-14;16:00;Star Wars;Action;George Lucas;1977;121;12;7.50
2026-09-14;13:30;Roman Holiday;Comedy;William Wyler;1953;118;12;7.00
2026-09-14;10:30;Efter brylluppet;Drama;Susanne Bier;2006;120;16;7.00
2026-09-13;20:00;Star Trek II: The Wrath of Khan;Action;Nicholas Meyer;1982;113;0;9.00
2026-09-13;16:30;Once Upon a Time in the West;Western;Sergio Leone;1968;165;0;8.00
2026-09-13;13:30;Blood Diamond;Adventure;Edward Zwick;2006;143;12;7.50
2026-09-13;10:00;Blood Diamond;Adventure;Edward Zwick;2006;143;12;7.00
2026-09-12;15:30;Sleuth;Mystery;Joseph L. Mankiewicz;1972;138;6;8.50
2026-09-12;13:00;The Station Agent;Comedy;Tom McCarthy;2003;89;16;8.50
2026-09-12;10:30;Funny Games;Crime;Michael Haneke;1997;108;12;7.00
2026-09-11;16:00;The Exorcist;Horror;William Friedkin;1973;122;12;7.50
2026-09-11;13:30;O Brother, Where Art Thou?;Adventure;Joel Coen;2000;107;0;7.00
2026-09-11;10:30;Star Trek II: The Wrath of Khan;Action;Nicholas Meyer;1982;113;0;8.50
2026-09-10;10:00;Once Upon a Time in the West;Western;Sergio Leone;1968;165;0;8.50
2026-09-09;13:00;O Brother, Where Art Thou?;Adventure;Joel Coen;2000;107;0;7.00
2026-09-09;10:00;Lat sau san taam;Action;John Woo;1992;128;16;7.50
2026-09-08;16:30;Stalag 17;Comedy;Billy Wilder;1953;120;12;8.50
2026-09-08;13:00;Yeopgijeogin geunyeo;Comedy;Jae-young Kwak;2001;137;12;6.50
2026-09-08;10:30;Guess Who's Coming to Dinner;Comedy;Stanley Kramer;1967;108;12;6.50
2026-09-07;13:30;Funny Games;Crime;Michael Haneke;1997;108;12;6.50
2026-09-07;10:00;Once Upon a Time in the West;Western;Sergio Leone;1968;165;0;8.50
2026-09-06;15:00;Guess Who's Coming to Dinner;Comedy;Stanley Kramer;1967;108;12;7.00
2026-09-06;12:30;The Night of the Hunter;Crime;Charles Laughton;1955;92;12;6.50
2026-09-06;10:00;Rope;Crime;Alfred Hitchcock;1948;80;12;8.00
2026-09-05;17:00;La Grande Illusion;Drama;Jean Renoir;1937;113;12;8.50
2026-09-05;13:30;Once Upon a Time in the West;Western;Sergio Leone;1968;165;0;7.00
2026-09-05;10:00;Once Upon a Time in the West;Western;Sergio Leone;1968;165;0;7.50
2026-09-04;12:30;Efter brylluppet;Drama;Susanne Bier;2006;120;16;8.00
2026-09-04;10:00;Once Were Warriors;Crime;Lee Tamahori;1994;102;12;8.50
2026-09-03;10:30;What Ever Happened to Baby Jane?;Drama;Robert Aldrich;1962;134;12;8.00
2026-09-02;10:00;Once Were Warriors;Crime;Lee Tamahori;1994;102;12;6.50
2026-09-01;10:00;Paris, Texas;Drama;Wim Wenders;1984;145;0;8.50
2026-08-31;12:00;Stalker;Drama;Andrei Tarkovsky;1979;162;0;7.50
2026-08-31;10:00;The Circus;Comedy;Charles Chaplin;1928;72;12;7.50
2026-08-30;15:00;V for Vendetta;Action;James McTeigue;2005;132;12;8.00
2026-08-30;12:30;The Truman Show;Comedy;Peter Weir;1998;103;0;7.50
2026-08-30;10:00;Funny Games;Crime;Michael Haneke;1997;108;12;6.50
2026-08-29;17:00;Kumonosu-jô;Drama;Akira Kurosawa;1957;110;12;8.00
2026-08-29;14:00;The Bourne Identity;Action;Doug Liman;2002;119;12;7.50
2026-08-29;10:00;The Right Stuff;Adventure;Philip Kaufman;1983;193;6;7.00
2026-08-28;10:30;The Color Purple;Drama;Steven Spielberg;1985;154;0;8.50
2026-08-27;15:30;Blood Diamond;Adventure;Edward Zwick;2006;143;12;6.50
2026-08-27;13:30;The General;Action;Clyde Bruckman;1926;67;12;6.50
2026-08-27;10:30;Lat sau san taam;Action;John Woo;1992;128;16;8.00
2026-08-26;10:30;The Notebook;Drama;Nick Cassavetes;2004;123;12;6.50
2026-08-25;15:30;Rope;Crime;Alfred Hitchcock;1948;80;12;7.00
2026-08-25;12:30;Stalag 17;Comedy;Billy Wilder;1953;120;12;7.00
2026-08-25;10:30;Zelig;Comedy;Woody Allen;1983;79;6;8.50
2026-08-24;10:00;Rope;Crime;Alfred Hitchcock;1948;80;12;8.50
2026-08-23;17:30;La Grande Illusion;Drama;Jean Renoir;1937;113;12;7.00
2026-08-23;15:00;The Station Agent;Comedy;Tom McCarthy;2003;89;16;6.50
2026-08-23;12:30;Central do Brasil;Drama;Walter Salles;1998;110;16;6.50
2026-08-23;10:30;The General;Action;Clyde Bruckman;1926;67;12;8.00
2026-08-22;19:00;Pride & Prejudice;Drama;Joe Wright;2005;129;6;9.00
2026-08-22;16:30;On the Waterfront;Crime;Elia Kazan;1954;108;12;7.50
2026-08-22;14:00;The Truman Show;Comedy;Peter Weir;1998;103;0;8.00
2026-08-22;10:30;The Color Purple;Drama;Steven Spielberg;1985;154;0;8.50
2026-08-21;17:00;Stalag 17;Comedy;Billy Wilder;1953;120;12;7.00
2026-08-21;14:30;Glengarry Glen Ross;Crime;James Foley;1992;100;16;7.00
2026-08-21;10:30;Judgment at Nuremberg;Drama;Stanley Kramer;1961;179;12;7.50
2026-08-20;10:00;The Color Purple;Drama;Steven Spielberg;1985;154;0;7.50
2026-08-19;12:30;Spoorloos;Mystery;George Sluizer;1988;107;12;7.00
2026-08-19;10:00;Harold and Maude;Comedy;Hal Ashby;1971;91;6;8.00
2026-08-18;13:30;The Game;Action;David Fincher;1997;129;12;6.50
2026-08-18;10:30;Sleuth;Mystery;Joseph L. Mankiewicz;1972;138;6;7.00
2026-08-17;15:00;Sleuth;Mystery;Joseph L. Mankiewicz;1972;138;6;6.50
2026-08-17;13:00;The Circus;Comedy;Charles Chaplin;1928;72;12;8.00
2026-08-17;10:00;The World's Fastest Indian;Biography;Roger Donaldson;2005;127;0;8.00
2026-08-16;20:00;The Game;Action;David Fincher;1997;129;12;9.00
2026-08-16;17:00;Roman Holiday;Comedy;William Wyler;1953;118;12;6.50
2026-08-16;13:30;Zwartboek;Drama;Paul Verhoeven;2006;145;16;8.50
2026-08-16;10:30;Blood Diamond;Adventure;Edward Zwick;2006;143;12;7.00
2026-08-15;15:30;Miracle on 34th Street;Comedy;George Seaton;1947;96;12;6.50
2026-08-15;13:00;Mad Max 2;Action;George Miller;1981;96;12;7.50
2026-08-15;10:30;Spoorloos;Mystery;George Sluizer;1988;107;12;7.50
2026-08-14;13:30;Kumonosu-jô;Drama;Akira Kurosawa;1957;110;12;8.00
2026-08-14;10:30;Awakenings;Biography;Penny Marshall;1990;121;0;8.00
2026-08-13;17:30;The Game;Action;David Fincher;1997;129;12;7.50
2026-08-13;13:30;Doctor Zhivago;Drama;David Lean;1965;197;12;8.50
2026-08-13;10:30;La battaglia di Algeri;Drama;Gillo Pontecorvo;1966;121;12;8.50
2026-08-12;17:00;Blood Diamond;Adventure;Edward Zwick;2006;143;12;7.00
2026-08-12;13:30;Zwartboek;Drama;Paul Verhoeven;2006;145;16;8.50
2026-08-12;10:30;Sleuth;Mystery;Joseph L. Mankiewicz;1972;138;6;7.00
2026-08-11;13:30;Star Wars;Action;George Lucas;1977;121;12;7.00
2026-08-11;10:00;The Wild Bunch;Action;Sam Peckinpah;1969;145;12;6.50
2026-08-10;10:30;Shadow of a Doubt;Film-Noir;Alfred Hitchcock;1943;108;6;7.50
2026-08-09;15:30;Being John Malkovich;Comedy;Spike Jonze;1999;113;16;8.50
2026-08-09;12:30;Roman Holiday;Comedy;William Wyler;1953;118;12;8.00
2026-08-09;10:30;Das Cabinet des Dr. Caligari;Fantasy;Robert Wiene;1920;76;12;8.00
2026-08-08;18:00;Being John Malkovich;Comedy;Spike Jonze;1999;113;16;8.50
2026-08-08;15:30;Being John Malkovich;Comedy;Spike Jonze;1999;113;16;7.50
2026-08-08;13:00;Glengarry Glen Ross;Crime;James Foley;1992;100;16;8.50
2026-08-08;10:00;Pride & Prejudice;Drama;Joe Wright;2005;129;6;6.50
2026-08-07;10:30;Badlands;Action;Terrence Malick;1973;94;6;8.50
2026-08-06;13:00;Delicatessen;Comedy;Marc Caro;1991;99;16;7.00
2026-08-06;10:30;On the Waterfront;Crime;Elia Kazan;1954;108;12;8.00
2026-08-05;15:00;Miracle on 34th Street;Comedy;George Seaton;1947;96;12;6.50
2026-08-05;12:30;À bout de souffle;Crime;Jean-Luc Godard;1960;90;0;7.50
2026-08-05;10:00;The Station Agent;Comedy;Tom McCarthy;2003;89;16;8.50
2026-08-04;10:30;Pride & Prejudice;Drama;Joe Wright;2005;129;6;8.50
2026-08-03;12:30;Roman Holiday;Comedy;William Wyler;1953;118;12;6.50
2026-08-03;10:00;Midnight Cowboy;Drama;John Schlesinger;1969;113;12;6.50
2026-08-02;16:00;No Man's Land;Comedy;Danis Tanovic;2001;98;16;6.50
2026-08-02;13:00;Awakenings;Biography;Penny Marshall;1990;121;0;7.50
2026-08-02;10:30;No Man's Land;Comedy;Danis Tanovic;2001;98;16;8.50
2026-08-01;17:00;Star Wars;Action;George Lucas;1977;121;12;6.50
2026-08-01;14:00;Awakenings;Biography;Penny Marshall;1990;121;0;7.00
2026-08-01;10:00;Doctor Zhivago;Drama;David Lean;1965;197;12;7.00
2026-07-31;10:00;Das Cabinet des Dr. Caligari;Fantasy;Robert Wiene;1920;76;12;8.00
2026-07-30;12:30;Miracle on 34th Street;Comedy;George Seaton;1947;96;12;7.50
2026-07-30;10:00;On the Waterfront;Crime;Elia Kazan;1954;108;12;8.50
2026-07-29;10:00;The Bridges of Madison County;Drama;Clint Eastwood;1995;135;12;7.50
2026-07-28;15:30;The World's Fastest Indian;Biography;Roger Donaldson;2005;127;0;6.50
2026-07-28;12:30;Being John Malkovich;Comedy;Spike Jonze;1999;113;16;7.50
2026-07-28;10:00;Das Cabinet des Dr. Caligari;Fantasy;Robert Wiene;1920;76;12;7.00
2026-07-27;10:30;The Wild Bunch;Action;Sam Peckinpah;1969;145;12;8.00
2026-07-26;19:00;Star Wars;Action;George Lucas;1977;121;12;8.50
2026-07-26;16:00;Awakenings;Biography;Penny Marshall;1990;121;0;6.50
2026-07-26;13:30;Badlands;Action;Terrence Malick;1973;94;6;8.00
2026-07-26;10:30;Pride & Prejudice;Drama;Joe Wright;2005;129;6;8.50
2026-07-25;15:30;Rebecca;Drama;Alfred Hitchcock;1940;130;12;8.50
2026-07-25;13:00;No Man's Land;Comedy;Danis Tanovic;2001;98;16;7.50
2026-07-25;10:00;Star Wars;Action;George Lucas;1977;121;12;7.50
2026-07-24;12:30;On the Waterfront;Crime;Elia Kazan;1954;108;12;6.50
2026-07-24;10:00;Manhattan;Comedy;Woody Allen;1979;96;16;7.00
2026-07-23;13:00;On the Waterfront;Crime;Elia Kazan;1954;108;12;6.50
2026-07-23;10:30;The Adventures of Robin Hood;Action;Michael Curtiz;1938;102;6;7.00
2026-07-22;13:30;Miracle on 34th Street;Comedy;George Seaton;1947;96;12;8.50
2026-07-22;10:30;The Bridges of Madison County;Drama;Clint Eastwood;1995;135;12;7.00
2026-07-21;13:30;Giant;Drama;George Stevens;1956;201;0;7.00
2026-07-21;10:30;The World's Fastest Indian;Biography;Roger Donaldson;2005;127;0;8.50
2026-07-20;14:00;Delicatessen;Comedy;Marc Caro;1991;99;16;8.50
2026-07-20;10:00;Doctor Zhivago;Drama;David Lean;1965;197;12;7.00
2026-07-19;15:30;The Circus;Comedy;Charles Chaplin;1928;72;12;6.50
2026-07-19;12:30;Unforgiven;Drama;Clint Eastwood;1992;130;12;6.50
2026-07-19;10:00;Tôkyô goddofâzâzu;Animation;Satoshi Kon;2003;90;12;8.00
2026-07-18;15:00;À bout de souffle;Crime;Jean-Luc Godard;1960;90;0;8.50
2026-07-18;12:30;Spoorloos;Mystery;George Sluizer;1988;107;12;7.50
2026-07-18;10:00;Tôkyô goddofâzâzu;Animation;Satoshi Kon;2003;90;12;7.00
2026-07-17;12:30;The World's Fastest Indian;Biography;Roger Donaldson;2005;127;0;8.50
2026-07-17;10:00;Badlands;Action;Terrence Malick;1973;94;6;8.00
2026-07-16;15:00;The World's Fastest Indian;Biography;Roger Donaldson;2005;127;0;8.50
2026-07-16;12:30;Funny Games;Crime;Michael Haneke;1997;108;12;7.00
2026-07-16;10:00;Spoorloos;Mystery;George Sluizer;1988;107;12;7.00
2026-07-15;16:30;Rebecca;Drama;Alfred Hitchcock;1940;130;12;7.00
2026-07-15;14:00;To Have and Have Not;Adventure;Howard Hawks;1944;100;6;7.50
2026-07-15;10:30;The Wild Bunch;Action;Sam Peckinpah;1969;145;12;7.50
2026-07-14;14:00;The World's Fastest Indian;Biography;Roger Donaldson;2005;127;0;7.00
2026-07-14;10:00;The Longest Day;Action;Ken Annakin;1962;178;0;8.00
2026-07-13;17:00;Heat;Crime;Michael Mann;1995;170;12;7.00
2026-07-13;12:30;Giant;Drama;George Stevens;1956;201;0;8.50
2026-07-13;10:00;The Graduate;Comedy;Mike Nichols;1967;106;12;6.50
2026-07-12;15:30;Manhattan;Comedy;Woody Allen;1979;96;16;8.00
2026-07-12;13:00;To Have and Have Not;Adventure;Howard Hawks;1944;100;6;7.00
2026-07-12;10:30;Trois couleurs: Blanc;Comedy;Krzysztof Kieslowski;1994;92;0;6.50
2026-07-11;16:30;Jungfrukällan;Drama;Ingmar Bergman;1960;89;12;7.50
2026-07-11;13:30;La battaglia di Algeri;Drama;Gillo Pontecorvo;1966;121;12;6.50
2026-07-11;10:30;La battaglia di Algeri;Drama;Gillo Pontecorvo;1966;121;12;7.00
2026-07-10;13:30;Cast Away;Adventure;Robert Zemeckis;2000;143;12;8.50
2026-07-10;10:30;The World's Fastest Indian;Biography;Roger Donaldson;2005;127;0;8.50
2026-07-09;16:00;Manhattan;Comedy;Woody Allen;1979;96;16;7.00
2026-07-09;13:30;Spoorloos;Mystery;George Sluizer;1988;107;12;7.00
2026-07-09;10:30;Kill Bill: Vol. 2;Action;Quentin Tarantino;2004;137;12;6.50
2026-07-08;10:30;Vizontele;Comedy;Yilmaz Erdogan;2001;110;12;6.50
2026-07-07;10:30;Funny Games;Crime;Michael Haneke;1997;108;12;8.00
2026-07-06;10:30;À bout de souffle;Crime;Jean-Luc Godard;1960;90;0;8.00
2026-07-05;16:00;Empire of the Sun;Action;Steven Spielberg;1987;153;0;8.00
2026-07-05;13:00;Fantasia;Animation;James Algar;1940;125;0;6.50
2026-07-05;10:00;La battaglia di Algeri;Drama;Gillo Pontecorvo;1966;121;12;7.00
2026-07-04;19:00;Spoorloos;Mystery;George Sluizer;1988;107;12;9.00
2026-07-04;16:00;Cast Away;Adventure;Robert Zemeckis;2000;143;12;7.50
2026-07-04;13:00;Apocalypto;Action;Mel Gibson;2006;139;12;7.00
2026-07-04;10:30;Spoorloos;Mystery;George Sluizer;1988;107;12;8.50
2026-07-03;10:30;The World's Fastest Indian;Biography;Roger Donaldson;2005;127;0;6.50
2026-07-02;10:00;Kal Ho Naa Ho;Comedy;Nikkhil Advani;2003;186;0;8.50
2026-07-01;10:00;À bout de souffle;Crime;Jean-Luc Godard;1960;90;0;7.50
2026-06-30;16:00;Jungfrukällan;Drama;Ingmar Bergman;1960;89;12;7.50
2026-06-30;13:00;Funny Games;Crime;Michael Haneke;1997;108;12;8.50
2026-06-30;10:00;Rebecca;Drama;Alfred Hitchcock;1940;130;12;7.00
2026-06-29;13:30;What's Eating Gilbert Grape;Drama;Lasse Hallström;1993;118;0;7.50
2026-06-29;10:30;Omohide poro poro;Animation;Isao Takahata;1991;118;0;8.50
2026-06-28;18:30;Apocalypto;Action;Mel Gibson;2006;139;12;9.50
2026-06-28;15:30;Fantasia;Animation;James Algar;1940;125;0;7.00
2026-06-28;13:00;In the Heat of the Night;Crime;Norman Jewison;1967;110;0;8.00
2026-06-28;10:30;Tôkyô goddofâzâzu;Animation;Satoshi Kon;2003;90;12;8.50
2026-06-27;16:00;To Have and Have Not;Adventure;Howard Hawks;1944;100;6;7.00
2026-06-27;13:30;To Have and Have Not;Adventure;Howard Hawks;1944;100;6;8.00
2026-06-27;10:30;Unforgiven;Drama;Clint Eastwood;1992;130;12;8.50
2026-06-26;14:00;Giant;Drama;George Stevens;1956;201;0;8.50
2026-06-26;10:30;Heat;Crime;Michael Mann;1995;170;12;8.00
2026-06-25;15:00;28 Days Later...;Drama;Danny Boyle;2002;113;12;8.00
2026-06-25;12:30;À bout de souffle;Crime;Jean-Luc Godard;1960;90;0;7.00
2026-06-25;10:00;Laura;Drama;Otto Preminger;1944;88;12;8.50
2026-06-24;15:00;Vizontele;Comedy;Yilmaz Erdogan;2001;110;12;8.00
2026-06-24;12:30;Trois couleurs: Blanc;Comedy;Krzysztof Kieslowski;1994;92;0;6.50
2026-06-24;10:00;The Graduate;Comedy;Mike Nichols;1967;106;12;7.00
2026-06-23;13:30;Unforgiven;Drama;Clint Eastwood;1992;130;12;8.50
2026-06-23;10:30;Anand;Drama;Hrishikesh Mukherjee;1971;122;0;8.00
2026-06-22;16:30;Laura;Drama;Otto Preminger;1944;88;12;8.00
2026-06-22;13:30;The Silence of the Lambs;Crime;Jonathan Demme;1991;118;12;6.50
2026-06-22;10:30;What's Eating Gilbert Grape;Drama;Lasse Hallström;1993;118;0;8.50
2026-06-21;17:30;Empire of the Sun;Action;Steven Spielberg;1987;153;0;6.50
2026-06-21;14:30;Rebecca;Drama;Alfred Hitchcock;1940;130;12;8.00
2026-06-21;12:00;Before Sunrise;Drama;Richard Linklater;1995;101;16;7.00
2026-06-21;10:00;Laura;Drama;Otto Preminger;1944;88;12;7.50
2026-06-20;15:30;Sling Blade;Drama;Billy Bob Thornton;1996;135;16;8.00
2026-06-20;13:00;Trois couleurs: Blanc;Comedy;Krzysztof Kieslowski;1994;92;0;8.00
2026-06-20;10:30;Tôkyô goddofâzâzu;Animation;Satoshi Kon;2003;90;12;7.00
2026-06-19;12:30;What's Eating Gilbert Grape;Drama;Lasse Hallström;1993;118;0;7.00
2026-06-19;10:00;Trois couleurs: Blanc;Comedy;Krzysztof Kieslowski;1994;92;0;8.00
2026-06-18;16:30;Jurassic Park;Action;Steven Spielberg;1993;127;12;8.00
2026-06-18;14:00;Strangers on a Train;Crime;Alfred Hitchcock;1951;101;12;6.50
2026-06-18;10:30;The Longest Day;Action;Ken Annakin;1962;178;0;7.50
2026-06-17;10:30;Anand;Drama;Hrishikesh Mukherjee;1971;122;0;7.00
2026-06-16;10:30;Trois couleurs: Blanc;Comedy;Krzysztof Kieslowski;1994;92;0;7.00
2026-06-15;10:30;Laura;Drama;Otto Preminger;1944;88;12;7.50
2026-06-14;21:00;Kal Ho Naa Ho;Comedy;Nikkhil Advani;2003;186;0;8.50
2026-06-14;17:00;The Longest Day;Action;Ken Annakin;1962;178;0;8.50
2026-06-14;14:30;The Graduate;Comedy;Mike Nichols;1967;106;12;8.50
2026-06-14;10:30;Kal Ho Naa Ho;Comedy;Nikkhil Advani;2003;186;0;7.50
2026-06-13;19:30;The Longest Day;Action;Ken Annakin;1962;178;0;8.50
2026-06-13;16:00;Metropolis;Drama;Fritz Lang;1927;153;12;8.00
2026-06-13;13:30;The Graduate;Comedy;Mike Nichols;1967;106;12;7.50
2026-06-13;10:30;Jurassic Park;Action;Steven Spielberg;1993;127;12;8.00
2026-06-12;13:00;Empire of the Sun;Action;Steven Spielberg;1987;153;0;8.50
2026-06-12;10:00;Rebecca;Drama;Alfred Hitchcock;1940;130;12;7.00
2026-06-11;16:00;Jurassic Park;Action;Steven Spielberg;1993;127;12;7.50
2026-06-11;13:00;Anand;Drama;Hrishikesh Mukherjee;1971;122;0;7.50
2026-06-11;10:00;Anand;Drama;Hrishikesh Mukherjee;1971;122;0;7.50
2026-06-10;12:30;Omohide poro poro;Animation;Isao Takahata;1991;118;0;7.00
2026-06-10;10:00;28 Days Later...;Drama;Danny Boyle;2002;113;12;8.00
2026-06-09;16:30;Before Sunrise;Drama;Richard Linklater;1995;101;16;7.50
2026-06-09;13:00;Terminator 2: Judgment Day;Action;James Cameron;1991;137;0;6.50
2026-06-09;10:00;28 Days Later...;Drama;Danny Boyle;2002;113;12;6.50
2026-06-08;16:00;The Longest Day;Action;Ken Annakin;1962;178;0;8.50
2026-06-08;13:30;Spoorloos;Mystery;George Sluizer;1988;107;12;7.50
2026-06-08;10:00;Empire of the Sun;Action;Steven Spielberg;1987;153;0;8.50
2026-06-07;16:30;The Graduate;Comedy;Mike Nichols;1967;106;12;8.50
2026-06-07;13:30;Terminator 2: Judgment Day;Action;James Cameron;1991;137;0;7.00
2026-06-07;10:00;Metropolis;Drama;Fritz Lang;1927;153;12;8.00
2026-06-06;16:00;The Muppet Christmas Carol;Comedy;Brian Henson;1992;85;0;8.50
2026-06-06;13:30;Trois couleurs: Blanc;Comedy;Krzysztof Kieslowski;1994;92;0;7.50
2026-06-06;10:30;Omohide poro poro;Animation;Isao Takahata;1991;118;0;8.00
2026-06-05;13:00;Metropolis;Drama;Fritz Lang;1927;153;12;7.00
2026-06-05;10:30;Strangers on a Train;Crime;Alfred Hitchcock;1951;101;12;7.50
2026-06-04;16:00;Before Sunrise;Drama;Richard Linklater;1995;101;16;7.00
2026-06-04;13:00;Omohide poro poro;Animation;Isao Takahata;1991;118;0;6.50
2026-06-04;10:30;Spoorloos;Mystery;George Sluizer;1988;107;12;6.50
2026-06-03;14:30;Funny Games;Crime;Michael Haneke;1997;108;12;8.00
2026-06-03;10:30;Kal Ho Naa Ho;Comedy;Nikkhil Advani;2003;186;0;6.50
2026-06-02;17:30;The Graduate;Comedy;Mike Nichols;1967;106;12;8.50
2026-06-02;14:30;What's Eating Gilbert Grape;Drama;Lasse Hallström;1993;118;0;8.50
2026-06-02;10:00;Giant;Drama;George Stevens;1956;201;0;7.00
2026-06-01;17:00;Trois couleurs: Blanc;Comedy;Krzysztof Kieslowski;1994;92;0;8.50
2026-06-01;14:00;The Incredibles;Animation;Brad Bird;2004;115;0;8.00
2026-06-01;10:30;Apocalypto;Action;Mel Gibson;2006;139;12;8.00
2026-05-31;15:30;Funny Games;Crime;Michael Haneke;1997;108;12;7.50
2026-05-31;13:00;Spoorloos;Mystery;George Sluizer;1988;107;12;8.50
2026-05-31;10:00;Jurassic Park;Action;Steven Spielberg;1993;127;12;7.50
2026-05-30;15:00;Mimi wo sumaseba;Animation;Yoshifumi Kondô;1995;111;0;6.50
2026-05-30;12:30;Funny Games;Crime;Michael Haneke;1997;108;12;8.00
2026-05-30;10:00;What's Eating Gilbert Grape;Drama;Lasse Hallström;1993;118;0;8.50
2026-05-29;12:30;Apocalypto;Action;Mel Gibson;2006;139;12;7.00
2026-05-29;10:00;The Lost Weekend;Drama;Billy Wilder;1945;101;12;8.50
2026-05-28;16:00;Star Wars;Action;George Lucas;1977;121;12;7.50
2026-05-28;13:00;Jurassic Park;Action;Steven Spielberg;1993;127;12;7.00
2026-05-28;10:00;28 Days Later...;Drama;Danny Boyle;2002;113;12;8.00
2026-05-27;13:30;The Muppet Christmas Carol;Comedy;Brian Henson;1992;85;0;8.50
2026-05-27;10:30;The Silence of the Lambs;Crime;Jonathan Demme;1991;118;12;8.50
2026-05-26;16:30;The Treasure of the Sierra Madre;Adventure;John Huston;1948;126;12;8.00
2026-05-26;14:00;Mimi wo sumaseba;Animation;Yoshifumi Kondô;1995;111;0;7.00
2026-05-26;10:00;Kal Ho Naa Ho;Comedy;Nikkhil Advani;2003;186;0;8.50
2026-05-25;13:00;The Muppet Christmas Carol;Comedy;Brian Henson;1992;85;0;7.00
2026-05-25;10:30;Tôkyô goddofâzâzu;Animation;Satoshi Kon;2003;90;12;7.50
2026-05-24;19:00;The Last King of Scotland;Biography;Kevin Macdonald;2006;123;16;9.50
2026-05-24;16:00;Anand;Drama;Hrishikesh Mukherjee;1971;122;0;8.00
2026-05-24;13:00;What's Eating Gilbert Grape;Drama;Lasse Hallström;1993;118;0;6.50
2026-05-24;10:30;À bout de souffle;Crime;Jean-Luc Godard;1960;90;0;6.50
2026-05-23;16:00;Trois couleurs: Bleu;Drama;Krzysztof Kieslowski;1993;94;0;8.50
2026-05-23;13:00;Apocalypto;Action;Mel Gibson;2006;139;12;6.50
2026-05-23;10:30;Strangers on a Train;Crime;Alfred Hitchcock;1951;101;12;8.00
2026-05-22;10:30;Before Sunrise;Drama;Richard Linklater;1995;101;16;7.00
2026-05-21;10:30;Kal Ho Naa Ho;Comedy;Nikkhil Advani;2003;186;0;8.50
2026-05-20;16:00;The Graduate;Comedy;Mike Nichols;1967;106;12;8.00
2026-05-20;13:30;The Iron Giant;Animation;Brad Bird;1999;86;6;6.50
2026-05-20;10:30;Star Wars;Action;George Lucas;1977;121;12;7.50
2026-05-19;13:30;Terminator 2: Judgment Day;Action;James Cameron;1991;137;0;8.50
2026-05-19;10:30;Mimi wo sumaseba;Animation;Yoshifumi Kondô;1995;111;0;7.00
2026-05-18;16:00;The Terminator;Action;James Cameron;1984;107;12;7.50
2026-05-18;13:00;Charade;Comedy;Stanley Donen;1963;113;0;8.50
2026-05-18;10:00;Omohide poro poro;Animation;Isao Takahata;1991;118;0;7.50
2026-05-17;18:00;The Blues Brothers;Action;John Landis;1980;133;0;8.50
2026-05-17;16:00;The Muppet Christmas Carol;Comedy;Brian Henson;1992;85;0;8.50
2026-05-17;13:00;The Blues Brothers;Action;John Landis;1980;133;0;7.00
2026-05-17;10:00;Anand;Drama;Hrishikesh Mukherjee;1971;122;0;8.00
2026-05-16;18:30;The Last King of Scotland;Biography;Kevin Macdonald;2006;123;16;8.50
2026-05-16;16:00;Blood Simple;Crime;Joel Coen;1984;99;12;7.50
2026-05-16;13:30;Trois couleurs: Rouge;Drama;Krzysztof Kieslowski;1994;99;0;8.50
2026-05-16;10:30;A Bronx Tale;Crime;Robert De Niro;1993;121;16;7.00
2026-05-15;10:30;Aliens;Action;James Cameron;1986;137;0;7.50
2026-05-14;15:30;Before Sunrise;Drama;Richard Linklater;1995;101;16;8.50
2026-05-14;13:00;Fa yeung nin wah;Drama;Kar-Wai Wong;2000;98;0;8.00
2026-05-14;10:30;À bout de souffle;Crime;Jean-Luc Godard;1960;90;0;7.00
2026-05-13;16:00;The Last King of Scotland;Biography;Kevin Macdonald;2006;123;16;6.50
2026-05-13;13:30;Ghostbusters;Action;Ivan Reitman;1984;105;12;8.50
2026-05-13;10:30;Taegukgi hwinalrimyeo;Action;Je-kyu Kang;2004;140;16;6.50
2026-05-12;15:30;The Lost Weekend;Drama;Billy Wilder;1945;101;12;7.50
2026-05-12;13:00;Boyz n the Hood;Crime;John Singleton;1991;112;12;7.00
2026-05-12;10:30;The Graduate;Comedy;Mike Nichols;1967;106;12;7.50
2026-05-11;13:30;Before Sunrise;Drama;Richard Linklater;1995;101;16;7.00
2026-05-11;10:30;Anand;Drama;Hrishikesh Mukherjee;1971;122;0;8.50
2026-05-10;18:00;Sen to Chihiro no kamikakushi;Animation;Hayao Miyazaki;2001;125;0;9.00
2026-05-10;15:00;Terminator 2: Judgment Day;Action;James Cameron;1991;137;0;8.00
2026-05-10;12:30;The Graduate;Comedy;Mike Nichols;1967;106;12;7.00
2026-05-10;10:00;Blood Simple;Crime;Joel Coen;1984;99;12;7.00
2026-05-09;19:00;300;Action;Zack Snyder;2006;117;12;10.00
2026-05-09;16:00;Inside Man;Crime;Spike Lee;2006;129;16;7.00
2026-05-09;13:30;Trois couleurs: Rouge;Drama;Krzysztof Kieslowski;1994;99;0;8.50
2026-05-09;10:30;Omohide poro poro;Animation;Isao Takahata;1991;118;0;8.00
2026-05-08;10:00;Before Sunrise;Drama;Richard Linklater;1995;101;16;7.50
2026-05-07;15:30;Sen to Chihiro no kamikakushi;Animation;Hayao Miyazaki;2001;125;0;7.50
2026-05-07;13:00;Rashômon;Crime;Akira Kurosawa;1950;88;12;7.00
2026-05-07;10:00;Boyz n the Hood;Crime;John Singleton;1991;112;12;7.00
2026-05-06;15:00;À bout de souffle;Crime;Jean-Luc Godard;1960;90;0;8.50
2026-05-06;12:30;300;Action;Zack Snyder;2006;117;12;7.50
2026-05-06;10:00;Annie Hall;Comedy;Woody Allen;1977;93;12;6.50
2026-05-05;13:30;Cinderella Man;Biography;Ron Howard;2005;144;12;7.00
2026-05-05;10:30;Omohide poro poro;Animation;Isao Takahata;1991;118;0;7.50
2026-05-04;12:30;The Incredibles;Animation;Brad Bird;2004;115;0;6.50
2026-05-04;10:00;Ivanovo detstvo;Drama;Andrei Tarkovsky;1962;95;12;6.50
2026-05-03;18:00;Before Sunrise;Drama;Richard Linklater;1995;101;16;9.50
2026-05-03;15:00;The Treasure of the Sierra Madre;Adventure;John Huston;1948;126;12;6.50
2026-05-03;12:30;Charade;Comedy;Stanley Donen;1963;113;0;7.00
2026-05-03;10:00;À bout de souffle;Crime;Jean-Luc Godard;1960;90;0;7.00
2026-05-02;16:00;Kurenai no buta;Animation;Hayao Miyazaki;1992;94;0;8.00
2026-05-02;13:00;Pan's Labyrinth;Drama;Guillermo del Toro;2006;118;12;8.00
2026-05-02;10:30;The Iron Giant;Animation;Brad Bird;1999;86;6;8.00
2026-05-01;10:30;On Golden Pond;Drama;Mark Rydell;1981;109;12;7.00
2026-04-30;15:30;Cinderella Man;Biography;Ron Howard;2005;144;12;6.50
2026-04-30;12:30;The Treasure of the Sierra Madre;Adventure;John Huston;1948;126;12;8.50
2026-04-30;10:00;The Maltese Falcon;Film-Noir;John Huston;1941;100;12;6.50
2026-04-29;10:30;The African Queen;Adventure;John Huston;1951;105;6;6.50
2026-04-28;15:00;The Blues Brothers;Action;John Landis;1980;133;0;6.50
2026-04-28;12:30;The Incredibles;Animation;Brad Bird;2004;115;0;6.50
2026-04-28;10:00;Kurenai no buta;Animation;Hayao Miyazaki;1992;94;0;7.50
2026-04-27;10:30;Cinderella Man;Biography;Ron Howard;2005;144;12;7.00
2026-04-26;19:00;Trois couleurs: Rouge;Drama;Krzysztof Kieslowski;1994;99;0;8.50
2026-04-26;16:00;Letters from Iwo Jima;Action;Clint Eastwood;2006;141;12;8.50
2026-04-26;13:30;Blood Simple;Crime;Joel Coen;1984;99;12;8.00
2026-04-26;10:30;Taegukgi hwinalrimyeo;Action;Je-kyu Kang;2004;140;16;6.50
2026-04-25;18:30;The Treasure of the Sierra Madre;Adventure;John Huston;1948;126;12;9.50
2026-04-25;15:30;Inherit the Wind;Biography;Stanley Kramer;1960;128;12;7.50
2026-04-25;12:30;Letters from Iwo Jima;Action;Clint Eastwood;2006;141;12;7.50
2026-04-25;10:00;Lethal Weapon;Action;Richard Donner;1987;109;12;8.50
2026-04-24;16:00;Kurenai no buta;Animation;Hayao Miyazaki;1992;94;0;7.00
2026-04-24;13:00;Death Note: Desu nôto;Crime;Shûsuke Kaneko;2006;126;12;7.50
2026-04-24;10:00;Sabrina;Comedy;Billy Wilder;1954;113;12;8.00
2026-04-23;10:30;The Treasure of the Sierra Madre;Adventure;John Huston;1948;126;12;6.50
2026-04-22;12:30;The African Queen;Adventure;John Huston;1951;105;6;7.00
2026-04-22;10:00;Hotaru no haka;Animation;Isao Takahata;1988;89;0;8.00
2026-04-21;14:30;The Incredibles;Animation;Brad Bird;2004;115;0;8.00
2026-04-21;10:30;The Godfather;Crime;Francis Ford Coppola;1972;175;12;6.50
2026-04-20;10:00;The Blues Brothers;Action;John Landis;1980;133;0;7.00
2026-04-19;17:30;Aliens;Action;James Cameron;1986;137;0;7.00
2026-04-19;15:00;Tôkyô goddofâzâzu;Animation;Satoshi Kon;2003;90;12;7.00
2026-04-19;12:30;Kurenai no buta;Animation;Hayao Miyazaki;1992;94;0;8.00
2026-04-19;10:00;The Maltese Falcon;Film-Noir;John Huston;1941;100;12;7.00
2026-04-18;18:30;The Godfather;Crime;Francis Ford Coppola;1972;175;12;8.50
2026-04-18;16:00;À bout de souffle;Crime;Jean-Luc Godard;1960;90;0;8.00
2026-04-18;13:00;Sabrina;Comedy;Billy Wilder;1954;113;12;6.50
2026-04-18;10:00;Sen to Chihiro no kamikakushi;Animation;Hayao Miyazaki;2001;125;0;6.50
2026-04-17;16:30;On Golden Pond;Drama;Mark Rydell;1981;109;12;6.50
2026-04-17;13:00;The Godfather;Crime;Francis Ford Coppola;1972;175;12;7.00
2026-04-17;10:30;Ivanovo detstvo;Drama;Andrei Tarkovsky;1962;95;12;8.00
2026-04-16;15:30;Taegukgi hwinalrimyeo;Action;Je-kyu Kang;2004;140;16;7.50
2026-04-16;13:00;The African Queen;Adventure;John Huston;1951;105;6;8.00
2026-04-16;10:30;Fa yeung nin wah;Drama;Kar-Wai Wong;2000;98;0;8.00
2026-04-15;16:30;Lethal Weapon;Action;Richard Donner;1987;109;12;6.50
2026-04-15;14:00;Hotaru no haka;Animation;Isao Takahata;1988;89;0;7.00
2026-04-15;10:30;Taegukgi hwinalrimyeo;Action;Je-kyu Kang;2004;140;16;8.50
2026-04-14;13:30;Ivanovo detstvo;Drama;Andrei Tarkovsky;1962;95;12;7.00
2026-04-14;10:30;Sabrina;Comedy;Billy Wilder;1954;113;12;8.00
2026-04-13;10:30;The African Queen;Adventure;John Huston;1951;105;6;7.50
2026-04-12;17:30;Inherit the Wind;Biography;Stanley Kramer;1960;128;12;6.50
2026-04-12;15:00;Ivanovo detstvo;Drama;Andrei Tarkovsky;1962;95;12;8.00
2026-04-12;12:30;To Have and Have Not;Adventure;Howard Hawks;1944;100;6;7.50
2026-04-12;10:00;The Conversation;Drama;Francis Ford Coppola;1974;113;0;7.50
2026-04-11;17:00;Sabrina;Comedy;Billy Wilder;1954;113;12;6.50
2026-04-11;13:00;The Lord of the Rings: The Return of the King;Action;Peter Jackson;2003;201;0;7.50
2026-04-11;10:30;À bout de souffle;Crime;Jean-Luc Godard;1960;90;0;8.00
2026-04-10;15:00;The Conversation;Drama;Francis Ford Coppola;1974;113;0;8.00
2026-04-10;12:30;Airplane!;Comedy;Jim Abrahams;1980;88;0;8.50
2026-04-10;10:00;The Conversation;Drama;Francis Ford Coppola;1974;113;0;6.50
2026-04-09;13:00;On Golden Pond;Drama;Mark Rydell;1981;109;12;7.00
2026-04-09;10:30;The Odd Couple;Comedy;Gene Saks;1968;105;0;6.50
2026-04-08;15:30;Airplane!;Comedy;Jim Abrahams;1980;88;0;6.50
2026-04-08;12:30;Death Note: Desu nôto;Crime;Shûsuke Kaneko;2006;126;12;8.00
2026-04-08;10:00;Hiroshima mon amour;Drama;Alain Resnais;1959;90;12;8.50
2026-04-07;15:00;Taegukgi hwinalrimyeo;Action;Je-kyu Kang;2004;140;16;8.00
2026-04-07;12:30;Annie Hall;Comedy;Woody Allen;1977;93;12;7.50
2026-04-07;10:00;Hiroshima mon amour;Drama;Alain Resnais;1959;90;12;8.00
2026-04-06;15:30;Ivanovo detstvo;Drama;Andrei Tarkovsky;1962;95;12;7.50
2026-04-06;12:30;Taegukgi hwinalrimyeo;Action;Je-kyu Kang;2004;140;16;8.50
2026-04-06;10:00;Ivanovo detstvo;Drama;Andrei Tarkovsky;1962;95;12;7.50
2026-04-05;16:00;Mononoke-hime;Animation;Hayao Miyazaki;1997;134;0;8.50
2026-04-05;13:00;Aliens;Action;James Cameron;1986;137;0;7.50
2026-04-05;10:00;Sen to Chihiro no kamikakushi;Animation;Hayao Miyazaki;2001;125;0;8.50
2026-04-04;16:30;Aliens;Action;James Cameron;1986;137;0;7.50
2026-04-04;13:30;The Big Lebowski;Comedy;Joel Coen;1998;117;16;8.00
2026-04-04;10:30;Inherit the Wind;Biography;Stanley Kramer;1960;128;12;7.50
2026-04-03;10:00;Inside Man;Crime;Spike Lee;2006;129;16;8.00
2026-04-02;10:30;The Big Lebowski;Comedy;Joel Coen;1998;117;16;8.00
2026-04-01;15:30;Wait Until Dark;Thriller;Terence Young;1967;108;12;8.00
2026-04-01;12:30;Tôkyô monogatari;Drama;Yasujirô Ozu;1953;136;0;7.00
2026-04-01;10:00;Manhattan;Comedy;Woody Allen;1979;96;16;8.00
2026-03-31;10:00;Vertigo;Mystery;Alfred Hitchcock;1958;128;12;8.00
2026-03-30;12:30;Sholay;Action;Ramesh Sippy;1975;204;0;6.50
2026-03-30;10:00;Back to the Future Part II;Adventure;Robert Zemeckis;1989;108;0;7.00
2026-03-29;15:30;Billy Elliot;Drama;Stephen Daldry;2000;110;16;8.00
2026-03-29;13:00;Ivanovo detstvo;Drama;Andrei Tarkovsky;1962;95;12;7.50
2026-03-29;10:00;Death Note: Desu nôto;Crime;Shûsuke Kaneko;2006;126;12;8.00
2026-03-28;17:30;Letters from Iwo Jima;Action;Clint Eastwood;2006;141;12;8.50
2026-03-28;15:00;Airplane!;Comedy;Jim Abrahams;1980;88;0;7.50
2026-03-28;13:00;The General;Action;Clyde Bruckman;1926;67;12;8.00
2026-03-28;10:30;The Wizard of Oz;Adventure;Victor Fleming;1939;102;0;7.50
2026-03-27;13:30;Star Wars: Episode VI - Return of the Jedi;Action;Richard Marquand;1983;131;0;8.50
2026-03-27;10:00;Taegukgi hwinalrimyeo;Action;Je-kyu Kang;2004;140;16;8.00
2026-03-26;16:00;Pan's Labyrinth;Drama;Guillermo del Toro;2006;118;12;7.50
2026-03-26;13:30;Back to the Future Part II;Adventure;Robert Zemeckis;1989;108;0;6.50
2026-03-26;10:30;The Bridges of Madison County;Drama;Clint Eastwood;1995;135;12;7.00
2026-03-25;15:30;Letters from Iwo Jima;Action;Clint Eastwood;2006;141;12;8.50
2026-03-25;12:30;Pan's Labyrinth;Drama;Guillermo del Toro;2006;118;12;6.50
2026-03-25;10:00;Nosferatu;Fantasy;F.W. Murnau;1922;94;12;7.50
2026-03-24;10:30;Pride & Prejudice;Drama;Joe Wright;2005;129;6;7.50
2026-03-23;10:00;The Odd Couple;Comedy;Gene Saks;1968;105;0;7.50
2026-03-22;15:30;The Lord of the Rings: The Return of the King;Action;Peter Jackson;2003;201;0;7.50
2026-03-22;12:00;La leggenda del pianista sull'oceano;Drama;Giuseppe Tornatore;1998;169;0;7.00
2026-03-22;10:30;Sherlock Jr.;Action;Buster Keaton;1924;45;12;7.00
2026-03-21;15:30;Badlands;Action;Terrence Malick;1973;94;6;7.50
2026-03-21;13:00;Ivanovo detstvo;Drama;Andrei Tarkovsky;1962;95;12;8.00
2026-03-21;10:00;The Conversation;Drama;Francis Ford Coppola;1974;113;0;7.50
2026-03-20;10:30;The Bridges of Madison County;Drama;Clint Eastwood;1995;135;12;6.50
2026-03-19;17:00;To Have and Have Not;Adventure;Howard Hawks;1944;100;6;7.50
2026-03-19;14:00;Sen to Chihiro no kamikakushi;Animation;Hayao Miyazaki;2001;125;0;7.00
2026-03-19;10:30;Stalker;Drama;Andrei Tarkovsky;1979;162;0;8.50
2026-03-18;17:00;The Day the Earth Stood Still;Drama;Robert Wise;1951;92;0;8.50
2026-03-18;14:00;Star Wars: Episode VI - Return of the Jedi;Action;Richard Marquand;1983;131;0;7.00
2026-03-18;10:30;Stalker;Drama;Andrei Tarkovsky;1979;162;0;7.00
2026-03-17;10:00;Road to Perdition;Crime;Sam Mendes;2002;117;12;8.50
2026-03-16;10:00;The Kid;Comedy;Charles Chaplin;1921;68;12;6.50
2026-03-15;16:00;Stalker;Drama;Andrei Tarkovsky;1979;162;0;8.00
2026-03-15;13:30;Ivanovo detstvo;Drama;Andrei Tarkovsky;1962;95;12;7.00
2026-03-15;10:00;Tôkyô monogatari;Drama;Yasujirô Ozu;1953;136;0;8.00
2026-03-14;19:30;Do the Right Thing;Comedy;Spike Lee;1989;120;16;10.00
2026-03-14;17:00;Wait Until Dark;Thriller;Terence Young;1967;108;12;8.00
2026-03-14;13:00;The Lord of the Rings: The Return of the King;Action;Peter Jackson;2003;201;0;8.50
2026-03-14;10:30;Badlands;Action;Terrence Malick;1973;94;6;6.50
2026-03-13;10:30;The General;Action;Clyde Bruckman;1926;67;12;6.50
2026-03-12;10:30;La leggenda del pianista sull'oceano;Drama;Giuseppe Tornatore;1998;169;0;6.50
2026-03-11;13:00;Manhattan;Comedy;Woody Allen;1979;96;16;7.50
2026-03-11;10:00;Citizen Kane;Drama;Orson Welles;1941;119;12;8.00
2026-03-10;14:30;Mononoke-hime;Animation;Hayao Miyazaki;1997;134;0;7.50
2026-03-10;12:30;The Kid;Comedy;Charles Chaplin;1921;68;12;8.00
2026-03-10;10:00;Citizen Kane;Drama;Orson Welles;1941;119;12;6.50
2026-03-09;10:30;Sholay;Action;Ramesh Sippy;1975;204;0;6.50
2026-03-08;17:00;Monsters, Inc.;Animation;Pete Docter;2001;92;0;6.50
2026-03-08;14:00;Star Wars: Episode VI - Return of the Jedi;Action;Richard Marquand;1983;131;0;8.50
2026-03-08;10:00;The Lord of the Rings: The Return of the King;Action;Peter Jackson;2003;201;0;8.50
2026-03-07;14:30;Road to Perdition;Crime;Sam Mendes;2002;117;12;6.50
2026-03-07;12:00;Badlands;Action;Terrence Malick;1973;94;6;8.00
2026-03-07;10:00;The Kid;Comedy;Charles Chaplin;1921;68;12;8.50
2026-03-06;15:00;Nuovo Cinema Paradiso;Drama;Giuseppe Tornatore;1988;155;0;7.50
2026-03-06;12:00;Do the Right Thing;Comedy;Spike Lee;1989;120;16;6.50
2026-03-06;10:00;La planète sauvage;Animation;René Laloux;1973;72;0;8.00
2026-03-05;18:00;Citizen Kane;Drama;Orson Welles;1941;119;12;9.00
2026-03-05;14:00;Sholay;Action;Ramesh Sippy;1975;204;0;7.00
2026-03-05;10:30;Nuovo Cinema Paradiso;Drama;Giuseppe Tornatore;1988;155;0;7.00
2026-03-04;13:30;Au revoir les enfants;Drama;Louis Malle;1987;104;0;7.50
2026-03-04;10:00;Fitzcarraldo;Adventure;Werner Herzog;1982;158;16;6.50
2026-03-03;12:30;Fitzcarraldo;Adventure;Werner Herzog;1982;158;16;8.00
2026-03-03;10:00;Back to the Future Part II;Adventure;Robert Zemeckis;1989;108;0;7.00
2026-03-02;10:30;Nuovo Cinema Paradiso;Drama;Giuseppe Tornatore;1988;155;0;8.00
2026-03-01;16:30;Nosferatu;Fantasy;F.W. Murnau;1922;94;12;7.00
2026-03-01;12:30;Sholay;Action;Ramesh Sippy;1975;204;0;8.00
2026-03-01;10:00;Au revoir les enfants;Drama;Louis Malle;1987;104;0;7.00
2026-02-28;19:00;Badlands;Action;Terrence Malick;1973;94;6;9.50
2026-02-28;16:30;Edward Scissorhands;Drama;Tim Burton;1990;105;0;6.50
2026-02-28;13:30;The Blues Brothers;Action;John Landis;1980;133;0;7.00
2026-02-28;10:30;Road to Perdition;Crime;Sam Mendes;2002;117;12;6.50
2026-02-27;10:30;The Blues Brothers;Action;John Landis;1980;133;0;7.50
2026-02-26;12:30;Sholay;Action;Ramesh Sippy;1975;204;0;8.00
2026-02-26;10:30;The General;Action;Clyde Bruckman;1926;67;12;6.50
2026-02-25;10:30;Stalker;Drama;Andrei Tarkovsky;1979;162;0;7.50
2026-02-24;13:30;Do the Right Thing;Comedy;Spike Lee;1989;120;16;7.50
2026-02-24;10:00;Stalker;Drama;Andrei Tarkovsky;1979;162;0;8.00
2026-02-23;12:30;Viskningar och rop;Drama;Ingmar Bergman;1972;91;12;6.50
2026-02-23;10:00;Viskningar och rop;Drama;Ingmar Bergman;1972;91;12;8.00
2026-02-22;17:30;Forrest Gump;Drama;Robert Zemeckis;1994;142;12;7.00
2026-02-22;15:30;The 39 Steps;Crime;Alfred Hitchcock;1935;86;12;8.50
2026-02-22;13:00;Au revoir les enfants;Drama;Louis Malle;1987;104;0;7.00
2026-02-22;10:00;Minority Report;Action;Steven Spielberg;2002;145;12;8.50
2026-02-21;14:00;Badlands;Action;Terrence Malick;1973;94;6;7.50
2026-02-21;11:30;High Noon;Drama;Fred Zinnemann;1952;85;6;7.00
2026-02-21;10:00;Sherlock Jr.;Action;Buster Keaton;1924;45;12;6.50
2026-02-20;16:00;La planète sauvage;Animation;René Laloux;1973;72;0;7.50
2026-02-20;13:30;Gongdong gyeongbi guyeok JSA;Action;Chan-wook Park;2000;110;12;6.50
2026-02-20;10:00;Stalker;Drama;Andrei Tarkovsky;1979;162;0;6.50
2026-02-19;10:30;The Last Picture Show;Drama;Peter Bogdanovich;1971;118;16;7.00
2026-02-18;15:00;Sherlock Jr.;Action;Buster Keaton;1924;45;12;8.00
2026-02-18;12:30;Dirty Harry;Action;Don Siegel;1971;102;12;7.00
2026-02-18;10:00;Au revoir les enfants;Drama;Louis Malle;1987;104;0;8.00
2026-02-17;10:30;Stalker;Drama;Andrei Tarkovsky;1979;162;0;7.00
2026-02-16;10:00;Barton Fink;Comedy;Joel Coen;1991;116;0;8.50
2026-02-15;15:30;The Blues Brothers;Action;John Landis;1980;133;0;7.50
2026-02-15;13:00;Withnail & I;Comedy;Bruce Robinson;1987;107;16;7.00
2026-02-15;10:30;No Man's Land;Comedy;Danis Tanovic;2001;98;16;8.00
2026-02-14;14:30;Citizen Kane;Drama;Orson Welles;1941;119;12;7.50
2026-02-14;13:00;Sherlock Jr.;Action;Buster Keaton;1924;45;12;8.00
2026-02-14;10:30;Viskningar och rop;Drama;Ingmar Bergman;1972;91;12;8.50
2026-02-13;14:00;The Color Purple;Drama;Steven Spielberg;1985;154;0;7.50
2026-02-13;10:00;Barry Lyndon;Adventure;Stanley Kubrick;1975;185;6;7.00
2026-02-12;10:00;Back to the Future Part II;Adventure;Robert Zemeckis;1989;108;0;6.50
2026-02-11;13:30;The Usual Suspects;Crime;Bryan Singer;1995;106;12;8.00
2026-02-11;10:30;Barton Fink;Comedy;Joel Coen;1991;116;0;7.50
2026-02-10;16:30;No Man's Land;Comedy;Danis Tanovic;2001;98;16;8.00
2026-02-10;13:00;Nuovo Cinema Paradiso;Drama;Giuseppe Tornatore;1988;155;0;8.00
2026-02-10;10:30;Children of Men;Adventure;Alfonso Cuarón;2006;109;12;6.50
2026-02-09;12:30;Viskningar och rop;Drama;Ingmar Bergman;1972;91;12;8.00
2026-02-09;10:00;Gongdong gyeongbi guyeok JSA;Action;Chan-wook Park;2000;110;12;8.50
2026-02-08;18:30;Mississippi Burning;Crime;Alan Parker;1988;128;12;9.00
2026-02-08;15:00;Amadeus;Biography;Milos Forman;1984;160;16;7.00
2026-02-08;12:30;Billy Elliot;Drama;Stephen Daldry;2000;110;16;8.50
2026-02-08;10:00;Edward Scissorhands;Drama;Tim Burton;1990;105;0;7.50
2026-02-07;15:00;Blade Runner;Action;Ridley Scott;1982;117;12;7.00
2026-02-07;12:30;The Usual Suspects;Crime;Bryan Singer;1995;106;12;8.50
2026-02-07;10:00;Zerkalo;Biography;Andrei Tarkovsky;1975;107;0;6.50
2026-02-06;13:00;Minority Report;Action;Steven Spielberg;2002;145;12;7.00
2026-02-06;10:30;Les yeux sans visage;Drama;Georges Franju;1960;90;12;8.50
2026-02-05;10:00;Billy Elliot;Drama;Stephen Daldry;2000;110;16;6.50
2026-02-04;10:30;Dirty Harry;Action;Don Siegel;1971;102;12;8.00
2026-02-03;15:30;Gongdong gyeongbi guyeok JSA;Action;Chan-wook Park;2000;110;12;6.50
2026-02-03;12:30;The Remains of the Day;Drama;James Ivory;1993;134;0;7.50
2026-02-03;10:00;Withnail & I;Comedy;Bruce Robinson;1987;107;16;7.50
2026-02-02;15:30;Les yeux sans visage;Drama;Georges Franju;1960;90;12;8.00
2026-02-02;13:00;Children of Men;Adventure;Alfonso Cuarón;2006;109;12;6.50
2026-02-02;10:30;The 39 Steps;Crime;Alfred Hitchcock;1935;86;12;6.50
2026-02-01;16:00;Blade Runner;Action;Ridley Scott;1982;117;12;8.00
2026-02-01;13:30;Les yeux sans visage;Drama;Georges Franju;1960;90;12;7.50
2026-02-01;10:00;Forrest Gump;Drama;Robert Zemeckis;1994;142;12;8.50
2026-01-31;15:00;Brokeback Mountain;Drama;Ang Lee;2005;134;12;8.00
2026-01-31;12:30;No Man's Land;Comedy;Danis Tanovic;2001;98;16;8.50
2026-01-31;10:00;Wait Until Dark;Thriller;Terence Young;1967;108;12;7.50
2026-01-30;10:30;Midnight Express;Biography;Alan Parker;1978;121;12;7.50
2026-01-29;15:00;Withnail & I;Comedy;Bruce Robinson;1987;107;16;7.00
2026-01-29;12:30;Viskningar och rop;Drama;Ingmar Bergman;1972;91;12;7.50
2026-01-29;10:00;Dirty Harry;Action;Don Siegel;1971;102;12;7.00
2026-01-28;13:00;The Usual Suspects;Crime;Bryan Singer;1995;106;12;8.00
2026-01-28;10:30;Au revoir les enfants;Drama;Louis Malle;1987;104;0;8.50
2026-01-27;13:00;Blade Runner;Action;Ridley Scott;1982;117;12;8.50
2026-01-27;10:30;Au revoir les enfants;Drama;Louis Malle;1987;104;0;7.50
2026-01-26;15:30;To Have and Have Not;Adventure;Howard Hawks;1944;100;6;6.50
2026-01-26;12:30;Wait Until Dark;Thriller;Terence Young;1967;108;12;7.50
2026-01-26;10:00;No Man's Land;Comedy;Danis Tanovic;2001;98;16;7.50
2026-01-25;16:30;The 39 Steps;Crime;Alfred Hitchcock;1935;86;12;7.50
2026-01-25;13:00;Forrest Gump;Drama;Robert Zemeckis;1994;142;12;7.00
2026-01-25;10:30;Fargo;Crime;Joel Coen;1996;98;12;8.00
2026-01-24;17:00;Ray;Biography;Taylor Hackford;2004;152;12;7.00
2026-01-24;13:30;Taegukgi hwinalrimyeo;Action;Je-kyu Kang;2004;140;16;7.50
2026-01-24;10:30;Gongdong gyeongbi guyeok JSA;Action;Chan-wook Park;2000;110;12;8.00
2026-01-23;10:30;Predator;Action;John McTiernan;1987;107;12;8.50
2026-01-22;10:30;Barry Lyndon;Adventure;Stanley Kubrick;1975;185;6;6.50
2026-01-21;10:00;Fargo;Crime;Joel Coen;1996;98;12;8.00
2026-01-20;13:30;Dirty Harry;Action;Don Siegel;1971;102;12;8.00
2026-01-20;10:30;Mississippi Burning;Crime;Alan Parker;1988;128;12;6.50
2026-01-19;16:00;The Third Man;Film-Noir;Carol Reed;1949;104;12;7.50
2026-01-19;13:00;Forrest Gump;Drama;Robert Zemeckis;1994;142;12;7.50
2026-01-19;10:30;Withnail & I;Comedy;Bruce Robinson;1987;107;16;7.00
2026-01-18;19:30;The Remains of the Day;Drama;James Ivory;1993;134;0;9.00
2026-01-18;16:00;Amadeus;Biography;Milos Forman;1984;160;16;8.00
2026-01-18;13:30;High Noon;Drama;Fred Zinnemann;1952;85;6;6.50
2026-01-18;10:30;The Remains of the Day;Drama;James Ivory;1993;134;0;8.50
2026-01-17;20:00;Taegukgi hwinalrimyeo;Action;Je-kyu Kang;2004;140;16;10.00
2026-01-17;17:00;To Kill a Mockingbird;Crime;Robert Mulligan;1962;129;0;8.00
2026-01-17;13:30;The Last Samurai;Action;Edward Zwick;2003;154;12;8.50
2026-01-17;10:30;Forrest Gump;Drama;Robert Zemeckis;1994;142;12;8.50
2026-01-16;13:00;Withnail & I;Comedy;Bruce Robinson;1987;107;16;8.00
2026-01-16;10:30;Zerkalo;Biography;Andrei Tarkovsky;1975;107;0;7.00
2026-01-15;16:00;Office Space;Comedy;Mike Judge;1999;89;16;8.50
2026-01-15;13:30;No Man's Land;Comedy;Danis Tanovic;2001;98;16;7.50
2026-01-15;10:00;Ray;Biography;Taylor Hackford;2004;152;12;8.00
2026-01-14;10:30;Midnight Express;Biography;Alan Parker;1978;121;12;8.50
2026-01-13;10:30;Dirty Harry;Action;Don Siegel;1971;102;12;6.50
2026-01-12;12:30;When Harry Met Sally...;Comedy;Rob Reiner;1989;95;12;8.50
2026-01-12;10:00;Predator;Action;John McTiernan;1987;107;12;8.50
2026-01-11;18:30;Taegukgi hwinalrimyeo;Action;Je-kyu Kang;2004;140;16;9.00
2026-01-11;16:00;Fargo;Crime;Joel Coen;1996;98;12;8.50
2026-01-11;13:30;Dirty Harry;Action;Don Siegel;1971;102;12;8.00
2026-01-11;10:00;Ray;Biography;Taylor Hackford;2004;152;12;8.50
2026-01-10;18:30;Dirty Harry;Action;Don Siegel;1971;102;12;9.50
2026-01-10;16:00;High Noon;Drama;Fred Zinnemann;1952;85;6;7.50
2026-01-10;12:30;Papillon;Biography;Franklin J. Schaffner;1973;151;16;7.50
2026-01-10;10:00;Office Space;Comedy;Mike Judge;1999;89;16;7.50
2026-01-09;10:00;Kôkaku Kidôtai;Animation;Mamoru Oshii;1995;83;12;7.00
2026-01-08;16:00;Harvey;Comedy;Henry Koster;1950;104;12;8.50
2026-01-08;13:30;Double Indemnity;Crime;Billy Wilder;1944;107;12;7.50
2026-01-08;10:00;Taegukgi hwinalrimyeo;Action;Je-kyu Kang;2004;140;16;7.50
2026-01-07;10:00;Taegukgi hwinalrimyeo;Action;Je-kyu Kang;2004;140;16;7.50
2026-01-06;13:30;Hannah and Her Sisters;Comedy;Woody Allen;1986;107;12;6.50
2026-01-06;10:30;Hannah and Her Sisters;Comedy;Woody Allen;1986;107;12;6.50
2026-01-05;16:30;The Last Samurai;Action;Edward Zwick;2003;154;12;6.50
2026-01-05;13:00;Papillon;Biography;Franklin J. Schaffner;1973;151;16;7.00
2026-01-05;10:30;Office Space;Comedy;Mike Judge;1999;89;16;7.00
2026-01-04;19:00;Fargo;Crime;Joel Coen;1996;98;12;9.00
2026-01-04;16:00;The Remains of the Day;Drama;James Ivory;1993;134;0;8.00
2026-01-04;13:00;L.A. Confidential;Crime;Curtis Hanson;1997;138;12;7.50
2026-01-04;10:30;Chung Hing sam lam;Comedy;Kar-Wai Wong;1994;102;0;8.50
2026-01-03;19:00;Mississippi Burning;Crime;Alan Parker;1988;128;12;10.00
2026-01-03;16:30;Predator;Action;John McTiernan;1987;107;12;7.50
2026-01-03;13:00;The Last Samurai;Action;Edward Zwick;2003;154;12;7.50
2026-01-03;10:30;Fargo;Crime;Joel Coen;1996;98;12;7.00
2026-01-02;10:00;The Third Man;Film-Noir;Carol Reed;1949;104;12;6.50
2026-01-01;17:00;Love and Death;Comedy;Woody Allen;1975;85;6;8.00
2026-01-01;14:00;Midnight Express;Biography;Alan Parker;1978;121;12;8.50
2026-01-01;10:30;The Departed;Crime;Martin Scorsese;2006;151;12;8.00
2025-12-31;10:30;The Wild Bunch;Action;Sam Peckinpah;1969;145;12;6.50
2025-12-30;10:00;Office Space;Comedy;Mike Judge;1999;89;16;7.50
2025-12-29;12:30;Papillon;Biography;Franklin J. Schaffner;1973;151;16;8.00
2025-12-29;10:00;Chung Hing sam lam;Comedy;Kar-Wai Wong;1994;102;0;7.50
2025-12-28;16:30;La planète sauvage;Animation;René Laloux;1973;72;0;8.50
2025-12-28;14:00;Yôjinbô;Action;Akira Kurosawa;1961;110;12;8.00
2025-12-28;10:30;The Great Escape;Adventure;John Sturges;1963;172;0;8.50
2025-12-27;15:30;American Psycho;Comedy;Mary Harron;2000;101;12;7.00
2025-12-27;13:00;When Harry Met Sally...;Comedy;Rob Reiner;1989;95;12;8.50
2025-12-27;10:30;High Noon;Drama;Fred Zinnemann;1952;85;6;8.00
2025-12-26;10:30;My Left Foot: The Story of Christy Brown;Biography;Jim Sheridan;1989;103;0;8.50
2025-12-25;16:00;L.A. Confidential;Crime;Curtis Hanson;1997;138;12;7.00
2025-12-25;13:00;Minority Report;Action;Steven Spielberg;2002;145;12;8.50
2025-12-25;10:30;Predator;Action;John McTiernan;1987;107;12;6.50
2025-12-24;12:30;American Psycho;Comedy;Mary Harron;2000;101;12;7.50
2025-12-24;10:00;When Harry Met Sally...;Comedy;Rob Reiner;1989;95;12;7.00
2025-12-23;16:30;Office Space;Comedy;Mike Judge;1999;89;16;6.50
2025-12-23;13:30;The Fugitive;Action;Andrew Davis;1993;130;0;7.00
2025-12-23;10:00;Papillon;Biography;Franklin J. Schaffner;1973;151;16;7.00
2025-12-22;16:00;The Wild Bunch;Action;Sam Peckinpah;1969;145;12;8.00
2025-12-22;13:30;When Harry Met Sally...;Comedy;Rob Reiner;1989;95;12;6.50
2025-12-22;10:30;Midnight Express;Biography;Alan Parker;1978;121;12;7.50
2025-12-21;15:00;Yôjinbô;Action;Akira Kurosawa;1961;110;12;8.50
2025-12-21;12:30;Pink Floyd: The Wall;Drama;Alan Parker;1982;95;12;8.00
2025-12-21;10:00;Trois couleurs: Bleu;Drama;Krzysztof Kieslowski;1993;94;0;8.50
2025-12-20;15:30;Midnight Express;Biography;Alan Parker;1978;121;12;7.50
2025-12-20;12:30;All That Jazz;Drama;Bob Fosse;1979;123;12;7.50
2025-12-20;10:00;Kumonosu-jô;Drama;Akira Kurosawa;1957;110;12;7.50
2025-12-19;15:30;Predator;Action;John McTiernan;1987;107;12;8.50
2025-12-19;13:00;Love and Death;Comedy;Woody Allen;1975;85;6;8.00
2025-12-19;10:30;Fa yeung nin wah;Drama;Kar-Wai Wong;2000;98;0;8.00
2025-12-18;15:30;La montaña sagrada;Adventure;Alejandro Jodorowsky;1973;114;16;8.00
2025-12-18;12:30;All That Jazz;Drama;Bob Fosse;1979;123;12;8.00
2025-12-18;10:00;Bom Yeoareum Gaeul Gyeoul Geurigo Bom;Drama;Ki-duk Kim;2003;103;16;8.00
2025-12-17;16:30;Yôjinbô;Action;Akira Kurosawa;1961;110;12;8.50
2025-12-17;13:30;All That Jazz;Drama;Bob Fosse;1979;123;12;8.00
2025-12-17;10:30;Predator;Action;John McTiernan;1987;107;12;8.50
2025-12-16;13:00;High Noon;Drama;Fred Zinnemann;1952;85;6;7.00
2025-12-16;10:30;28 Days Later...;Drama;Danny Boyle;2002;113;12;8.00
2025-12-15;13:00;Papillon;Biography;Franklin J. Schaffner;1973;151;16;8.50
2025-12-15;10:00;The Fugitive;Action;Andrew Davis;1993;130;0;6.50
2025-12-14;15:30;Kumonosu-jô;Drama;Akira Kurosawa;1957;110;12;7.00
2025-12-14;13:00;Rupan sansei: Kariosutoro no shiro;Animation;Hayao Miyazaki;1979;100;0;8.00
2025-12-14;10:30;Dip huet seung hung;Action;John Woo;1989;111;16;6.50
2025-12-13;16:30;Bom Yeoareum Gaeul Gyeoul Geurigo Bom;Drama;Ki-duk Kim;2003;103;16;7.50
2025-12-13;14:00;Fa yeung nin wah;Drama;Kar-Wai Wong;2000;98;0;6.50
2025-12-13;10:00;The Great Escape;Adventure;John Sturges;1963;172;0;8.00
2025-12-12;10:00;La battaglia di Algeri;Drama;Gillo Pontecorvo;1966;121;12;8.00
2025-12-11;10:30;Scarface;Crime;Brian De Palma;1983;170;12;8.00
2025-12-10;12:30;The Wild Bunch;Action;Sam Peckinpah;1969;145;12;7.50
2025-12-10;10:00;Trois couleurs: Bleu;Drama;Krzysztof Kieslowski;1993;94;0;7.50
2025-12-09;10:30;Once Were Warriors;Crime;Lee Tamahori;1994;102;12;7.50
2025-12-08;16:00;The Great Escape;Adventure;John Sturges;1963;172;0;7.50
2025-12-08;13:30;La montaña sagrada;Adventure;Alejandro Jodorowsky;1973;114;16;7.50
2025-12-08;10:00;The Great Escape;Adventure;John Sturges;1963;172;0;6.50
2025-12-07;15:30;Once Were Warriors;Crime;Lee Tamahori;1994;102;12;7.00
2025-12-07;13:00;Trois couleurs: Bleu;Drama;Krzysztof Kieslowski;1993;94;0;8.50
2025-12-07;10:00;La montaña sagrada;Adventure;Alejandro Jodorowsky;1973;114;16;8.00
2025-12-06;15:30;Dilwale Dulhania Le Jayenge;Drama;Aditya Chopra;1995;189;0;6.50
2025-12-06;13:00;Bom Yeoareum Gaeul Gyeoul Geurigo Bom;Drama;Ki-duk Kim;2003;103;16;6.50
2025-12-06;10:30;Once Were Warriors;Crime;Lee Tamahori;1994;102;12;8.00
2025-12-05;18:00;Dilwale Dulhania Le Jayenge;Drama;Aditya Chopra;1995;189;0;9.50
2025-12-05;15:30;Kumonosu-jô;Drama;Akira Kurosawa;1957;110;12;7.50
2025-12-05;10:30;Gone with the Wind;Drama;Victor Fleming;1939;238;0;7.00
2025-12-04;18:00;Minority Report;Action;Steven Spielberg;2002;145;12;9.50
2025-12-04;13:00;Gone with the Wind;Drama;Victor Fleming;1939;238;0;6.50
2025-12-04;10:30;Once Were Warriors;Crime;Lee Tamahori;1994;102;12;8.00
2025-12-03;15:30;Minority Report;Action;Steven Spielberg;2002;145;12;6.50
2025-12-03;12:30;The Fugitive;Action;Andrew Davis;1993;130;0;7.50
2025-12-03;10:00;My Left Foot: The Story of Christy Brown;Biography;Jim Sheridan;1989;103;0;7.00
2025-12-02;16:00;Dilwale Dulhania Le Jayenge;Drama;Aditya Chopra;1995;189;0;6.50
2025-12-02;12:30;Papillon;Biography;Franklin J. Schaffner;1973;151;16;8.00
2025-12-02;10:00;When Harry Met Sally...;Comedy;Rob Reiner;1989;95;12;6.50
2025-12-01;10:00;The Wild Bunch;Action;Sam Peckinpah;1969;145;12;7.50
2025-11-30;21:00;Lock, Stock and Two Smoking Barrels;Action;Guy Ritchie;1998;107;12;10.00
2025-11-30;16:30;Malcolm X;Biography;Spike Lee;1992;202;0;6.50
2025-11-30;13:30;La battaglia di Algeri;Drama;Gillo Pontecorvo;1966;121;12;7.50
2025-11-30;10:00;Stalker;Drama;Andrei Tarkovsky;1979;162;0;8.50
2025-11-29;19:00;La planète sauvage;Animation;René Laloux;1973;72;0;10.00
2025-11-29;15:30;Scarface;Crime;Brian De Palma;1983;170;12;8.00
2025-11-29;13:00;Bom Yeoareum Gaeul Gyeoul Geurigo Bom;Drama;Ki-duk Kim;2003;103;16;7.50
2025-11-29;10:00;Lock, Stock and Two Smoking Barrels;Action;Guy Ritchie;1998;107;12;7.50
2025-11-28;10:00;East of Eden;Drama;Elia Kazan;1955;118;0;8.50
2025-11-27;17:00;My Left Foot: The Story of Christy Brown;Biography;Jim Sheridan;1989;103;0;8.50
2025-11-27;14:30;American Psycho;Comedy;Mary Harron;2000;101;12;7.00
2025-11-27;10:30;Malcolm X;Biography;Spike Lee;1992;202;0;8.50
2025-11-26;16:00;Rupan sansei: Kariosutoro no shiro;Animation;Hayao Miyazaki;1979;100;0;8.50
2025-11-26;12:30;Stalker;Drama;Andrei Tarkovsky;1979;162;0;8.50
2025-11-26;10:30;La planète sauvage;Animation;René Laloux;1973;72;0;7.50
2025-11-25;10:00;28 Days Later...;Drama;Danny Boyle;2002;113;12;8.00
2025-11-24;14:00;East of Eden;Drama;Elia Kazan;1955;118;0;8.00
2025-11-24;10:30;Minority Report;Action;Steven Spielberg;2002;145;12;7.00
2025-11-23;18:00;The Machinist;Drama;Brad Anderson;2004;101;16;8.50
2025-11-23;15:00;Lock, Stock and Two Smoking Barrels;Action;Guy Ritchie;1998;107;12;8.00
2025-11-23;12:30;Trois couleurs: Bleu;Drama;Krzysztof Kieslowski;1993;94;0;8.50
2025-11-23;10:00;Trois couleurs: Bleu;Drama;Krzysztof Kieslowski;1993;94;0;6.50
2025-11-22;18:30;Das Boot;Adventure;Wolfgang Petersen;1981;149;16;8.50
2025-11-22;16:00;The Sandlot;Comedy;David Mickey Evans;1993;101;0;8.00
2025-11-22;13:00;Sleuth;Mystery;Joseph L. Mankiewicz;1972;138;6;6.50
2025-11-22;10:30;American Psycho;Comedy;Mary Harron;2000;101;12;6.50
2025-11-21;10:00;Minority Report;Action;Steven Spielberg;2002;145;12;7.00
2025-11-20;12:00;Minority Report;Action;Steven Spielberg;2002;145;12;6.50
2025-11-20;10:00;La planète sauvage;Animation;René Laloux;1973;72;0;8.00
2025-11-19;12:30;When Harry Met Sally...;Comedy;Rob Reiner;1989;95;12;7.50
2025-11-19;10:00;28 Days Later...;Drama;Danny Boyle;2002;113;12;8.50
2025-11-18;13:30;Stalker;Drama;Andrei Tarkovsky;1979;162;0;8.50
2025-11-18;10:30;Das Boot;Adventure;Wolfgang Petersen;1981;149;16;7.50
2025-11-17;16:00;Das Boot;Adventure;Wolfgang Petersen;1981;149;16;8.00
2025-11-17;12:30;Ray;Biography;Taylor Hackford;2004;152;12;8.00
2025-11-17;10:00;Enter the Dragon;Action;Robert Clouse;1973;102;12;8.50
2025-11-16;17:00;Rosemary's Baby;Drama;Roman Polanski;1968;137;12;7.50
2025-11-16;13:30;Stalker;Drama;Andrei Tarkovsky;1979;162;0;7.50
2025-11-16;10:00;Minority Report;Action;Steven Spielberg;2002;145;12;6.50
2025-11-15;20:30;American Psycho;Comedy;Mary Harron;2000;101;12;9.00
2025-11-15;17:00;Harry Potter and the Goblet of Fire;Adventure;Mike Newell;2005;157;12;7.50
2025-11-15;13:30;Stalker;Drama;Andrei Tarkovsky;1979;162;0;8.00
2025-11-15;10:30;Crash;Crime;Paul Haggis;2004;112;12;7.50
2025-11-14;15:00;American Psycho;Comedy;Mary Harron;2000;101;12;7.00
2025-11-14;12:30;American Psycho;Comedy;Mary Harron;2000;101;12;6.50
2025-11-14;10:00;The Machinist;Drama;Brad Anderson;2004;101;16;6.50
2025-11-13;10:30;The Machinist;Drama;Brad Anderson;2004;101;16;8.00
2025-11-12;10:00;King Kong;Adventure;Merian C. Cooper;1933;100;12;8.50
2025-11-11;13:30;Malcolm X;Biography;Spike Lee;1992;202;0;8.00
2025-11-11;10:00;Stalker;Drama;Andrei Tarkovsky;1979;162;0;7.00
2025-11-10;15:00;Minority Report;Action;Steven Spielberg;2002;145;12;7.00
2025-11-10;12:30;Crash;Crime;Paul Haggis;2004;112;12;7.50
2025-11-10;10:00;King Kong;Adventure;Merian C. Cooper;1933;100;12;7.50
2025-11-09;20:00;Ray;Biography;Taylor Hackford;2004;152;12;9.50
2025-11-09;16:00;Titanic;Drama;James Cameron;1997;194;12;7.00
2025-11-09;13:00;28 Days Later...;Drama;Danny Boyle;2002;113;12;8.50
2025-11-09;10:00;28 Days Later...;Drama;Danny Boyle;2002;113;12;8.00
2025-11-08;15:30;Tengoku to jigoku;Crime;Akira Kurosawa;1963;143;12;8.00
2025-11-08;13:00;When Harry Met Sally...;Comedy;Rob Reiner;1989;95;12;8.00
2025-11-08;10:00;Indiana Jones and the Last Crusade;Action;Steven Spielberg;1989;127;0;8.50
2025-11-07;10:30;A Streetcar Named Desire;Drama;Elia Kazan;1951;122;12;8.00
2025-11-06;13:00;Harry Potter and the Goblet of Fire;Adventure;Mike Newell;2005;157;12;8.50
2025-11-06;10:00;Sleuth;Mystery;Joseph L. Mankiewicz;1972;138;6;7.50
2025-11-05;10:30;When Harry Met Sally...;Comedy;Rob Reiner;1989;95;12;7.00
2025-11-04;13:00;Das Boot;Adventure;Wolfgang Petersen;1981;149;16;7.00
2025-11-04;10:30;The Machinist;Drama;Brad Anderson;2004;101;16;6.50
2025-11-03;13:30;Indiana Jones and the Last Crusade;Action;Steven Spielberg;1989;127;0;8.50
2025-11-03;10:30;Per qualche dollaro in più;Western;Sergio Leone;1965;132;0;8.00
2025-11-02;19:30;Harry Potter and the Goblet of Fire;Adventure;Mike Newell;2005;157;12;8.50
2025-11-02;16:00;Ray;Biography;Taylor Hackford;2004;152;12;6.50
2025-11-02;13:00;Indiana Jones and the Last Crusade;Action;Steven Spielberg;1989;127;0;7.00
2025-11-02;10:30;King Kong;Adventure;Merian C. Cooper;1933;100;12;6.50
2025-11-01;19:30;The Sound of Music;Biography;Robert Wise;1965;172;0;8.50
2025-11-01;16:30;East of Eden;Drama;Elia Kazan;1955;118;0;6.50
2025-11-01;13:30;Indiana Jones and the Last Crusade;Action;Steven Spielberg;1989;127;0;7.50
2025-11-01;10:00;Tengoku to jigoku;Crime;Akira Kurosawa;1963;143;12;7.00
2025-10-31;15:30;On Golden Pond;Drama;Mark Rydell;1981;109;12;6.50
2025-10-31;13:00;The Goonies;Adventure;Richard Donner;1985;114;0;8.00
2025-10-31;10:00;The Philadelphia Story;Comedy;George Cukor;1940;112;12;8.50
2025-10-30;10:00;Enter the Dragon;Action;Robert Clouse;1973;102;12;8.00
2025-10-29;14:00;Enter the Dragon;Action;Robert Clouse;1973;102;12;7.50
2025-10-29;10:30;Tengoku to jigoku;Crime;Akira Kurosawa;1963;143;12;8.00
2025-10-28;14:00;Rosemary's Baby;Drama;Roman Polanski;1968;137;12;7.50
2025-10-28;10:30;Harry Potter and the Goblet of Fire;Adventure;Mike Newell;2005;157;12;7.50
2025-10-27;10:30;The Sound of Music;Biography;Robert Wise;1965;172;0;8.00
2025-10-26;17:30;Harry Potter and the Goblet of Fire;Adventure;Mike Newell;2005;157;12;7.50
2025-10-26;14:00;Das Boot;Adventure;Wolfgang Petersen;1981;149;16;6.50
2025-10-26;10:30;Harry Potter and the Goblet of Fire;Adventure;Mike Newell;2005;157;12;8.00
2025-10-25;17:00;Vizontele;Comedy;Yilmaz Erdogan;2001;110;12;6.50
2025-10-25;13:30;Ray;Biography;Taylor Hackford;2004;152;12;6.50
2025-10-25;10:00;Kelly's Heroes;Adventure;Brian G. Hutton;1970;144;12;8.50
2025-10-24;10:30;A Streetcar Named Desire;Drama;Elia Kazan;1951;122;12;8.00
2025-10-23;15:30;Rushmore;Comedy;Wes Anderson;1998;93;12;7.00
2025-10-23;13:00;On Golden Pond;Drama;Mark Rydell;1981;109;12;7.00
2025-10-23;10:00;Tengoku to jigoku;Crime;Akira Kurosawa;1963;143;12;8.50
2025-10-22;10:00;The Sound of Music;Biography;Robert Wise;1965;172;0;6.50
2025-10-21;15:30;Ray;Biography;Taylor Hackford;2004;152;12;8.50
2025-10-21;13:00;The Lady Vanishes;Mystery;Alfred Hitchcock;1938;96;12;8.00
2025-10-21;10:30;On Golden Pond;Drama;Mark Rydell;1981;109;12;7.50
2025-10-20;10:00;Manhattan;Comedy;Woody Allen;1979;96;16;7.50
2025-10-19;18:30;Indiana Jones and the Last Crusade;Action;Steven Spielberg;1989;127;0;10.00
2025-10-19;15:30;Kelly's Heroes;Adventure;Brian G. Hutton;1970;144;12;8.50
2025-10-19;12:30;Midnight Express;Biography;Alan Parker;1978;121;12;6.50
2025-10-19;10:00;Enter the Dragon;Action;Robert Clouse;1973;102;12;6.50
2025-10-18;16:00;Harry Potter and the Goblet of Fire;Adventure;Mike Newell;2005;157;12;7.00
2025-10-18;13:30;Zerkalo;Biography;Andrei Tarkovsky;1975;107;0;6.50
2025-10-18;10:30;Kelly's Heroes;Adventure;Brian G. Hutton;1970;144;12;6.50
2025-10-17;10:00;The Sound of Music;Biography;Robert Wise;1965;172;0;8.50
2025-10-16;16:30;Harry Potter and the Goblet of Fire;Adventure;Mike Newell;2005;157;12;7.50
2025-10-16;13:30;L'avventura;Drama;Michelangelo Antonioni;1960;144;0;8.00
2025-10-16;10:30;A Streetcar Named Desire;Drama;Elia Kazan;1951;122;12;7.50
2025-10-15;16:00;Ray;Biography;Taylor Hackford;2004;152;12;7.00
2025-10-15;13:00;Vizontele;Comedy;Yilmaz Erdogan;2001;110;12;6.50
2025-10-15;10:30;Rushmore;Comedy;Wes Anderson;1998;93;12;8.50
2025-10-14;14:00;King Kong;Adventure;Merian C. Cooper;1933;100;12;7.00
2025-10-14;10:30;Ray;Biography;Taylor Hackford;2004;152;12;7.50
2025-10-13;12:30;Pirates of the Caribbean: The Curse of the Black Pearl;Action;Gore Verbinski;2003;143;12;7.50
2025-10-13;10:00;Halloween;Horror;John Carpenter;1978;91;12;8.50
2025-10-12;18:30;Kelly's Heroes;Adventure;Brian G. Hutton;1970;144;12;9.50
2025-10-12;16:00;The Lady Vanishes;Mystery;Alfred Hitchcock;1938;96;12;8.50
2025-10-12;13:30;The Goonies;Adventure;Richard Donner;1985;114;0;8.00
2025-10-12;10:00;Pirates of the Caribbean: The Curse of the Black Pearl;Action;Gore Verbinski;2003;143;12;8.00
2025-10-11;19:00;Rushmore;Comedy;Wes Anderson;1998;93;12;8.50
2025-10-11;16:30;Rushmore;Comedy;Wes Anderson;1998;93;12;8.00
2025-10-11;14:00;Enter the Dragon;Action;Robert Clouse;1973;102;12;7.00
2025-10-11;10:00;Titanic;Drama;James Cameron;1997;194;12;7.50
2025-10-10;16:30;The Sound of Music;Biography;Robert Wise;1965;172;0;8.00
2025-10-10;14:00;Manhattan;Comedy;Woody Allen;1979;96;16;8.50
2025-10-10;10:00;The Godfather: Part II;Crime;Francis Ford Coppola;1974;202;12;6.50
2025-10-09;16:30;The Goonies;Adventure;Richard Donner;1985;114;0;8.00
2025-10-09;12:30;The Godfather: Part II;Crime;Francis Ford Coppola;1974;202;12;7.50
2025-10-09;10:00;Enter the Dragon;Action;Robert Clouse;1973;102;12;8.00
2025-10-08;12:30;Halloween;Horror;John Carpenter;1978;91;12;8.00
2025-10-08;10:00;Paper Moon;Comedy;Peter Bogdanovich;1973;102;0;8.50
2025-10-07;14:00;Rushmore;Comedy;Wes Anderson;1998;93;12;8.00
2025-10-07;10:30;The Sound of Music;Biography;Robert Wise;1965;172;0;8.50
2025-10-06;12:30;Philadelphia;Drama;Jonathan Demme;1993;125;12;6.50
2025-10-06;10:00;The Lady Vanishes;Mystery;Alfred Hitchcock;1938;96;12;8.50
2025-10-05;18:30;The Sound of Music;Biography;Robert Wise;1965;172;0;9.00
2025-10-05;16:00;Rushmore;Comedy;Wes Anderson;1998;93;12;7.50
2025-10-05;13:00;Donnie Darko;Drama;Richard Kelly;2001;113;16;8.00
2025-10-05;10:00;The Goonies;Adventure;Richard Donner;1985;114;0;7.00
2025-10-04;19:00;Manhattan;Comedy;Woody Allen;1979;96;16;9.50
2025-10-04;16:00;A Streetcar Named Desire;Drama;Elia Kazan;1951;122;12;7.00
2025-10-04;13:00;Midnight Express;Biography;Alan Parker;1978;121;12;7.50
2025-10-04;10:00;Kelly's Heroes;Adventure;Brian G. Hutton;1970;144;12;8.00
2025-10-03;10:30;Manhattan;Comedy;Woody Allen;1979;96;16;8.00
2025-10-02;13:00;Ying xiong;Action;Yimou Zhang;2002;120;12;7.00
2025-10-02;10:00;Withnail & I;Comedy;Bruce Robinson;1987;107;16;8.50
2025-10-01;13:00;Pirates of the Caribbean: The Curse of the Black Pearl;Action;Gore Verbinski;2003;143;12;6.50
2025-10-01;10:00;Per qualche dollaro in più;Western;Sergio Leone;1965;132;0;6.50
2025-09-30;10:30;Bronenosets Potemkin;Drama;Sergei M. Eisenstein;1925;75;12;7.50
2025-09-29;10:00;Pirates of the Caribbean: The Curse of the Black Pearl;Action;Gore Verbinski;2003;143;12;7.00
2025-09-28;16:00;Bronenosets Potemkin;Drama;Sergei M. Eisenstein;1925;75;12;8.00
2025-09-28;13:00;Ying xiong;Action;Yimou Zhang;2002;120;12;6.50
2025-09-28;10:30;The Conversation;Drama;Francis Ford Coppola;1974;113;0;7.50
2025-09-27;20:00;Cidade de Deus;Crime;Fernando Meirelles;2002;130;12;8.50
2025-09-27;17:00;Philadelphia;Drama;Jonathan Demme;1993;125;12;7.00
2025-09-27;14:00;Kelly's Heroes;Adventure;Brian G. Hutton;1970;144;12;8.00
2025-09-27;10:00;The Right Stuff;Adventure;Philip Kaufman;1983;193;6;8.50
2025-09-26;10:00;Midnight Express;Biography;Alan Parker;1978;121;12;8.50
2025-09-25;16:00;The Wizard of Oz;Adventure;Victor Fleming;1939;102;0;6.50
2025-09-25;13:00;Ying xiong;Action;Yimou Zhang;2002;120;12;7.50
2025-09-25;10:30;Withnail & I;Comedy;Bruce Robinson;1987;107;16;8.00
2025-09-24;13:00;The Wizard of Oz;Adventure;Victor Fleming;1939;102;0;8.00
2025-09-24;10:30;The Lady Vanishes;Mystery;Alfred Hitchcock;1938;96;12;7.00
2025-09-23;13:30;Dà hóng denglong gaogao guà;Drama;Yimou Zhang;1991;125;6;7.50
2025-09-23;10:30;The Conversation;Drama;Francis Ford Coppola;1974;113;0;8.50
2025-09-22;16:00;Withnail & I;Comedy;Bruce Robinson;1987;107;16;8.00
2025-09-22;13:30;La double vie de Véronique;Drama;Krzysztof Kieslowski;1991;98;16;6.50
2025-09-22;10:30;Wo hu cang long;Action;Ang Lee;2000;120;12;6.50
2025-09-21;19:30;The Right Stuff;Adventure;Philip Kaufman;1983;193;6;10.00
2025-09-21;16:00;L'avventura;Drama;Michelangelo Antonioni;1960;144;0;7.00
2025-09-21;13:30;Per un pugno di dollari;Action;Sergio Leone;1964;99;12;7.00
2025-09-21;10:30;L'avventura;Drama;Michelangelo Antonioni;1960;144;0;6.50
2025-09-20;19:00;Kaze no tani no Naushika;Animation;Hayao Miyazaki;1984;117;0;10.00
2025-09-20;16:00;Philadelphia;Drama;Jonathan Demme;1993;125;12;8.50
2025-09-20;13:30;The Wizard of Oz;Adventure;Victor Fleming;1939;102;0;7.00
2025-09-20;10:30;Ying xiong;Action;Yimou Zhang;2002;120;12;7.00
2025-09-19;12:30;Ladri di biciclette;Drama;Vittorio De Sica;1948;89;12;8.00
2025-09-19;10:00;The Wizard of Oz;Adventure;Victor Fleming;1939;102;0;7.00
2025-09-18;13:00;Black Hawk Down;Drama;Ridley Scott;2001;144;12;7.00
2025-09-18;10:00;Cidade de Deus;Crime;Fernando Meirelles;2002;130;12;7.00
2025-09-17;16:00;Kelly's Heroes;Adventure;Brian G. Hutton;1970;144;12;7.00
2025-09-17;13:30;Per un pugno di dollari;Action;Sergio Leone;1964;99;12;7.00
2025-09-17;10:30;Dà hóng denglong gaogao guà;Drama;Yimou Zhang;1991;125;6;7.00
2025-09-16;10:00;The Lady Vanishes;Mystery;Alfred Hitchcock;1938;96;12;7.00
2025-09-15;10:00;Kelly's Heroes;Adventure;Brian G. Hutton;1970;144;12;7.50
2025-09-14;15:00;A Streetcar Named Desire;Drama;Elia Kazan;1951;122;12;6.50
2025-09-14;12:30;The Wizard of Oz;Adventure;Victor Fleming;1939;102;0;8.00
2025-09-14;10:00;La double vie de Véronique;Drama;Krzysztof Kieslowski;1991;98;16;7.50
2025-09-13;19:00;A Streetcar Named Desire;Drama;Elia Kazan;1951;122;12;9.50
2025-09-13;16:30;Withnail & I;Comedy;Bruce Robinson;1987;107;16;6.50
2025-09-13;13:30;Cidade de Deus;Crime;Fernando Meirelles;2002;130;12;8.00
2025-09-13;10:30;Boksuneun naui geot;Crime;Chan-wook Park;2002;129;16;8.50
2025-09-12;12:30;The Wizard of Oz;Adventure;Victor Fleming;1939;102;0;8.00
2025-09-12;10:30;Bronenosets Potemkin;Drama;Sergei M. Eisenstein;1925;75;12;6.50
2025-09-11;10:30;Withnail & I;Comedy;Bruce Robinson;1987;107;16;7.00
2025-09-10;17:30;The Count of Monte Cristo;Action;Kevin Reynolds;2002;131;12;7.50
2025-09-10;15:00;Les yeux sans visage;Drama;Georges Franju;1960;90;12;8.50
2025-09-10;10:30;Spartacus;Adventure;Stanley Kubrick;1960;197;12;8.50
2025-09-09;10:00;Ying xiong;Action;Yimou Zhang;2002;120;12;8.00
2025-09-08;10:30;Spartacus;Adventure;Stanley Kubrick;1960;197;12;7.00
2025-09-07;15:30;Donnie Darko;Drama;Richard Kelly;2001;113;16;8.50
2025-09-07;13:00;Bonnie and Clyde;Action;Arthur Penn;1967;111;12;8.00
2025-09-07;10:00;Breakfast at Tiffany's;Comedy;Blake Edwards;1961;115;12;8.50
2025-09-06;19:00;The Count of Monte Cristo;Action;Kevin Reynolds;2002;131;12;10.00
2025-09-06;16:00;Mr. Smith Goes to Washington;Comedy;Frank Capra;1939;129;12;7.00
2025-09-06;13:30;The Conversation;Drama;Francis Ford Coppola;1974;113;0;8.50
2025-09-06;10:30;Seppuku;Action;Masaki Kobayashi;1962;133;12;6.50
2025-09-05;14:00;The Right Stuff;Adventure;Philip Kaufman;1983;193;6;7.50
2025-09-05;10:30;Metropolis;Drama;Fritz Lang;1927;153;12;8.00
2025-09-04;10:00;Love and Death;Comedy;Woody Allen;1975;85;6;8.00
2025-09-03;10:00;Metropolis;Drama;Fritz Lang;1927;153;12;8.50
2025-09-02;10:30;Kaze no tani no Naushika;Animation;Hayao Miyazaki;1984;117;0;8.50
2025-09-01;16:00;Fiddler on the Roof;Drama;Norman Jewison;1971;181;0;6.50
2025-09-01;13:00;Dà hóng denglong gaogao guà;Drama;Yimou Zhang;1991;125;6;7.00
2025-09-01;10:30;Per un pugno di dollari;Action;Sergio Leone;1964;99;12;7.00
2025-08-31;19:00;Harvey;Comedy;Henry Koster;1950;104;12;9.50
2025-08-31;16:00;Full Metal Jacket;Drama;Stanley Kubrick;1987;116;12;6.50
2025-08-31;13:00;Good Will Hunting;Drama;Gus Van Sant;1997;126;0;8.00
2025-08-31;10:30;Per un pugno di dollari;Action;Sergio Leone;1964;99;12;8.00
2025-08-30;17:00;The Count of Monte Cristo;Action;Kevin Reynolds;2002;131;12;7.00
2025-08-30;13:30;All Quiet on the Western Front;Drama;Lewis Milestone;1930;152;0;7.00
2025-08-30;10:30;Naked;Comedy;Mike Leigh;1993;132;12;6.50
2025-08-29;13:30;Boksuneun naui geot;Crime;Chan-wook Park;2002;129;16;6.50
2025-08-29;10:30;Full Metal Jacket;Drama;Stanley Kubrick;1987;116;12;8.00
2025-08-28;10:30;Naked;Comedy;Mike Leigh;1993;132;12;8.00
2025-08-27;16:30;Les yeux sans visage;Drama;Georges Franju;1960;90;12;8.50
2025-08-27;13:30;Breakfast at Tiffany's;Comedy;Blake Edwards;1961;115;12;6.50
2025-08-27;10:30;Black Hawk Down;Drama;Ridley Scott;2001;144;12;6.50
2025-08-26;15:30;The Green Mile;Crime;Frank Darabont;1999;189;12;7.50
2025-08-26;12:30;Kaze no tani no Naushika;Animation;Hayao Miyazaki;1984;117;0;7.50
2025-08-26;10:00;Jungfrukällan;Drama;Ingmar Bergman;1960;89;12;6.50
2025-08-25;13:00;All Quiet on the Western Front;Drama;Lewis Milestone;1930;152;0;7.50
2025-08-25;10:30;Harvey;Comedy;Henry Koster;1950;104;12;7.00
2025-08-24;20:00;The Green Mile;Crime;Frank Darabont;1999;189;12;9.00
2025-08-24;17:00;The Outlaw Josey Wales;Western;Clint Eastwood;1976;135;12;8.00
2025-08-24;13:00;Spartacus;Adventure;Stanley Kubrick;1960;197;12;6.50
2025-08-24;10:00;Eskiya;Crime;Yavuz Turgul;1996;128;12;7.50
2025-08-23;18:30;Days of Heaven;Drama;Terrence Malick;1978;94;6;9.50
2025-08-23;15:30;Withnail & I;Comedy;Bruce Robinson;1987;107;16;6.50
2025-08-23;12:30;Mr. Smith Goes to Washington;Comedy;Frank Capra;1939;129;12;8.00
2025-08-23;10:00;Withnail & I;Comedy;Bruce Robinson;1987;107;16;6.50
2025-08-22;10:00;Full Metal Jacket;Drama;Stanley Kubrick;1987;116;12;7.00
2025-08-21;10:00;American Beauty;Drama;Sam Mendes;1999;122;12;7.50
2025-08-20;16:30;G.O.R.A.;Adventure;Ömer Faruk Sorak;2004;127;12;6.50
2025-08-20;13:30;One Flew Over the Cuckoo's Nest;Drama;Milos Forman;1975;133;12;7.50
2025-08-20;10:30;Black;Drama;Sanjay Leela Bhansali;2005;122;0;8.00
2025-08-19;10:00;Mr. Smith Goes to Washington;Comedy;Frank Capra;1939;129;12;8.00
2025-08-18;15:30;Ordinary People;Drama;Robert Redford;1980;124;0;6.50
2025-08-18;12:30;The Outlaw Josey Wales;Western;Clint Eastwood;1976;135;12;7.00
2025-08-18;10:00;Watership Down;Animation;Martin Rosen;1978;91;0;6.50
2025-08-17;19:00;Kaze no tani no Naushika;Animation;Hayao Miyazaki;1984;117;0;10.00
2025-08-17;16:00;Interstate 60: Episodes of the Road;Adventure;Bob Gale;2002;116;16;7.50
2025-08-17;13:00;Breakfast at Tiffany's;Comedy;Blake Edwards;1961;115;12;8.00
2025-08-17;10:00;Naked;Comedy;Mike Leigh;1993;132;12;6.50
2025-08-16;19:00;The Day of the Jackal;Crime;Fred Zinnemann;1973;143;12;8.50
2025-08-16;16:00;Some Like It Hot;Comedy;Billy Wilder;1959;121;0;7.50
2025-08-16;13:30;Watership Down;Animation;Martin Rosen;1978;91;0;8.00
2025-08-16;10:30;The Bourne Supremacy;Action;Paul Greengrass;2004;108;12;8.00
2025-08-15;13:30;American Beauty;Drama;Sam Mendes;1999;122;12;7.00
2025-08-15;10:30;Lord of War;Action;Andrew Niccol;2005;122;16;7.50
2025-08-14;13:00;The Outlaw Josey Wales;Western;Clint Eastwood;1976;135;12;7.50
2025-08-14;10:30;Requiem for a Dream;Drama;Darren Aronofsky;2000;102;12;7.50
2025-08-13;10:00;Spartacus;Adventure;Stanley Kubrick;1960;197;12;8.50
2025-08-12;13:00;Black Hawk Down;Drama;Ridley Scott;2001;144;12;8.00
2025-08-12;10:00;Black Hawk Down;Drama;Ridley Scott;2001;144;12;7.50
2025-08-11;13:30;Kaze no tani no Naushika;Animation;Hayao Miyazaki;1984;117;0;7.00
2025-08-11;10:30;Full Metal Jacket;Drama;Stanley Kubrick;1987;116;12;7.00
2025-08-10;18:30;Mr. Smith Goes to Washington;Comedy;Frank Capra;1939;129;12;9.50
2025-08-10;16:00;Watership Down;Animation;Martin Rosen;1978;91;0;8.00
2025-08-10;13:00;One Flew Over the Cuckoo's Nest;Drama;Milos Forman;1975;133;12;8.00
2025-08-10;10:00;American Beauty;Drama;Sam Mendes;1999;122;12;7.00
2025-08-09;18:30;The Day of the Jackal;Crime;Fred Zinnemann;1973;143;12;10.00
2025-08-09;14:30;Spartacus;Adventure;Stanley Kubrick;1960;197;12;7.50
2025-08-09;10:30;Spartacus;Adventure;Stanley Kubrick;1960;197;12;8.50
2025-08-08;14:00;Spartacus;Adventure;Stanley Kubrick;1960;197;12;6.50
2025-08-08;10:00;Fiddler on the Roof;Drama;Norman Jewison;1971;181;0;8.00
2025-08-07;13:30;The Best Years of Our Lives;Drama;William Wyler;1946;170;12;7.00
2025-08-07;10:30;Black;Drama;Sanjay Leela Bhansali;2005;122;0;8.50
2025-08-06;10:30;A Streetcar Named Desire;Drama;Elia Kazan;1951;122;12;7.00
2025-08-05;10:00;American Beauty;Drama;Sam Mendes;1999;122;12;7.50
2025-08-04;13:00;The Day of the Jackal;Crime;Fred Zinnemann;1973;143;12;8.50
2025-08-04;10:00;American Beauty;Drama;Sam Mendes;1999;122;12;7.50
2025-08-03;15:00;The Day of the Jackal;Crime;Fred Zinnemann;1973;143;12;6.50
2025-08-03;12:30;Höstsonaten;Drama;Ingmar Bergman;1978;99;0;7.00
2025-08-03;10:00;The Bourne Supremacy;Action;Paul Greengrass;2004;108;12;7.00
2025-08-02;19:00;Du rififi chez les hommes;Crime;Jules Dassin;1955;118;12;8.50
2025-08-02;16:00;Naked;Comedy;Mike Leigh;1993;132;12;7.00
2025-08-02;13:00;The Outlaw Josey Wales;Western;Clint Eastwood;1976;135;12;6.50
2025-08-02;10:00;Lord of War;Action;Andrew Niccol;2005;122;16;7.50
2025-08-01;15:30;Bonnie and Clyde;Action;Arthur Penn;1967;111;12;8.50
2025-08-01;13:00;Du rififi chez les hommes;Crime;Jules Dassin;1955;118;12;7.50
2025-08-01;10:30;Central do Brasil;Drama;Walter Salles;1998;110;16;7.50
2025-07-31;13:30;Seppuku;Action;Masaki Kobayashi;1962;133;12;6.50
2025-07-31;10:30;American Beauty;Drama;Sam Mendes;1999;122;12;8.00
2025-07-30;10:00;G.O.R.A.;Adventure;Ömer Faruk Sorak;2004;127;12;7.00
2025-07-29;13:30;The Straight Story;Biography;David Lynch;1999;112;0;8.00
2025-07-29;10:30;Some Like It Hot;Comedy;Billy Wilder;1959;121;0;7.50
2025-07-28;13:30;Black;Drama;Sanjay Leela Bhansali;2005;122;0;8.50
2025-07-28;10:30;Match Point;Drama;Woody Allen;2005;124;16;6.50
2025-07-27;15:30;One Flew Over the Cuckoo's Nest;Drama;Milos Forman;1975;133;12;8.00
2025-07-27;13:00;Days of Heaven;Drama;Terrence Malick;1978;94;6;7.50
2025-07-27;10:30;Höstsonaten;Drama;Ingmar Bergman;1978;99;0;8.00
2025-07-26;15:30;Days of Heaven;Drama;Terrence Malick;1978;94;6;8.00
2025-07-26;13:00;Interstate 60: Episodes of the Road;Adventure;Bob Gale;2002;116;16;8.50
2025-07-26;10:00;Du rififi chez les hommes;Crime;Jules Dassin;1955;118;12;7.00
2025-07-25;13:30;Days of Heaven;Drama;Terrence Malick;1978;94;6;8.00
2025-07-25;10:30;Anand;Drama;Hrishikesh Mukherjee;1971;122;0;8.50
2025-07-24;10:00;Du rififi chez les hommes;Crime;Jules Dassin;1955;118;12;8.50
2025-07-23;10:00;The Best Years of Our Lives;Drama;William Wyler;1946;170;12;7.50
2025-07-22;13:30;Mr. Smith Goes to Washington;Comedy;Frank Capra;1939;129;12;8.00
2025-07-22;10:30;Ordinary People;Drama;Robert Redford;1980;124;0;7.50
2025-07-21;17:00;The Fifth Element;Action;Luc Besson;1997;126;12;7.50
2025-07-21;14:00;The Straight Story;Biography;David Lynch;1999;112;0;7.00
2025-07-21;10:30;The Best Years of Our Lives;Drama;William Wyler;1946;170;12;6.50
2025-07-20;18:30;Interstate 60: Episodes of the Road;Adventure;Bob Gale;2002;116;16;9.00
2025-07-20;15:30;Roman Holiday;Comedy;William Wyler;1953;118;12;8.50
2025-07-20;13:00;The Straight Story;Biography;David Lynch;1999;112;0;8.00
2025-07-20;10:30;Days of Heaven;Drama;Terrence Malick;1978;94;6;7.00
2025-07-19;15:30;Kelly's Heroes;Adventure;Brian G. Hutton;1970;144;12;6.50
2025-07-19;13:00;The Bourne Supremacy;Action;Paul Greengrass;2004;108;12;6.50
2025-07-19;10:00;Lord of War;Action;Andrew Niccol;2005;122;16;7.50
2025-07-18;13:00;Toy Story 2;Animation;John Lasseter;1999;92;0;7.00
2025-07-18;10:00;Match Point;Drama;Woody Allen;2005;124;16;7.00
2025-07-17;13:00;Mr. Smith Goes to Washington;Comedy;Frank Capra;1939;129;12;8.00
2025-07-17;10:00;The Day of the Jackal;Crime;Fred Zinnemann;1973;143;12;8.00
2025-07-16;16:30;Anand;Drama;Hrishikesh Mukherjee;1971;122;0;6.50
2025-07-16;13:00;Boogie Nights;Drama;Paul Thomas Anderson;1997;155;16;8.50
2025-07-16;10:00;The Fifth Element;Action;Luc Besson;1997;126;12;8.00
2025-07-15;10:30;Ben-Hur;Adventure;William Wyler;1959;212;0;7.00
2025-07-14;17:00;The Best Years of Our Lives;Drama;William Wyler;1946;170;12;8.50
2025-07-14;14:00;Charade;Comedy;Stanley Donen;1963;113;0;8.00
2025-07-14;10:30;The Best Years of Our Lives;Drama;William Wyler;1946;170;12;8.50
2025-07-13;17:00;Solaris;Drama;Andrei Tarkovsky;1972;167;6;8.50
2025-07-13;13:30;Kelly's Heroes;Adventure;Brian G. Hutton;1970;144;12;8.00
2025-07-13;10:30;Un long dimanche de fiançailles;Drama;Jean-Pierre Jeunet;2004;133;0;6.50
2025-07-12;16:30;Match Point;Drama;Woody Allen;2005;124;16;8.50
2025-07-12;13:30;It's a Wonderful Life;Drama;Frank Capra;1946;130;6;6.50
2025-07-12;10:30;The Fifth Element;Action;Luc Besson;1997;126;12;6.50
2025-07-11;10:30;Lost in Translation;Comedy;Sofia Coppola;2003;102;12;8.50
2025-07-10;13:30;The Bourne Supremacy;Action;Paul Greengrass;2004;108;12;6.50
2025-07-10;10:30;Eskiya;Crime;Yavuz Turgul;1996;128;12;8.00
2025-07-09;10:00;Mulan;Animation;Tony Bancroft;1998;88;0;8.00
2025-07-08;10:30;Solaris;Drama;Andrei Tarkovsky;1972;167;6;7.00
2025-07-07;16:30;The Fifth Element;Action;Luc Besson;1997;126;12;8.50
2025-07-07;13:30;The Fifth Element;Action;Luc Besson;1997;126;12;8.50
2025-07-07;10:30;Akira;Animation;Katsuhiro Ôtomo;1988;124;12;6.50
2025-07-06;17:30;Ben-Hur;Adventure;William Wyler;1959;212;0;6.50
2025-07-06;15:00;The Bourne Supremacy;Action;Paul Greengrass;2004;108;12;7.50
2025-07-06;13:00;The Jungle Book;Animation;Wolfgang Reitherman;1967;78;0;8.50
2025-07-06;10:00;The Verdict;Drama;Sidney Lumet;1982;129;0;6.50
2025-07-05;19:00;O Brother, Where Art Thou?;Adventure;Joel Coen;2000;107;0;10.00
2025-07-05;16:30;Vozvrashchenie;Drama;Andrey Zvyagintsev;2003;110;12;7.50
2025-07-05;13:30;Back to the Future;Adventure;Robert Zemeckis;1985;116;0;7.50
2025-07-05;10:30;Back to the Future;Adventure;Robert Zemeckis;1985;116;0;7.50
2025-07-04;13:00;Match Point;Drama;Woody Allen;2005;124;16;7.00
2025-07-04;10:00;The Untouchables;Crime;Brian De Palma;1987;119;12;7.00
2025-07-03;10:00;Akira;Animation;Katsuhiro Ôtomo;1988;124;12;6.50
2025-07-02;16:30;Match Point;Drama;Woody Allen;2005;124;16;7.50
2025-07-02;13:30;The Fifth Element;Action;Luc Besson;1997;126;12;6.50
2025-07-02;10:30;Match Point;Drama;Woody Allen;2005;124;16;6.50
2025-07-01;10:30;Requiem for a Dream;Drama;Darren Aronofsky;2000;102;12;6.50
2025-06-30;13:00;Akira;Animation;Katsuhiro Ôtomo;1988;124;12;8.50
2025-06-30;10:00;Eskiya;Crime;Yavuz Turgul;1996;128;12;7.00
2025-06-29;14:30;Kelly's Heroes;Adventure;Brian G. Hutton;1970;144;12;6.50
2025-06-29;12:30;The General;Action;Clyde Bruckman;1926;67;12;8.00
2025-06-29;10:00;Ladri di biciclette;Drama;Vittorio De Sica;1948;89;12;7.50
2025-06-28;15:30;Toy Story 2;Animation;John Lasseter;1999;92;0;6.50
2025-06-28;12:30;The Quiet Man;Comedy;John Ford;1952;129;12;7.00
2025-06-28;10:30;The General;Action;Clyde Bruckman;1926;67;12;6.50
2025-06-27;10:00;Vozvrashchenie;Drama;Andrey Zvyagintsev;2003;110;12;6.50
2025-06-26;10:00;Where Eagles Dare;Action;Brian G. Hutton;1968;158;0;7.00
2025-06-25;13:00;Akira;Animation;Katsuhiro Ôtomo;1988;124;12;6.50
2025-06-25;10:00;The Untouchables;Crime;Brian De Palma;1987;119;12;8.50
2025-06-24;15:00;Where Eagles Dare;Action;Brian G. Hutton;1968;158;0;7.50
2025-06-24;10:30;Ben-Hur;Adventure;William Wyler;1959;212;0;8.00
2025-06-23;16:00;Andaz Apna Apna;Action;Rajkumar Santoshi;1994;160;0;6.50
2025-06-23;13:00;Ordinary People;Drama;Robert Redford;1980;124;0;7.50
2025-06-23;10:00;It's a Wonderful Life;Drama;Frank Capra;1946;130;6;7.50
2025-06-22;15:00;The Count of Monte Cristo;Action;Kevin Reynolds;2002;131;12;7.00
2025-06-22;12:30;High Noon;Drama;Fred Zinnemann;1952;85;6;6.50
2025-06-22;10:30;The Iron Giant;Animation;Brad Bird;1999;86;6;6.50
2025-06-21;15:30;Roman Holiday;Comedy;William Wyler;1953;118;12;6.50
2025-06-21;13:30;Les triplettes de Belleville;Animation;Sylvain Chomet;2003;80;12;8.00
2025-06-21;10:30;The Count of Monte Cristo;Action;Kevin Reynolds;2002;131;12;6.50
2025-06-20;13:00;Akira;Animation;Katsuhiro Ôtomo;1988;124;12;6.50
2025-06-20;10:00;It's a Wonderful Life;Drama;Frank Capra;1946;130;6;8.00
2025-06-19;10:00;Akira;Animation;Katsuhiro Ôtomo;1988;124;12;7.50
2025-06-18;10:30;The Iron Giant;Animation;Brad Bird;1999;86;6;7.50
2025-06-17;13:00;Toy Story 2;Animation;John Lasseter;1999;92;0;6.50
2025-06-17;10:30;Ladri di biciclette;Drama;Vittorio De Sica;1948;89;12;7.50
2025-06-16;12:00;The Untouchables;Crime;Brian De Palma;1987;119;12;8.00
2025-06-16;10:00;The Iron Giant;Animation;Brad Bird;1999;86;6;7.00
2025-06-15;16:00;Fitzcarraldo;Adventure;Werner Herzog;1982;158;16;7.50
2025-06-15;12:30;Fitzcarraldo;Adventure;Werner Herzog;1982;158;16;7.00
2025-06-15;10:00;Bin-jip;Crime;Ki-duk Kim;2004;88;0;8.00
2025-06-14;19:00;Andaz Apna Apna;Action;Rajkumar Santoshi;1994;160;0;9.00
2025-06-14;16:00;Ordinary People;Drama;Robert Redford;1980;124;0;7.50
2025-06-14;14:00;The Jungle Book;Animation;Wolfgang Reitherman;1967;78;0;6.50
2025-06-14;10:30;Where Eagles Dare;Action;Brian G. Hutton;1968;158;0;7.00
2025-06-13;10:00;Ladri di biciclette;Drama;Vittorio De Sica;1948;89;12;7.50
2025-06-12;10:00;Les triplettes de Belleville;Animation;Sylvain Chomet;2003;80;12;8.00
2025-06-11;16:00;Ying xiong;Action;Yimou Zhang;2002;120;12;7.50
2025-06-11;12:30;Andaz Apna Apna;Action;Rajkumar Santoshi;1994;160;0;7.00
2025-06-11;10:30;Airplane!;Comedy;Jim Abrahams;1980;88;0;8.50
2025-06-10;14:00;Ladri di biciclette;Drama;Vittorio De Sica;1948;89;12;8.50
2025-06-10;10:30;Andaz Apna Apna;Action;Rajkumar Santoshi;1994;160;0;8.50
2025-06-09;13:00;O Brother, Where Art Thou?;Adventure;Joel Coen;2000;107;0;7.50
2025-06-09;10:00;The Verdict;Drama;Sidney Lumet;1982;129;0;8.50
2025-06-08;18:00;Eskiya;Crime;Yavuz Turgul;1996;128;12;8.50
2025-06-08;15:30;High Noon;Drama;Fred Zinnemann;1952;85;6;7.50
2025-06-08;12:30;G.O.R.A.;Adventure;Ömer Faruk Sorak;2004;127;12;7.00
2025-06-08;10:30;The General;Action;Clyde Bruckman;1926;67;12;8.00
2025-06-07;19:00;High Noon;Drama;Fred Zinnemann;1952;85;6;9.00
2025-06-07;15:30;Fitzcarraldo;Adventure;Werner Herzog;1982;158;16;8.00
2025-06-07;12:30;Ying xiong;Action;Yimou Zhang;2002;120;12;8.50
2025-06-07;10:00;O Brother, Where Art Thou?;Adventure;Joel Coen;2000;107;0;8.00
2025-06-06;10:00;Ladri di biciclette;Drama;Vittorio De Sica;1948;89;12;6.50
2025-06-05;10:00;O Brother, Where Art Thou?;Adventure;Joel Coen;2000;107;0;6.50
2025-06-04;10:00;Edward Scissorhands;Drama;Tim Burton;1990;105;0;8.00
2025-06-03;10:00;O Brother, Where Art Thou?;Adventure;Joel Coen;2000;107;0;6.50
2025-06-02;13:00;High Noon;Drama;Fred Zinnemann;1952;85;6;6.50
2025-06-02;10:30;Ladri di biciclette;Drama;Vittorio De Sica;1948;89;12;6.50
2025-06-01;18:00;Le samouraï;Crime;Jean-Pierre Melville;1967;105;12;9.00
2025-06-01;15:30;A Little Princess;Drama;Alfonso Cuarón;1995;97;0;7.00
2025-06-01;12:30;The Untouchables;Crime;Brian De Palma;1987;119;12;8.00
2025-06-01;10:00;Le samouraï;Crime;Jean-Pierre Melville;1967;105;12;8.50
2025-05-31;15:30;The Verdict;Drama;Sidney Lumet;1982;129;0;8.50
2025-05-31;13:30;High Noon;Drama;Fred Zinnemann;1952;85;6;8.00
2025-05-31;10:30;Secrets & Lies;Comedy;Mike Leigh;1996;136;0;6.50
2025-05-30;10:00;21 Grams;Crime;Alejandro G. Iñárritu;2003;124;12;8.50
2025-05-29;14:00;The Iron Giant;Animation;Brad Bird;1999;86;6;8.00
2025-05-29;10:00;Gandhi;Biography;Richard Attenborough;1982;191;0;8.00
2025-05-28;12:30;Edward Scissorhands;Drama;Tim Burton;1990;105;0;8.00
2025-05-28;10:30;Les triplettes de Belleville;Animation;Sylvain Chomet;2003;80;12;8.50
2025-05-27;10:00;Taxi Driver;Crime;Martin Scorsese;1976;114;12;8.50
2025-05-26;14:00;21 Grams;Crime;Alejandro G. Iñárritu;2003;124;12;7.50
2025-05-26;10:30;Fitzcarraldo;Adventure;Werner Herzog;1982;158;16;7.50
2025-05-25;17:30;Clerks;Comedy;Kevin Smith;1994;92;16;7.00
2025-05-25;15:00;O Brother, Where Art Thou?;Adventure;Joel Coen;2000;107;0;8.50
2025-05-25;12:00;Night on Earth;Comedy;Jim Jarmusch;1991;129;16;7.00
2025-05-25;10:00;Les triplettes de Belleville;Animation;Sylvain Chomet;2003;80;12;8.50
2025-05-24;18:30;The Iron Giant;Animation;Brad Bird;1999;86;6;10.00
2025-05-24;16:30;The General;Action;Clyde Bruckman;1926;67;12;7.00
2025-05-24;13:00;Fitzcarraldo;Adventure;Werner Herzog;1982;158;16;7.50
2025-05-24;10:00;G.O.R.A.;Adventure;Ömer Faruk Sorak;2004;127;12;8.50
2025-05-23;15:30;Le samouraï;Crime;Jean-Pierre Melville;1967;105;12;7.50
2025-05-23;13:30;The Jungle Book;Animation;Wolfgang Reitherman;1967;78;0;6.50
2025-05-23;10:00;Andaz Apna Apna;Action;Rajkumar Santoshi;1994;160;0;8.50
2025-05-22;13:00;The General;Action;Clyde Bruckman;1926;67;12;6.50
2025-05-22;10:00;Happiness;Comedy;Todd Solondz;1998;134;12;7.50
2025-05-21;12:30;The Verdict;Drama;Sidney Lumet;1982;129;0;7.00
2025-05-21;10:30;The General;Action;Clyde Bruckman;1926;67;12;6.50
2025-05-20;10:00;Edward Scissorhands;Drama;Tim Burton;1990;105;0;7.50
2025-05-19;12:30;Le samouraï;Crime;Jean-Pierre Melville;1967;105;12;6.50
2025-05-19;10:00;Bin-jip;Crime;Ki-duk Kim;2004;88;0;8.00
2025-05-18;15:00;Bin-jip;Crime;Ki-duk Kim;2004;88;0;8.00
2025-05-18;12:00;21 Grams;Crime;Alejandro G. Iñárritu;2003;124;12;7.00
2025-05-18;10:00;The General;Action;Clyde Bruckman;1926;67;12;8.00
2025-05-17;15:30;Secrets & Lies;Comedy;Mike Leigh;1996;136;0;7.00
2025-05-17;13:00;Ladri di biciclette;Drama;Vittorio De Sica;1948;89;12;8.50
2025-05-17;10:00;Happiness;Comedy;Todd Solondz;1998;134;12;8.50
2025-05-16;10:00;A Little Princess;Drama;Alfonso Cuarón;1995;97;0;8.50
2025-05-15;10:30;My Cousin Vinny;Comedy;Jonathan Lynn;1992;120;12;7.50
2025-05-14;14:30;The Last of the Mohicans;Action;Michael Mann;1992;112;12;8.00
2025-05-14;12:00;Clerks;Comedy;Kevin Smith;1994;92;16;8.50
2025-05-14;10:00;The General;Action;Clyde Bruckman;1926;67;12;8.00
2025-05-13;16:00;Night on Earth;Comedy;Jim Jarmusch;1991;129;16;6.50
2025-05-13;13:30;Miracle on 34th Street;Comedy;George Seaton;1947;96;12;7.00
2025-05-13;10:30;Forrest Gump;Drama;Robert Zemeckis;1994;142;12;6.50
2025-05-12;15:30;Edward Scissorhands;Drama;Tim Burton;1990;105;0;7.00
2025-05-12;12:30;The Bridges of Madison County;Drama;Clint Eastwood;1995;135;12;6.50
2025-05-12;10:00;The Breakfast Club;Comedy;John Hughes;1985;97;12;8.50
2025-05-11;16:00;Night on Earth;Comedy;Jim Jarmusch;1991;129;16;6.50
2025-05-11;13:30;In America;Drama;Jim Sheridan;2002;105;12;8.50
2025-05-11;10:30;21 Grams;Crime;Alejandro G. Iñárritu;2003;124;12;8.50
2025-05-10;19:30;21 Grams;Crime;Alejandro G. Iñárritu;2003;124;12;10.00
2025-05-10;16:00;Giù la testa;Drama;Sergio Leone;1971;157;6;8.00
2025-05-10;13:30;Deliverance;Adventure;John Boorman;1972;109;0;7.00
2025-05-10;10:00;Giù la testa;Drama;Sergio Leone;1971;157;6;7.00
2025-05-09;10:00;Mononoke-hime;Animation;Hayao Miyazaki;1997;134;0;7.50
2025-05-08;13:30;Trois couleurs: Bleu;Drama;Krzysztof Kieslowski;1993;94;0;8.50
2025-05-08;10:30;Amélie;Comedy;Jean-Pierre Jeunet;2001;122;0;8.50
2025-05-07;10:30;My Cousin Vinny;Comedy;Jonathan Lynn;1992;120;12;8.00
2025-05-06;10:30;Deliverance;Adventure;John Boorman;1972;109;0;8.00
2025-05-05;10:30;Mononoke-hime;Animation;Hayao Miyazaki;1997;134;0;8.00
2025-05-04;16:30;The Sting;Comedy;George Roy Hill;1973;129;0;6.50
2025-05-04;13:30;Un long dimanche de fiançailles;Drama;Jean-Pierre Jeunet;2004;133;0;8.00
2025-05-04;10:30;Forrest Gump;Drama;Robert Zemeckis;1994;142;12;8.50
2025-05-03;20:30;Deliverance;Adventure;John Boorman;1972;109;0;9.50
2025-05-03;16:30;Gandhi;Biography;Richard Attenborough;1982;191;0;6.50
2025-05-03;13:30;Un long dimanche de fiançailles;Drama;Jean-Pierre Jeunet;2004;133;0;8.50
2025-05-03;10:30;Amélie;Comedy;Jean-Pierre Jeunet;2001;122;0;8.50
2025-05-02;15:30;Nuovo Cinema Paradiso;Drama;Giuseppe Tornatore;1988;155;0;6.50
2025-05-02;13:00;Wait Until Dark;Thriller;Terence Young;1967;108;12;8.00
2025-05-02;10:00;The Bridges of Madison County;Drama;Clint Eastwood;1995;135;12;8.00
2025-05-01;16:00;Amélie;Comedy;Jean-Pierre Jeunet;2001;122;0;7.00
2025-05-01;13:00;Happiness;Comedy;Todd Solondz;1998;134;12;7.50
2025-05-01;10:00;Night on Earth;Comedy;Jim Jarmusch;1991;129;16;6.50
2025-04-30;16:30;In America;Drama;Jim Sheridan;2002;105;12;8.00
2025-04-30;14:00;Lilja 4-ever;Crime;Lukas Moodysson;2002;109;16;8.50
2025-04-30;10:30;Giù la testa;Drama;Sergio Leone;1971;157;6;7.50
2025-04-29;16:00;Forrest Gump;Drama;Robert Zemeckis;1994;142;12;7.50
2025-04-29;13:30;The Last of the Mohicans;Action;Michael Mann;1992;112;12;6.50
2025-04-29;10:30;Pride & Prejudice;Drama;Joe Wright;2005;129;6;8.50
2025-04-28;13:00;Fried Green Tomatoes;Drama;Jon Avnet;1991;130;12;7.50
2025-04-28;10:00;Night on Earth;Comedy;Jim Jarmusch;1991;129;16;7.50
2025-04-27;18:30;Mononoke-hime;Animation;Hayao Miyazaki;1997;134;0;9.00
2025-04-27;16:00;The Breakfast Club;Comedy;John Hughes;1985;97;12;6.50
2025-04-27;13:00;Pride & Prejudice;Drama;Joe Wright;2005;129;6;8.00
2025-04-27;10:30;The Last of the Mohicans;Action;Michael Mann;1992;112;12;7.50
2025-04-26;18:30;Mononoke-hime;Animation;Hayao Miyazaki;1997;134;0;8.50
2025-04-26;15:30;Amélie;Comedy;Jean-Pierre Jeunet;2001;122;0;7.50
2025-04-26;13:00;Airplane!;Comedy;Jim Abrahams;1980;88;0;8.50
2025-04-26;10:30;The Breakfast Club;Comedy;John Hughes;1985;97;12;6.50
2025-04-25;15:30;Kelly's Heroes;Adventure;Brian G. Hutton;1970;144;12;6.50
2025-04-25;12:30;The Sting;Comedy;George Roy Hill;1973;129;0;8.00
2025-04-25;10:30;Airplane!;Comedy;Jim Abrahams;1980;88;0;7.00
2025-04-24;15:30;Mary Poppins;Comedy;Robert Stevenson;1964;139;0;8.50
2025-04-24;13:00;Trois couleurs: Blanc;Comedy;Krzysztof Kieslowski;1994;92;0;6.50
2025-04-24;10:30;My Cousin Vinny;Comedy;Jonathan Lynn;1992;120;12;6.50
2025-04-23;10:30;Giù la testa;Drama;Sergio Leone;1971;157;6;6.50
2025-04-22;16:00;Pink Floyd: The Wall;Drama;Alan Parker;1982;95;12;7.50
2025-04-22;12:30;Breaking the Waves;Drama;Lars von Trier;1996;159;16;7.50
2025-04-22;10:00;Deliverance;Adventure;John Boorman;1972;109;0;6.50
2025-04-21;12:30;Forrest Gump;Drama;Robert Zemeckis;1994;142;12;8.50
2025-04-21;10:00;Who Framed Roger Rabbit;Animation;Robert Zemeckis;1988;104;0;8.00
2025-04-20;18:00;Full Metal Jacket;Drama;Stanley Kubrick;1987;116;12;9.50
2025-04-20;15:00;My Cousin Vinny;Comedy;Jonathan Lynn;1992;120;12;7.50
2025-04-20;12:30;Miracle on 34th Street;Comedy;George Seaton;1947;96;12;7.50
2025-04-20;10:00;Pink Floyd: The Wall;Drama;Alan Parker;1982;95;12;8.50
2025-04-19;18:30;Deliverance;Adventure;John Boorman;1972;109;0;9.00
2025-04-19;15:30;The Sting;Comedy;George Roy Hill;1973;129;0;8.50
2025-04-19;12:30;The Bridges of Madison County;Drama;Clint Eastwood;1995;135;12;8.50
2025-04-19;10:00;Paper Moon;Comedy;Peter Bogdanovich;1973;102;0;7.00
2025-04-18;10:30;Amélie;Comedy;Jean-Pierre Jeunet;2001;122;0;8.50
2025-04-17;15:30;The Bridges of Madison County;Drama;Clint Eastwood;1995;135;12;7.00
2025-04-17;12:30;The Last of the Mohicans;Action;Michael Mann;1992;112;12;6.50
2025-04-17;10:00;My Cousin Vinny;Comedy;Jonathan Lynn;1992;120;12;8.50
2025-04-16;10:00;In America;Drama;Jim Sheridan;2002;105;12;7.50
2025-04-15;14:00;Le locataire;Drama;Roman Polanski;1976;126;16;8.50
2025-04-15;10:30;Breaking the Waves;Drama;Lars von Trier;1996;159;16;8.00
2025-04-14;13:00;The Muppet Christmas Carol;Comedy;Brian Henson;1992;85;0;7.00
2025-04-14;10:30;Who Framed Roger Rabbit;Animation;Robert Zemeckis;1988;104;0;6.50
2025-04-13;19:30;Full Metal Jacket;Drama;Stanley Kubrick;1987;116;12;10.00
2025-04-13;16:00;Mary Poppins;Comedy;Robert Stevenson;1964;139;0;7.00
2025-04-13;13:00;Un long dimanche de fiançailles;Drama;Jean-Pierre Jeunet;2004;133;0;8.50
2025-04-13;10:00;Le locataire;Drama;Roman Polanski;1976;126;16;8.00
2025-04-12;18:00;Les choristes;Drama;Christophe Barratier;2004;97;12;9.50
2025-04-12;15:00;Tengoku to jigoku;Crime;Akira Kurosawa;1963;143;12;6.50
2025-04-12;12:30;In America;Drama;Jim Sheridan;2002;105;12;6.50
2025-04-12;10:00;In America;Drama;Jim Sheridan;2002;105;12;7.50
2025-04-11;13:00;Home Alone;Comedy;Chris Columbus;1990;103;0;6.50
2025-04-11;10:30;Paper Moon;Comedy;Peter Bogdanovich;1973;102;0;8.50
2025-04-10;10:30;The Breakfast Club;Comedy;John Hughes;1985;97;12;8.00
2025-04-09;13:00;In America;Drama;Jim Sheridan;2002;105;12;8.50
2025-04-09;10:30;Pink Floyd: The Wall;Drama;Alan Parker;1982;95;12;8.50
2025-04-08;10:30;Judgment at Nuremberg;Drama;Stanley Kramer;1961;179;12;7.00
2025-04-07;13:00;Short Cuts;Comedy;Robert Altman;1993;188;16;7.00
2025-04-07;10:00;The Incredibles;Animation;Brad Bird;2004;115;0;8.50
2025-04-06;15:00;The Purple Rose of Cairo;Comedy;Woody Allen;1985;82;0;8.00
2025-04-06;12:30;Predator;Action;John McTiernan;1987;107;12;8.00
2025-04-06;10:30;The Purple Rose of Cairo;Comedy;Woody Allen;1985;82;0;8.50
2025-04-05;18:30;The Purple Rose of Cairo;Comedy;Woody Allen;1985;82;0;8.50
2025-04-05;16:00;In America;Drama;Jim Sheridan;2002;105;12;8.50
2025-04-05;12:30;Cinderella Man;Biography;Ron Howard;2005;144;12;6.50
2025-04-05;10:00;Who Framed Roger Rabbit;Animation;Robert Zemeckis;1988;104;0;7.00
2025-04-04;13:00;The 39 Steps;Crime;Alfred Hitchcock;1935;86;12;6.50
2025-04-04;10:30;Airplane!;Comedy;Jim Abrahams;1980;88;0;8.50
2025-04-03;10:00;Kelly's Heroes;Adventure;Brian G. Hutton;1970;144;12;7.00
2025-04-02;10:30;The Odd Couple;Comedy;Gene Saks;1968;105;0;7.50
2025-04-01;10:30;Pink Floyd: The Wall;Drama;Alan Parker;1982;95;12;7.50
2025-03-31;10:30;Aladdin;Animation;Ron Clements;1992;90;0;7.50
2025-03-30;16:30;Fried Green Tomatoes;Drama;Jon Avnet;1991;130;12;7.00
2025-03-30;14:00;The Odd Couple;Comedy;Gene Saks;1968;105;0;8.00
2025-03-30;10:30;Sleepers;Crime;Barry Levinson;1996;147;12;8.00
2025-03-29;16:00;Kelly's Heroes;Adventure;Brian G. Hutton;1970;144;12;6.50
2025-03-29;13:30;Who Framed Roger Rabbit;Animation;Robert Zemeckis;1988;104;0;7.50
2025-03-29;10:30;Le locataire;Drama;Roman Polanski;1976;126;16;8.50
2025-03-28;10:30;Forrest Gump;Drama;Robert Zemeckis;1994;142;12;6.50
2025-03-27;16:30;The Odd Couple;Comedy;Gene Saks;1968;105;0;7.00
2025-03-27;13:30;The Sting;Comedy;George Roy Hill;1973;129;0;7.50
2025-03-27;10:00;Breaking the Waves;Drama;Lars von Trier;1996;159;16;6.50
2025-03-26;13:00;Indiana Jones and the Last Crusade;Action;Steven Spielberg;1989;127;0;6.50
2025-03-26;10:00;Full Metal Jacket;Drama;Stanley Kubrick;1987;116;12;6.50
2025-03-25;14:00;Kelly's Heroes;Adventure;Brian G. Hutton;1970;144;12;7.00
2025-03-25;10:30;The Wild Bunch;Action;Sam Peckinpah;1969;145;12;7.00
2025-03-24;12:30;The Odd Couple;Comedy;Gene Saks;1968;105;0;8.50
2025-03-24;10:00;Pink Floyd: The Wall;Drama;Alan Parker;1982;95;12;8.50
2025-03-23;20:30;Network;Drama;Sidney Lumet;1976;121;12;9.50
2025-03-23;17:30;Fried Green Tomatoes;Drama;Jon Avnet;1991;130;12;8.50
2025-03-23;14:30;The Incredibles;Animation;Brad Bird;2004;115;0;7.50
2025-03-23;10:30;Judgment at Nuremberg;Drama;Stanley Kramer;1961;179;12;6.50
2025-03-22;18:30;Indiana Jones and the Last Crusade;Action;Steven Spielberg;1989;127;0;9.50
2025-03-22;16:00;Pink Floyd: The Wall;Drama;Alan Parker;1982;95;12;6.50
2025-03-22;13:00;The Incredibles;Animation;Brad Bird;2004;115;0;8.00
2025-03-22;10:30;Who Framed Roger Rabbit;Animation;Robert Zemeckis;1988;104;0;7.00
2025-03-21;13:30;Cat on a Hot Tin Roof;Drama;Richard Brooks;1958;108;12;7.50
2025-03-21;10:30;Mary Poppins;Comedy;Robert Stevenson;1964;139;0;7.00
2025-03-20;16:00;Once Were Warriors;Crime;Lee Tamahori;1994;102;12;7.00
2025-03-20;13:00;Fried Green Tomatoes;Drama;Jon Avnet;1991;130;12;8.50
2025-03-20;10:30;The Odd Couple;Comedy;Gene Saks;1968;105;0;7.50
2025-03-19;16:00;Breaking the Waves;Drama;Lars von Trier;1996;159;16;6.50
2025-03-19;12:30;Tengoku to jigoku;Crime;Akira Kurosawa;1963;143;12;8.50
2025-03-19;10:00;Pink Floyd: The Wall;Drama;Alan Parker;1982;95;12;6.50
2025-03-18;15:30;Les choristes;Drama;Christophe Barratier;2004;97;12;8.50
2025-03-18;12:30;The King of Comedy;Comedy;Martin Scorsese;1982;109;0;8.00
2025-03-18;10:00;Cat on a Hot Tin Roof;Drama;Richard Brooks;1958;108;12;7.50
2025-03-17;13:00;Schindler's List;Biography;Steven Spielberg;1993;195;12;7.50
2025-03-17;10:00;Back to the Future;Adventure;Robert Zemeckis;1985;116;0;6.50
2025-03-16;20:00;Die Hard;Action;John McTiernan;1988;132;12;8.50
2025-03-16;16:30;The Shining;Drama;Stanley Kubrick;1980;146;12;7.50
2025-03-16;13:30;The Incredibles;Animation;Brad Bird;2004;115;0;8.00
2025-03-16;10:30;Fried Green Tomatoes;Drama;Jon Avnet;1991;130;12;6.50
2025-03-15;20:00;Once Were Warriors;Crime;Lee Tamahori;1994;102;12;8.50
2025-03-15;17:00;Le locataire;Drama;Roman Polanski;1976;126;16;8.50
2025-03-15;14:30;Belle de jour;Drama;Luis Buñuel;1967;100;12;6.50
2025-03-15;10:30;Schindler's List;Biography;Steven Spielberg;1993;195;12;8.00
2025-03-14;13:00;Aladdin;Animation;Ron Clements;1992;90;0;6.50
2025-03-14;10:00;Rosemary's Baby;Drama;Roman Polanski;1968;137;12;8.50
2025-03-13;10:00;Les choristes;Drama;Christophe Barratier;2004;97;12;8.50
2025-03-12;13:30;Cat on a Hot Tin Roof;Drama;Richard Brooks;1958;108;12;6.50
2025-03-12;10:30;Network;Drama;Sidney Lumet;1976;121;12;8.00
2025-03-11;10:00;It Happened One Night;Comedy;Frank Capra;1934;105;12;7.50
2025-03-10;16:30;Les choristes;Drama;Christophe Barratier;2004;97;12;7.00
2025-03-10;13:30;Network;Drama;Sidney Lumet;1976;121;12;6.50
2025-03-10;10:30;Back to the Future;Adventure;Robert Zemeckis;1985;116;0;6.50
2025-03-09;17:00;Viskningar och rop;Drama;Ingmar Bergman;1972;91;12;8.00
2025-03-09;15:00;Das Cabinet des Dr. Caligari;Fantasy;Robert Wiene;1920;76;12;6.50
2025-03-09;12:30;Paper Moon;Comedy;Peter Bogdanovich;1973;102;0;6.50
2025-03-09;10:00;Kind Hearts and Coronets;Comedy;Robert Hamer;1949;106;0;7.50
2025-03-08;15:30;The Incredibles;Animation;Brad Bird;2004;115;0;8.00
2025-03-08;13:00;Lilja 4-ever;Crime;Lukas Moodysson;2002;109;16;7.50
2025-03-08;10:30;The King of Comedy;Comedy;Martin Scorsese;1982;109;0;8.50
2025-03-07;14:00;Aladdin;Animation;Ron Clements;1992;90;0;8.50
2025-03-07;10:00;Schindler's List;Biography;Steven Spielberg;1993;195;12;6.50
2025-03-06;13:00;One Flew Over the Cuckoo's Nest;Drama;Milos Forman;1975;133;12;7.00
2025-03-06;10:00;True Romance;Crime;Tony Scott;1993;119;16;7.50
2025-03-05;10:00;Die Hard;Action;John McTiernan;1988;132;12;7.00
2025-03-04;10:30;Pink Floyd: The Wall;Drama;Alan Parker;1982;95;12;6.50
2025-03-03;15:00;Back to the Future;Adventure;Robert Zemeckis;1985;116;0;7.50
2025-03-03;12:30;Home Alone;Comedy;Chris Columbus;1990;103;0;6.50
2025-03-03;10:00;The Wizard of Oz;Adventure;Victor Fleming;1939;102;0;6.50
2025-03-02;15:00;Sleepers;Crime;Barry Levinson;1996;147;12;7.00
2025-03-02;12:30;Halloween;Horror;John Carpenter;1978;91;12;8.00
2025-03-02;10:00;Lilja 4-ever;Crime;Lukas Moodysson;2002;109;16;7.00
2025-03-01;18:30;Lilja 4-ever;Crime;Lukas Moodysson;2002;109;16;10.00
2025-03-01;15:30;One Flew Over the Cuckoo's Nest;Drama;Milos Forman;1975;133;12;7.50
2025-03-01;13:00;The Lady Vanishes;Mystery;Alfred Hitchcock;1938;96;12;8.50
2025-03-01;10:30;Once Were Warriors;Crime;Lee Tamahori;1994;102;12;8.00
2025-02-28;15:00;Paper Moon;Comedy;Peter Bogdanovich;1973;102;0;7.00
2025-02-28;12:30;Once Were Warriors;Crime;Lee Tamahori;1994;102;12;8.00
2025-02-28;10:00;Pink Floyd: The Wall;Drama;Alan Parker;1982;95;12;6.50
2025-02-27;10:00;The Wild Bunch;Action;Sam Peckinpah;1969;145;12;7.50
2025-02-26;10:00;Red River;Action;Howard Hawks;1948;133;12;7.00
2025-02-25;10:30;One Flew Over the Cuckoo's Nest;Drama;Milos Forman;1975;133;12;8.50
2025-02-24;10:30;Fa yeung nin wah;Drama;Kar-Wai Wong;2000;98;0;8.00
2025-02-23;16:00;Les choristes;Drama;Christophe Barratier;2004;97;12;7.00
2025-02-23;13:30;Viskningar och rop;Drama;Ingmar Bergman;1972;91;12;7.00
2025-02-23;10:30;One Flew Over the Cuckoo's Nest;Drama;Milos Forman;1975;133;12;6.50
2025-02-22;19:00;Paper Moon;Comedy;Peter Bogdanovich;1973;102;0;9.00
2025-02-22;15:30;Sleepers;Crime;Barry Levinson;1996;147;12;8.50
2025-02-22;13:00;Halloween;Horror;John Carpenter;1978;91;12;8.00
2025-02-22;10:00;One Flew Over the Cuckoo's Nest;Drama;Milos Forman;1975;133;12;6.50
2025-02-21;10:30;The Lady Vanishes;Mystery;Alfred Hitchcock;1938;96;12;7.50
2025-02-20;16:00;The King of Comedy;Comedy;Martin Scorsese;1982;109;0;7.50
2025-02-20;12:30;The Wild Bunch;Action;Sam Peckinpah;1969;145;12;6.50
2025-02-20;10:00;Pink Floyd: The Wall;Drama;Alan Parker;1982;95;12;8.50
2025-02-19;14:30;Rosemary's Baby;Drama;Roman Polanski;1968;137;12;7.50
2025-02-19;10:00;Ben-Hur;Adventure;William Wyler;1959;212;0;8.50
2025-02-18;17:30;Primal Fear;Crime;Gregory Hoblit;1996;129;12;7.50
2025-02-18;13:30;Barry Lyndon;Adventure;Stanley Kubrick;1975;185;6;7.00
2025-02-18;10:00;The Wild Bunch;Action;Sam Peckinpah;1969;145;12;8.50
2025-02-17;13:30;Rosemary's Baby;Drama;Roman Polanski;1968;137;12;6.50
2025-02-17;10:30;Network;Drama;Sidney Lumet;1976;121;12;7.50
2025-02-16;18:00;Platoon;Drama;Oliver Stone;1986;120;12;9.00
2025-02-16;15:30;The Wizard of Oz;Adventure;Victor Fleming;1939;102;0;8.50
2025-02-16;12:30;Arsenic and Old Lace;Comedy;Frank Capra;1942;118;12;6.50
2025-02-16;10:00;The Lady Vanishes;Mystery;Alfred Hitchcock;1938;96;12;8.00
2025-02-15;18:30;Bound by Honor;Crime;Taylor Hackford;1993;180;16;10.00
2025-02-15;16:00;Halloween;Horror;John Carpenter;1978;91;12;7.00
2025-02-15;13:30;Mad Max 2;Action;George Miller;1981;96;12;7.50
2025-02-15;10:30;In the Name of the Father;Biography;Jim Sheridan;1993;133;12;6.50
2025-02-14;10:00;Training Day;Crime;Antoine Fuqua;2001;122;12;8.00
2025-02-13;13:00;Network;Drama;Sidney Lumet;1976;121;12;7.50
2025-02-13;10:30;Fa yeung nin wah;Drama;Kar-Wai Wong;2000;98;0;8.00
2025-02-12;15:30;Das Cabinet des Dr. Caligari;Fantasy;Robert Wiene;1920;76;12;8.50
2025-02-12;13:00;Aladdin;Animation;Ron Clements;1992;90;0;7.50
2025-02-12;10:00;Die Hard;Action;John McTiernan;1988;132;12;8.00
2025-02-11;10:30;Amélie;Comedy;Jean-Pierre Jeunet;2001;122;0;8.50
2025-02-10;10:30;Rosemary's Baby;Drama;Roman Polanski;1968;137;12;7.00
2025-02-09;17:30;Aladdin;Animation;Ron Clements;1992;90;0;6.50
2025-02-09;15:00;Kind Hearts and Coronets;Comedy;Robert Hamer;1949;106;0;8.00
2025-02-09;12:30;Clerks;Comedy;Kevin Smith;1994;92;16;6.50
2025-02-09;10:00;Clerks;Comedy;Kevin Smith;1994;92;16;8.00
2025-02-08;15:30;Platoon;Drama;Oliver Stone;1986;120;12;7.00
2025-02-08;13:00;It Happened One Night;Comedy;Frank Capra;1934;105;12;8.00
2025-02-08;10:30;Les choristes;Drama;Christophe Barratier;2004;97;12;8.50
2025-02-07;16:00;Twelve Monkeys;Mystery;Terry Gilliam;1995;129;12;7.50
2025-02-07;13:00;Back to the Future;Adventure;Robert Zemeckis;1985;116;0;6.50
2025-02-07;10:00;The Magnificent Seven;Action;John Sturges;1960;128;12;6.50
2025-02-06;15:00;Rashômon;Crime;Akira Kurosawa;1950;88;12;8.50
2025-02-06;13:00;Das Cabinet des Dr. Caligari;Fantasy;Robert Wiene;1920;76;12;7.00
2025-02-06;10:30;Les choristes;Drama;Christophe Barratier;2004;97;12;6.50
2025-02-05;10:00;Au revoir les enfants;Drama;Louis Malle;1987;104;0;7.50
2025-02-04;15:00;Kind Hearts and Coronets;Comedy;Robert Hamer;1949;106;0;7.50
2025-02-04;12:30;Strangers on a Train;Crime;Alfred Hitchcock;1951;101;12;6.50
2025-02-04;10:00;It Happened One Night;Comedy;Frank Capra;1934;105;12;7.00
2025-02-03;15:00;Clerks;Comedy;Kevin Smith;1994;92;16;8.50
2025-02-03;12:30;Home Alone;Comedy;Chris Columbus;1990;103;0;8.50
2025-02-03;10:00;Shin seiki Evangelion Gekijô-ban: Air/Magokoro wo, kimi ni;Animation;Hideaki Anno;1997;87;12;8.50
2025-02-02;16:00;Training Day;Crime;Antoine Fuqua;2001;122;12;6.50
2025-02-02;13:00;Dog Day Afternoon;Biography;Sidney Lumet;1975;125;0;7.00
2025-02-02;10:30;Strangers on a Train;Crime;Alfred Hitchcock;1951;101;12;7.50
2025-02-01;18:00;Amélie;Comedy;Jean-Pierre Jeunet;2001;122;0;9.00
2025-02-01;15:30;Au revoir les enfants;Drama;Louis Malle;1987;104;0;8.50
2025-02-01;13:00;The Goonies;Adventure;Richard Donner;1985;114;0;7.50
2025-02-01;10:00;Primal Fear;Crime;Gregory Hoblit;1996;129;12;7.00
2025-01-31;13:00;The Goonies;Adventure;Richard Donner;1985;114;0;7.50
2025-01-31;10:30;Clerks;Comedy;Kevin Smith;1994;92;16;7.50
2025-01-30;10:30;Au revoir les enfants;Drama;Louis Malle;1987;104;0;6.50
2025-01-29;13:30;Home Alone;Comedy;Chris Columbus;1990;103;0;8.00
2025-01-29;10:00;Il buono, il brutto, il cattivo;Western;Sergio Leone;1966;161;12;7.50
2025-01-28;10:00;Arsenic and Old Lace;Comedy;Frank Capra;1942;118;12;7.50
2025-01-27;16:30;The Magnificent Seven;Action;John Sturges;1960;128;12;8.50
2025-01-27;13:30;Training Day;Crime;Antoine Fuqua;2001;122;12;8.50
2025-01-27;10:30;Training Day;Crime;Antoine Fuqua;2001;122;12;7.00
2025-01-26;19:00;The Godfather: Part III;Crime;Francis Ford Coppola;1990;162;12;9.50
2025-01-26;16:30;Rashômon;Crime;Akira Kurosawa;1950;88;12;8.00
2025-01-26;13:30;Mononoke-hime;Animation;Hayao Miyazaki;1997;134;0;6.50
2025-01-26;10:30;The Magnificent Seven;Action;John Sturges;1960;128;12;7.00
2025-01-25;17:00;Twelve Monkeys;Mystery;Terry Gilliam;1995;129;12;6.50
2025-01-25;13:00;Barry Lyndon;Adventure;Stanley Kubrick;1975;185;6;6.50
2025-01-25;10:00;Training Day;Crime;Antoine Fuqua;2001;122;12;7.00
2025-01-24;13:00;Escape from Alcatraz;Action;Don Siegel;1979;112;12;8.00
2025-01-24;10:30;Repulsion;Drama;Roman Polanski;1965;105;12;7.50
2025-01-23;15:30;Amélie;Comedy;Jean-Pierre Jeunet;2001;122;0;6.50
2025-01-23;12:30;Amélie;Comedy;Jean-Pierre Jeunet;2001;122;0;8.50
2025-01-23;10:00;Jeux d'enfants;Comedy;Yann Samuell;2003;93;16;8.00
2025-01-22;15:30;The Goonies;Adventure;Richard Donner;1985;114;0;7.00
2025-01-22;13:00;Les choristes;Drama;Christophe Barratier;2004;97;12;7.00
2025-01-22;10:30;It Happened One Night;Comedy;Frank Capra;1934;105;12;8.00
2025-01-21;13:00;All About Eve;Drama;Joseph L. Mankiewicz;1950;138;12;7.00
2025-01-21;10:30;Repulsion;Drama;Roman Polanski;1965;105;12;7.50
2025-01-20;13:30;Platoon;Drama;Oliver Stone;1986;120;12;7.00
2025-01-20;10:30;Twelve Monkeys;Mystery;Terry Gilliam;1995;129;12;6.50
2025-01-19;18:00;Gongdong gyeongbi guyeok JSA;Action;Chan-wook Park;2000;110;12;8.50
2025-01-19;16:00;Shin seiki Evangelion Gekijô-ban: Air/Magokoro wo, kimi ni;Animation;Hideaki Anno;1997;87;12;7.50
2025-01-19;13:30;Au revoir les enfants;Drama;Louis Malle;1987;104;0;8.50
2025-01-19;10:30;Platoon;Drama;Oliver Stone;1986;120;12;8.50
2025-01-18;18:00;Barry Lyndon;Adventure;Stanley Kubrick;1975;185;6;9.00
2025-01-18;15:30;First Blood;Action;Ted Kotcheff;1982;93;12;6.50
2025-01-18;13:00;Au revoir les enfants;Drama;Louis Malle;1987;104;0;7.00
2025-01-18;10:00;Escape from Alcatraz;Action;Don Siegel;1979;112;12;8.50
2025-01-17;16:00;First Blood;Action;Ted Kotcheff;1982;93;12;7.00
2025-01-17;13:30;Gongdong gyeongbi guyeok JSA;Action;Chan-wook Park;2000;110;12;6.50
2025-01-17;10:30;Platoon;Drama;Oliver Stone;1986;120;12;8.00
2025-01-16;15:30;All About Eve;Drama;Joseph L. Mankiewicz;1950;138;12;7.00
2025-01-16;13:00;Finding Nemo;Animation;Andrew Stanton;2003;100;0;8.50
2025-01-16;10:30;Stand by Me;Adventure;Rob Reiner;1986;89;0;6.50
2025-01-15;13:00;City Lights;Comedy;Charles Chaplin;1931;87;0;7.50
2025-01-15;10:30;Fa yeung nin wah;Drama;Kar-Wai Wong;2000;98;0;6.50
2025-01-14;10:30;Twelve Monkeys;Mystery;Terry Gilliam;1995;129;12;7.00
2025-01-13;10:00;Amélie;Comedy;Jean-Pierre Jeunet;2001;122;0;8.00
2025-01-12;15:30;The Godfather: Part III;Crime;Francis Ford Coppola;1990;162;12;6.50
2025-01-12;13:00;Escape from Alcatraz;Action;Don Siegel;1979;112;12;6.50
2025-01-12;10:30;The Thin Man;Comedy;W.S. Van Dyke;1934;91;12;6.50
2025-01-11;15:00;Platoon;Drama;Oliver Stone;1986;120;12;8.50
2025-01-11;12:30;City Lights;Comedy;Charles Chaplin;1931;87;0;8.50
2025-01-11;10:00;Les choristes;Drama;Christophe Barratier;2004;97;12;6.50
2025-01-10;10:30;The Thin Man;Comedy;W.S. Van Dyke;1934;91;12;7.50
2025-01-09;13:00;Mononoke-hime;Animation;Hayao Miyazaki;1997;134;0;7.50
2025-01-09;10:30;The Thin Man;Comedy;W.S. Van Dyke;1934;91;12;7.00
2025-01-08;16:00;All About Eve;Drama;Joseph L. Mankiewicz;1950;138;12;7.50
2025-01-08;13:00;Mononoke-hime;Animation;Hayao Miyazaki;1997;134;0;8.50
2025-01-08;10:00;All About Eve;Drama;Joseph L. Mankiewicz;1950;138;12;8.50
2025-01-07;16:30;Repulsion;Drama;Roman Polanski;1965;105;12;6.50
2025-01-07;13:30;Twelve Monkeys;Mystery;Terry Gilliam;1995;129;12;6.50
2025-01-07;10:00;The Godfather: Part III;Crime;Francis Ford Coppola;1990;162;12;6.50
2025-01-06;10:30;Home Alone;Comedy;Chris Columbus;1990;103;0;7.50
2025-01-05;19:00;The Apartment;Comedy;Billy Wilder;1960;125;0;9.50
2025-01-05;16:30;Dial M for Murder;Crime;Alfred Hitchcock;1954;105;12;7.00
2025-01-05;13:30;In the Name of the Father;Biography;Jim Sheridan;1993;133;12;7.50
2025-01-05;10:30;The Apartment;Comedy;Billy Wilder;1960;125;0;7.00
2025-01-04;18:30;First Blood;Action;Ted Kotcheff;1982;93;12;8.50
2025-01-04;16:00;Fa yeung nin wah;Drama;Kar-Wai Wong;2000;98;0;7.00
2025-01-04;13:30;Repulsion;Drama;Roman Polanski;1965;105;12;8.50
2025-01-04;10:30;In the Name of the Father;Biography;Jim Sheridan;1993;133;12;7.00
2025-01-03;10:00;The Kid;Comedy;Charles Chaplin;1921;68;12;8.50
2025-01-02;16:00;Stagecoach;Adventure;John Ford;1939;96;12;7.00
2025-01-02;12:30;The Last Samurai;Action;Edward Zwick;2003;154;12;6.50
2025-01-02;10:00;The Thin Man;Comedy;W.S. Van Dyke;1934;91;12;8.50
2025-01-01;13:00;The Apartment;Comedy;Billy Wilder;1960;125;0;8.50
2025-01-01;10:30;Stand by Me;Adventure;Rob Reiner;1986;89;0;7.00
2024-12-31;13:00;Gongdong gyeongbi guyeok JSA;Action;Chan-wook Park;2000;110;12;6.50
2024-12-31;10:30;First Blood;Action;Ted Kotcheff;1982;93;12;6.50
2024-12-30;16:30;Lola rennt;Crime;Tom Tykwer;1998;81;12;7.50
2024-12-30;13:30;Midnight Cowboy;Drama;John Schlesinger;1969;113;12;8.00
2024-12-30;10:30;Mississippi Burning;Crime;Alan Parker;1988;128;12;7.00
2024-12-29;16:30;Gongdong gyeongbi guyeok JSA;Action;Chan-wook Park;2000;110;12;6.50
2024-12-29;14:00;Jeux d'enfants;Comedy;Yann Samuell;2003;93;16;7.00
2024-12-29;10:30;The Godfather: Part III;Crime;Francis Ford Coppola;1990;162;12;8.00
2024-12-28;19:00;Harry Potter and the Prisoner of Azkaban;Adventure;Alfonso Cuarón;2004;142;0;8.50
2024-12-28;16:00;Harry Potter and the Prisoner of Azkaban;Adventure;Alfonso Cuarón;2004;142;0;6.50
2024-12-28;12:30;Anatomy of a Murder;Crime;Otto Preminger;1959;161;12;7.00
2024-12-28;10:30;Shin seiki Evangelion Gekijô-ban: Air/Magokoro wo, kimi ni;Animation;Hideaki Anno;1997;87;12;8.00
2024-12-27;13:00;Finding Nemo;Animation;Andrew Stanton;2003;100;0;6.50
2024-12-27;10:30;Le samouraï;Crime;Jean-Pierre Melville;1967;105;12;6.50
2024-12-26;16:00;Midnight Cowboy;Drama;John Schlesinger;1969;113;12;7.50
2024-12-26;12:30;Das Boot;Adventure;Wolfgang Petersen;1981;149;16;7.00
2024-12-26;10:00;The Thin Man;Comedy;W.S. Van Dyke;1934;91;12;6.50
2024-12-25;15:30;Finding Nemo;Animation;Andrew Stanton;2003;100;0;6.50
2024-12-25;13:00;Eternal Sunshine of the Spotless Mind;Drama;Michel Gondry;2004;108;12;8.50
2024-12-25;10:30;Blade Runner;Action;Ridley Scott;1982;117;12;8.50
2024-12-24;15:30;Jeux d'enfants;Comedy;Yann Samuell;2003;93;16;8.50
2024-12-24;12:30;Die Hard;Action;John McTiernan;1988;132;12;8.50
2024-12-24;10:00;City Lights;Comedy;Charles Chaplin;1931;87;0;7.00
2024-12-23;10:00;American Psycho;Comedy;Mary Harron;2000;101;12;7.00
2024-12-22;15:30;Anatomy of a Murder;Crime;Otto Preminger;1959;161;12;8.50
2024-12-22;13:00;The Others;Horror;Alejandro Amenábar;2001;101;12;7.00
2024-12-22;10:30;Il postino;Biography;Michael Radford;1994;108;0;7.50
2024-12-21;18:30;In the Name of the Father;Biography;Jim Sheridan;1993;133;12;10.00
2024-12-21;15:00;All About Eve;Drama;Joseph L. Mankiewicz;1950;138;12;6.50
2024-12-21;12:30;City Lights;Comedy;Charles Chaplin;1931;87;0;8.50
2024-12-21;10:00;Gongdong gyeongbi guyeok JSA;Action;Chan-wook Park;2000;110;12;7.00
2024-12-20;15:30;The Night of the Hunter;Crime;Charles Laughton;1955;92;12;8.50
2024-12-20;13:30;Freaks;Drama;Tod Browning;1932;64;12;8.00
2024-12-20;10:30;Die Hard;Action;John McTiernan;1988;132;12;7.00
2024-12-19;13:00;Finding Nemo;Animation;Andrew Stanton;2003;100;0;7.00
2024-12-19;10:00;Dog Day Afternoon;Biography;Sidney Lumet;1975;125;0;7.00
2024-12-18;10:00;The Others;Horror;Alejandro Amenábar;2001;101;12;8.00
2024-12-17;10:00;City Lights;Comedy;Charles Chaplin;1931;87;0;6.50
2024-12-16;13:00;Eternal Sunshine of the Spotless Mind;Drama;Michel Gondry;2004;108;12;6.50
2024-12-16;10:00;The Wild Bunch;Action;Sam Peckinpah;1969;145;12;8.50
2024-12-15;15:30;Snatch;Comedy;Guy Ritchie;2000;104;12;8.00
2024-12-15;12:30;The Outlaw Josey Wales;Western;Clint Eastwood;1976;135;12;8.00
2024-12-15;10:00;Lola rennt;Crime;Tom Tykwer;1998;81;12;7.00
2024-12-14;16:00;The Others;Horror;Alejandro Amenábar;2001;101;12;6.50
2024-12-14;13:00;Harry Potter and the Prisoner of Azkaban;Adventure;Alfonso Cuarón;2004;142;0;7.00
2024-12-14;10:30;Jeux d'enfants;Comedy;Yann Samuell;2003;93;16;7.00
2024-12-13;10:00;Snatch;Comedy;Guy Ritchie;2000;104;12;7.00
2024-12-12;10:00;The Outlaw Josey Wales;Western;Clint Eastwood;1976;135;12;7.50
2024-12-11;15:00;The Night of the Hunter;Crime;Charles Laughton;1955;92;12;8.50
2024-12-11;12:30;Il postino;Biography;Michael Radford;1994;108;0;8.50
2024-12-11;10:00;Midnight Cowboy;Drama;John Schlesinger;1969;113;12;7.50
2024-12-10;13:00;Le samouraï;Crime;Jean-Pierre Melville;1967;105;12;7.50
2024-12-10;10:30;Lola rennt;Crime;Tom Tykwer;1998;81;12;6.50
2024-12-09;13:30;Die Hard;Action;John McTiernan;1988;132;12;7.00
2024-12-09;10:30;Midnight Cowboy;Drama;John Schlesinger;1969;113;12;8.00
2024-12-08;16:30;Ying xiong;Action;Yimou Zhang;2002;120;12;6.50
2024-12-08;13:30;Blade Runner;Action;Ridley Scott;1982;117;12;8.00
2024-12-08;10:30;Midnight Cowboy;Drama;John Schlesinger;1969;113;12;6.50
2024-12-07;16:00;Das Boot;Adventure;Wolfgang Petersen;1981;149;16;8.00
2024-12-07;13:00;Boyz n the Hood;Crime;John Singleton;1991;112;12;7.50
2024-12-07;10:30;Il postino;Biography;Michael Radford;1994;108;0;7.00
2024-12-06;13:00;Das Boot;Adventure;Wolfgang Petersen;1981;149;16;7.50
2024-12-06;10:30;Il postino;Biography;Michael Radford;1994;108;0;6.50
2024-12-05;10:30;Mulan;Animation;Tony Bancroft;1998;88;0;8.50
2024-12-04;10:00;Harry Potter and the Prisoner of Azkaban;Adventure;Alfonso Cuarón;2004;142;0;7.00
2024-12-03;13:00;Blade Runner;Action;Ridley Scott;1982;117;12;8.00
2024-12-03;10:00;Ying xiong;Action;Yimou Zhang;2002;120;12;6.50
2024-12-02;13:00;The Night of the Hunter;Crime;Charles Laughton;1955;92;12;6.50
2024-12-02;10:30;Dial M for Murder;Crime;Alfred Hitchcock;1954;105;12;8.50
2024-12-01;18:00;American Psycho;Comedy;Mary Harron;2000;101;12;9.50
2024-12-01;15:30;The Night of the Hunter;Crime;Charles Laughton;1955;92;12;7.50
2024-12-01;12:30;Ying xiong;Action;Yimou Zhang;2002;120;12;8.50
2024-12-01;10:00;The Night of the Hunter;Crime;Charles Laughton;1955;92;12;7.00
2024-11-30;17:30;Dial M for Murder;Crime;Alfred Hitchcock;1954;105;12;8.00
2024-11-30;15:00;The 39 Steps;Crime;Alfred Hitchcock;1935;86;12;8.00
2024-11-30;12:30;Il postino;Biography;Michael Radford;1994;108;0;8.00
2024-11-30;10:00;The Night of the Hunter;Crime;Charles Laughton;1955;92;12;7.50
2024-11-29;15:30;Alien;Horror;Ridley Scott;1979;117;16;8.00
2024-11-29;13:00;Snatch;Comedy;Guy Ritchie;2000;104;12;8.50
2024-11-29;10:30;Mulan;Animation;Tony Bancroft;1998;88;0;8.50
2024-11-28;13:00;Ying xiong;Action;Yimou Zhang;2002;120;12;8.50
2024-11-28;10:00;La vita è bella;Comedy;Roberto Benigni;1997;116;0;8.00
2024-11-27;10:00;American Psycho;Comedy;Mary Harron;2000;101;12;7.50
2024-11-26;10:00;The Kid;Comedy;Charles Chaplin;1921;68;12;7.50
2024-11-25;10:00;The Last Samurai;Action;Edward Zwick;2003;154;12;8.50
2024-11-24;18:00;Fight Club;Drama;David Fincher;1999;139;12;10.00
2024-11-24;15:30;Aguirre, der Zorn Gottes;Action;Werner Herzog;1972;95;12;7.50
2024-11-24;13:00;Il postino;Biography;Michael Radford;1994;108;0;8.50
2024-11-24;10:00;E.T. the Extra-Terrestrial;Family;Steven Spielberg;1982;115;0;8.00
2024-11-23;16:00;The Others;Horror;Alejandro Amenábar;2001;101;12;8.50
2024-11-23;13:30;Mulan;Animation;Tony Bancroft;1998;88;0;8.00
2024-11-23;10:30;Fight Club;Drama;David Fincher;1999;139;12;8.50
2024-11-22;13:00;Dial M for Murder;Crime;Alfred Hitchcock;1954;105;12;8.00
2024-11-22;10:30;Eternal Sunshine of the Spotless Mind;Drama;Michel Gondry;2004;108;12;8.00
2024-11-21;10:00;Alien;Horror;Ridley Scott;1979;117;16;6.50
2024-11-20;14:00;Fight Club;Drama;David Fincher;1999;139;12;7.00
2024-11-20;10:00;Underground;Comedy;Emir Kusturica;1995;170;12;7.50
2024-11-19;10:30;Snatch;Comedy;Guy Ritchie;2000;104;12;8.00
2024-11-18;13:00;The Outlaw Josey Wales;Western;Clint Eastwood;1976;135;12;8.50
2024-11-18;10:00;Fight Club;Drama;David Fincher;1999;139;12;8.50
2024-11-17;16:00;Evil Dead II;Action;Sam Raimi;1987;84;12;8.50
2024-11-17;13:30;Crash;Crime;Paul Haggis;2004;112;12;6.50
2024-11-17;10:30;La vita è bella;Comedy;Roberto Benigni;1997;116;0;8.00
2024-11-16;16:30;Scent of a Woman;Drama;Martin Brest;1992;156;12;8.00
2024-11-16;14:00;Snatch;Comedy;Guy Ritchie;2000;104;12;8.50
2024-11-16;10:30;The Sound of Music;Biography;Robert Wise;1965;172;0;8.00
2024-11-15;10:30;Mulan;Animation;Tony Bancroft;1998;88;0;7.50
2024-11-14;13:00;Midnight Cowboy;Drama;John Schlesinger;1969;113;12;7.50
2024-11-14;10:30;Evil Dead II;Action;Sam Raimi;1987;84;12;8.00
2024-11-13;16:00;Jeux d'enfants;Comedy;Yann Samuell;2003;93;16;7.50
2024-11-13;12:30;The Last Samurai;Action;Edward Zwick;2003;154;12;7.50
2024-11-13;10:00;Aguirre, der Zorn Gottes;Action;Werner Herzog;1972;95;12;6.50
2024-11-12;13:00;E.T. the Extra-Terrestrial;Family;Steven Spielberg;1982;115;0;7.50
2024-11-12;10:00;Sen to Chihiro no kamikakushi;Animation;Hayao Miyazaki;2001;125;0;7.00
2024-11-11;10:30;The Thin Man;Comedy;W.S. Van Dyke;1934;91;12;7.00
2024-11-10;17:30;Hable con ella;Drama;Pedro Almodóvar;2002;112;16;8.50
2024-11-10;13:30;The Sound of Music;Biography;Robert Wise;1965;172;0;7.00
2024-11-10;10:00;Scent of a Woman;Drama;Martin Brest;1992;156;12;8.00
2024-11-09;19:00;Diarios de motocicleta;Adventure;Walter Salles;2004;126;0;9.50
2024-11-09;16:00;Akira;Animation;Katsuhiro Ôtomo;1988;124;12;8.00
2024-11-09;13:30;Alien;Horror;Ridley Scott;1979;117;16;8.50
2024-11-09;10:30;Abre los ojos;Drama;Alejandro Amenábar;1997;119;0;6.50
2024-11-08;13:00;Scent of a Woman;Drama;Martin Brest;1992;156;12;7.00
2024-11-08;10:00;Alien;Horror;Ridley Scott;1979;117;16;8.50
2024-11-07;16:30;Jeux d'enfants;Comedy;Yann Samuell;2003;93;16;8.50
2024-11-07;13:30;Almost Famous;Adventure;Cameron Crowe;2000;122;12;7.00
2024-11-07;10:30;Diarios de motocicleta;Adventure;Walter Salles;2004;126;0;7.50
2024-11-06;13:30;Alien;Horror;Ridley Scott;1979;117;16;8.50
2024-11-06;10:00;Underground;Comedy;Emir Kusturica;1995;170;12;8.00
2024-11-05;10:30;Stand by Me;Adventure;Rob Reiner;1986;89;0;7.50
2024-11-04;13:30;Out of the Past;Crime;Jacques Tourneur;1947;97;12;7.00
2024-11-04;10:30;Amarcord;Comedy;Federico Fellini;1973;123;16;7.50
2024-11-03;18:00;Diarios de motocicleta;Adventure;Walter Salles;2004;126;0;9.50
2024-11-03;16:00;Stand by Me;Adventure;Rob Reiner;1986;89;0;8.50
2024-11-03;13:30;Il conformista;Drama;Bernardo Bertolucci;1970;113;12;6.50
2024-11-03;10:30;E.T. the Extra-Terrestrial;Family;Steven Spielberg;1982;115;0;7.50
2024-11-02;15:30;The Sound of Music;Biography;Robert Wise;1965;172;0;6.50
2024-11-02;13:00;Majo no takkyûbin;Animation;Hayao Miyazaki;1989;103;0;8.00
2024-11-02;10:30;Dip huet seung hung;Action;John Woo;1989;111;16;7.50
2024-11-01;10:00;Dip huet seung hung;Action;John Woo;1989;111;16;7.50
2024-10-31;16:00;Il conformista;Drama;Bernardo Bertolucci;1970;113;12;7.00
2024-10-31;13:00;E.T. the Extra-Terrestrial;Family;Steven Spielberg;1982;115;0;7.00
2024-10-31;10:30;Star Trek II: The Wrath of Khan;Action;Nicholas Meyer;1982;113;0;7.50
2024-10-30;10:00;Almost Famous;Adventure;Cameron Crowe;2000;122;12;8.50
2024-10-29;15:00;E.T. the Extra-Terrestrial;Family;Steven Spielberg;1982;115;0;6.50
2024-10-29;12:00;Seppuku;Action;Masaki Kobayashi;1962;133;12;7.50
2024-10-29;10:00;Les triplettes de Belleville;Animation;Sylvain Chomet;2003;80;12;6.50
2024-10-28;15:30;Fight Club;Drama;David Fincher;1999;139;12;7.50
2024-10-28;13:00;Stand by Me;Adventure;Rob Reiner;1986;89;0;7.00
2024-10-28;10:30;Stand by Me;Adventure;Rob Reiner;1986;89;0;7.00
2024-10-27;17:00;E.T. the Extra-Terrestrial;Family;Steven Spielberg;1982;115;0;7.00
2024-10-27;13:30;All Quiet on the Western Front;Drama;Lewis Milestone;1930;152;0;8.00
2024-10-27;10:30;Almost Famous;Adventure;Cameron Crowe;2000;122;12;7.00
2024-10-26;15:30;La vita è bella;Comedy;Roberto Benigni;1997;116;0;8.00
2024-10-26;12:30;Alien;Horror;Ridley Scott;1979;117;16;7.00
2024-10-26;10:00;Aguirre, der Zorn Gottes;Action;Werner Herzog;1972;95;12;7.00
2024-10-25;13:00;Almost Famous;Adventure;Cameron Crowe;2000;122;12;8.00
2024-10-25;10:00;Abre los ojos;Drama;Alejandro Amenábar;1997;119;0;8.00
2024-10-24;17:30;Akira;Animation;Katsuhiro Ôtomo;1988;124;12;7.00
2024-10-24;15:00;Airplane!;Comedy;Jim Abrahams;1980;88;0;8.00
2024-10-24;10:00;Hamlet;Drama;Kenneth Branagh;1996;242;12;7.50
2024-10-23;13:00;Kaze no tani no Naushika;Animation;Hayao Miyazaki;1984;117;0;8.00
2024-10-23;10:00;Sen to Chihiro no kamikakushi;Animation;Hayao Miyazaki;2001;125;0;8.50
2024-10-22;13:00;Akira;Animation;Katsuhiro Ôtomo;1988;124;12;7.50
2024-10-22;10:30;E.T. the Extra-Terrestrial;Family;Steven Spielberg;1982;115;0;7.50
2024-10-21;12:30;Le samouraï;Crime;Jean-Pierre Melville;1967;105;12;7.50
2024-10-21;10:00;Out of the Past;Crime;Jacques Tourneur;1947;97;12;8.00
2024-10-20;16:30;The Butterfly Effect;Drama;Eric Bress;2004;113;0;6.50
2024-10-20;13:30;Diarios de motocicleta;Adventure;Walter Salles;2004;126;0;7.50
2024-10-20;10:00;All Quiet on the Western Front;Drama;Lewis Milestone;1930;152;0;8.50
2024-10-19;17:30;Les triplettes de Belleville;Animation;Sylvain Chomet;2003;80;12;6.50
2024-10-19;14:00;Pulp Fiction;Crime;Quentin Tarantino;1994;154;12;8.00
2024-10-19;10:30;Scent of a Woman;Drama;Martin Brest;1992;156;12;7.50
2024-10-18;16:00;Fight Club;Drama;David Fincher;1999;139;12;7.50
2024-10-18;13:00;E.T. the Extra-Terrestrial;Family;Steven Spielberg;1982;115;0;7.50
2024-10-18;10:00;Dog Day Afternoon;Biography;Sidney Lumet;1975;125;0;6.50
2024-10-17;16:30;E.T. the Extra-Terrestrial;Family;Steven Spielberg;1982;115;0;7.50
2024-10-17;13:30;E.T. the Extra-Terrestrial;Family;Steven Spielberg;1982;115;0;6.50
2024-10-17;10:30;It's a Wonderful Life;Drama;Frank Capra;1946;130;6;7.50
2024-10-16;10:30;Seppuku;Action;Masaki Kobayashi;1962;133;12;6.50
2024-10-15;13:30;Raging Bull;Biography;Martin Scorsese;1980;129;12;8.00
2024-10-15;10:30;Idi i smotri;Drama;Elem Klimov;1985;142;12;8.50
2024-10-14;14:00;Il conformista;Drama;Bernardo Bertolucci;1970;113;12;8.00
2024-10-14;10:30;Fitzcarraldo;Adventure;Werner Herzog;1982;158;16;8.00
2024-10-13;18:30;Airplane!;Comedy;Jim Abrahams;1980;88;0;9.50
2024-10-13;16:00;Gilda;Drama;Charles Vidor;1946;110;12;7.50
2024-10-13;13:30;Lethal Weapon;Action;Richard Donner;1987;109;12;8.00
2024-10-13;10:30;The Butterfly Effect;Drama;Eric Bress;2004;113;0;6.50
2024-10-12;17:30;E.T. the Extra-Terrestrial;Family;Steven Spielberg;1982;115;0;7.00
2024-10-12;15:30;City Lights;Comedy;Charles Chaplin;1931;87;0;8.00
2024-10-12;13:00;Before Sunset;Drama;Richard Linklater;2004;80;16;6.50
2024-10-12;10:30;The Thin Man;Comedy;W.S. Van Dyke;1934;91;12;7.50
2024-10-11;10:30;Les triplettes de Belleville;Animation;Sylvain Chomet;2003;80;12;8.50
2024-10-10;13:30;Scent of a Woman;Drama;Martin Brest;1992;156;12;7.50
2024-10-10;10:00;Fight Club;Drama;David Fincher;1999;139;12;8.50
2024-10-09;13:30;The Thin Man;Comedy;W.S. Van Dyke;1934;91;12;7.50
2024-10-09;10:30;The Goonies;Adventure;Richard Donner;1985;114;0;6.50
2024-10-08;12:30;The Bourne Supremacy;Action;Paul Greengrass;2004;108;12;7.00
2024-10-08;10:00;Lethal Weapon;Action;Richard Donner;1987;109;12;7.50
2024-10-07;10:30;Sen to Chihiro no kamikakushi;Animation;Hayao Miyazaki;2001;125;0;8.00
2024-10-06;18:30;Viskningar och rop;Drama;Ingmar Bergman;1972;91;12;10.00
2024-10-06;15:00;Idi i smotri;Drama;Elem Klimov;1985;142;12;7.00
2024-10-06;12:30;Lethal Weapon;Action;Richard Donner;1987;109;12;7.00
2024-10-06;10:00;Airplane!;Comedy;Jim Abrahams;1980;88;0;8.00
2024-10-05;17:30;Gilda;Drama;Charles Vidor;1946;110;12;7.00
2024-10-05;15:00;After Hours;Comedy;Martin Scorsese;1985;97;12;7.00
2024-10-05;12:30;Out of the Past;Crime;Jacques Tourneur;1947;97;12;8.50
2024-10-05;10:00;Out of the Past;Crime;Jacques Tourneur;1947;97;12;7.50
2024-10-04;10:00;Stand by Me;Adventure;Rob Reiner;1986;89;0;6.50
2024-10-03;16:30;Almost Famous;Adventure;Cameron Crowe;2000;122;12;7.50
2024-10-03;14:30;Airplane!;Comedy;Jim Abrahams;1980;88;0;7.00
2024-10-03;10:30;The Lord of the Rings: The Fellowship of the Ring;Action;Peter Jackson;2001;178;0;6.50
2024-10-02;10:00;Amarcord;Comedy;Federico Fellini;1973;123;16;7.00
2024-10-01;12:30;Pulp Fiction;Crime;Quentin Tarantino;1994;154;12;7.00
2024-10-01;10:00;Majo no takkyûbin;Animation;Hayao Miyazaki;1989;103;0;7.50
2024-09-30;15:30;Ace in the Hole;Drama;Billy Wilder;1951;111;12;8.00
2024-09-30;13:00;The Shop Around the Corner;Comedy;Ernst Lubitsch;1940;99;12;8.50
2024-09-30;10:00;The Butterfly Effect;Drama;Eric Bress;2004;113;0;8.00
2024-09-29;18:30;Dog Day Afternoon;Biography;Sidney Lumet;1975;125;0;9.00
2024-09-29;16:00;Le samouraï;Crime;Jean-Pierre Melville;1967;105;12;6.50
2024-09-29;13:00;Almost Famous;Adventure;Cameron Crowe;2000;122;12;6.50
2024-09-29;10:00;Kaze no tani no Naushika;Animation;Hayao Miyazaki;1984;117;0;8.50
2024-09-28;18:30;Enter the Dragon;Action;Robert Clouse;1973;102;12;10.00
2024-09-28;16:00;Le samouraï;Crime;Jean-Pierre Melville;1967;105;12;8.00
2024-09-28;13:30;No Man's Land;Comedy;Danis Tanovic;2001;98;16;7.00
2024-09-28;10:30;It's a Wonderful Life;Drama;Frank Capra;1946;130;6;8.00
2024-09-27;16:00;City Lights;Comedy;Charles Chaplin;1931;87;0;7.50
2024-09-27;13:00;Seppuku;Action;Masaki Kobayashi;1962;133;12;8.00
2024-09-27;10:00;Dog Day Afternoon;Biography;Sidney Lumet;1975;125;0;6.50
2024-09-26;10:30;Midnight Express;Biography;Alan Parker;1978;121;12;8.50
2024-09-25;10:00;Crimes and Misdemeanors;Comedy;Woody Allen;1989;104;12;8.50
2024-09-24;10:30;The Butterfly Effect;Drama;Eric Bress;2004;113;0;8.00
2024-09-23;16:30;After Hours;Comedy;Martin Scorsese;1985;97;12;8.50
2024-09-23;14:00;Lethal Weapon;Action;Richard Donner;1987;109;12;6.50
2024-09-23;10:30;Pulp Fiction;Crime;Quentin Tarantino;1994;154;12;8.50
2024-09-22;19:00;The Grapes of Wrath;Drama;John Ford;1940;129;12;10.00
2024-09-22;16:00;The Goonies;Adventure;Richard Donner;1985;114;0;6.50
2024-09-22;13:00;The Bourne Supremacy;Action;Paul Greengrass;2004;108;12;8.50
2024-09-22;10:30;The Goonies;Adventure;Richard Donner;1985;114;0;8.00
2024-09-21;16:00;Star Trek II: The Wrath of Khan;Action;Nicholas Meyer;1982;113;0;7.00
2024-09-21;13:00;Seppuku;Action;Masaki Kobayashi;1962;133;12;8.50
2024-09-21;10:30;Kaze no tani no Naushika;Animation;Hayao Miyazaki;1984;117;0;8.50
2024-09-20;12:30;The Lord of the Rings: The Fellowship of the Ring;Action;Peter Jackson;2001;178;0;6.50
2024-09-20;10:00;Enter the Dragon;Action;Robert Clouse;1973;102;12;7.00
2024-09-19;12:30;Dog Day Afternoon;Biography;Sidney Lumet;1975;125;0;7.50
2024-09-19;10:00;Saw;Horror;James Wan;2004;103;12;8.00
2024-09-18;10:00;Gilda;Drama;Charles Vidor;1946;110;12;6.50
2024-09-17;13:00;Star Trek II: The Wrath of Khan;Action;Nicholas Meyer;1982;113;0;8.50
2024-09-17;10:00;The Goonies;Adventure;Richard Donner;1985;114;0;7.50
2024-09-16;16:00;The Shop Around the Corner;Comedy;Ernst Lubitsch;1940;99;12;8.00
2024-09-16;13:30;Kaze no tani no Naushika;Animation;Hayao Miyazaki;1984;117;0;8.50
2024-09-16;10:30;Midnight Express;Biography;Alan Parker;1978;121;12;7.50
2024-09-15;19:30;Heat;Crime;Michael Mann;1995;170;12;9.50
2024-09-15;17:00;Viskningar och rop;Drama;Ingmar Bergman;1972;91;12;7.50
2024-09-15;14:00;Vozvrashchenie;Drama;Andrey Zvyagintsev;2003;110;12;7.00
2024-09-15;10:30;Pulp Fiction;Crime;Quentin Tarantino;1994;154;12;7.00
2024-09-14;18:30;Vozvrashchenie;Drama;Andrey Zvyagintsev;2003;110;12;10.00
2024-09-14;16:00;The Butterfly Effect;Drama;Eric Bress;2004;113;0;8.50
2024-09-14;13:00;Akira;Animation;Katsuhiro Ôtomo;1988;124;12;8.50
2024-09-14;10:30;The Shop Around the Corner;Comedy;Ernst Lubitsch;1940;99;12;8.50
2024-09-13;15:30;Heat;Crime;Michael Mann;1995;170;12;7.00
2024-09-13;12:30;The Grapes of Wrath;Drama;John Ford;1940;129;12;8.00
2024-09-13;10:00;After Hours;Comedy;Martin Scorsese;1985;97;12;8.00
2024-09-12;12:30;Back to the Future;Adventure;Robert Zemeckis;1985;116;0;6.50
2024-09-12;10:00;Crimes and Misdemeanors;Comedy;Woody Allen;1989;104;12;8.00
2024-09-11;16:00;City Lights;Comedy;Charles Chaplin;1931;87;0;7.00
2024-09-11;13:00;Glory;Biography;Edward Zwick;1989;122;16;7.50
2024-09-11;10:30;Dr. Strangelove or: How I Learned to Stop Worrying and Love the Bomb;Comedy;Stanley Kubrick;1964;95;12;7.50
2024-09-10;13:00;Modern Times;Comedy;Charles Chaplin;1936;87;0;7.00
2024-09-10;10:30;No Man's Land;Comedy;Danis Tanovic;2001;98;16;8.50
2024-09-09;10:00;Ace in the Hole;Drama;Billy Wilder;1951;111;12;8.50
2024-09-08;16:00;Pulp Fiction;Crime;Quentin Tarantino;1994;154;12;8.50
2024-09-08;13:00;The Bourne Identity;Action;Doug Liman;2002;119;12;7.00
2024-09-08;10:00;Ace in the Hole;Drama;Billy Wilder;1951;111;12;7.50
2024-09-07;18:30;Crimes and Misdemeanors;Comedy;Woody Allen;1989;104;12;9.50
2024-09-07;16:00;Saw;Horror;James Wan;2004;103;12;6.50
2024-09-07;13:30;Monty Python and the Holy Grail;Adventure;Terry Gilliam;1975;91;6;7.50
2024-09-07;10:00;Empire of the Sun;Action;Steven Spielberg;1987;153;0;8.00
2024-09-06;15:30;Crimes and Misdemeanors;Comedy;Woody Allen;1989;104;12;8.50
2024-09-06;13:00;Blood Simple;Crime;Joel Coen;1984;99;12;7.50
2024-09-06;10:00;Glory;Biography;Edward Zwick;1989;122;16;8.00
2024-09-05;10:30;Manhattan;Comedy;Woody Allen;1979;96;16;7.00
2024-09-04;10:30;Midnight Express;Biography;Alan Parker;1978;121;12;6.50
2024-09-03;15:00;A Beautiful Mind;Biography;Ron Howard;2001;135;12;6.50
2024-09-03;12:30;Blood Simple;Crime;Joel Coen;1984;99;12;7.00
2024-09-03;10:00;Saw;Horror;James Wan;2004;103;12;7.50
2024-09-02;16:30;Monty Python and the Holy Grail;Adventure;Terry Gilliam;1975;91;6;8.00
2024-09-02;13:30;The Grapes of Wrath;Drama;John Ford;1940;129;12;8.50
2024-09-02;10:30;Midnight Express;Biography;Alan Parker;1978;121;12;7.50
2024-09-01;19:00;Saw;Horror;James Wan;2004;103;12;8.50
2024-09-01;15:30;Empire of the Sun;Action;Steven Spielberg;1987;153;0;8.50
2024-09-01;13:00;Dr. Strangelove or: How I Learned to Stop Worrying and Love the Bomb;Comedy;Stanley Kubrick;1964;95;12;8.00
2024-09-01;10:30;Manhattan;Comedy;Woody Allen;1979;96;16;8.50
2024-08-31;16:30;Saw;Horror;James Wan;2004;103;12;8.00
2024-08-31;13:30;Akira;Animation;Katsuhiro Ôtomo;1988;124;12;8.50
2024-08-31;10:30;Glory;Biography;Edward Zwick;1989;122;16;7.50
2024-08-30;16:30;Vozvrashchenie;Drama;Andrey Zvyagintsev;2003;110;12;7.50
2024-08-30;13:00;Empire of the Sun;Action;Steven Spielberg;1987;153;0;8.50
2024-08-30;10:00;Akira;Animation;Katsuhiro Ôtomo;1988;124;12;8.50
2024-08-29;17:00;Akira;Animation;Katsuhiro Ôtomo;1988;124;12;6.50
2024-08-29;13:30;Heat;Crime;Michael Mann;1995;170;12;7.00
2024-08-29;10:00;Heat;Crime;Michael Mann;1995;170;12;6.50
2024-08-28;13:30;The Red Shoes;Drama;Michael Powell;1948;135;12;7.50
2024-08-28;10:30;The Butterfly Effect;Drama;Eric Bress;2004;113;0;6.50
2024-08-27;13:30;Dr. Strangelove or: How I Learned to Stop Worrying and Love the Bomb;Comedy;Stanley Kubrick;1964;95;12;7.00
2024-08-27;10:30;The Bourne Identity;Action;Doug Liman;2002;119;12;8.00
2024-08-26;13:00;Paper Moon;Comedy;Peter Bogdanovich;1973;102;0;7.00
2024-08-26;10:30;No Man's Land;Comedy;Danis Tanovic;2001;98;16;8.50
2024-08-25;18:30;Akira;Animation;Katsuhiro Ôtomo;1988;124;12;9.50
2024-08-25;16:00;Back to the Future;Adventure;Robert Zemeckis;1985;116;0;7.00
2024-08-25;13:30;The Shop Around the Corner;Comedy;Ernst Lubitsch;1940;99;12;7.50
2024-08-25;10:30;Back to the Future;Adventure;Robert Zemeckis;1985;116;0;7.50
2024-08-24;18:30;Saw;Horror;James Wan;2004;103;12;10.00
2024-08-24;15:30;Hotel Rwanda;Biography;Terry George;2004;121;12;8.00
2024-08-24;13:00;Before Sunrise;Drama;Richard Linklater;1995;101;16;7.50
2024-08-24;10:30;Saw;Horror;James Wan;2004;103;12;8.50
2024-08-23;10:30;Festen;Drama;Thomas Vinterberg;1998;105;16;7.50
2024-08-22;15:30;Monty Python and the Holy Grail;Adventure;Terry Gilliam;1975;91;6;7.00
2024-08-22;13:00;No Man's Land;Comedy;Danis Tanovic;2001;98;16;8.50
2024-08-22;10:00;Vozvrashchenie;Drama;Andrey Zvyagintsev;2003;110;12;8.50
2024-08-21;10:30;Akira;Animation;Katsuhiro Ôtomo;1988;124;12;8.50
2024-08-20;10:30;Saw;Horror;James Wan;2004;103;12;6.50
2024-08-19;13:30;Manhattan;Comedy;Woody Allen;1979;96;16;6.50
2024-08-19;10:30;Back to the Future;Adventure;Robert Zemeckis;1985;116;0;7.00
2024-08-18;20:30;Anatomy of a Murder;Crime;Otto Preminger;1959;161;12;8.50
2024-08-18;18:00;The Odd Couple;Comedy;Gene Saks;1968;105;0;9.50
2024-08-18;14:00;Heat;Crime;Michael Mann;1995;170;12;8.50
2024-08-18;10:00;Magnolia;Drama;Paul Thomas Anderson;1999;188;16;6.50
2024-08-17;16:30;Saw;Horror;James Wan;2004;103;12;8.50
2024-08-17;13:30;The Grapes of Wrath;Drama;John Ford;1940;129;12;8.50
2024-08-17;10:30;Glory;Biography;Edward Zwick;1989;122;16;7.50
2024-08-16;17:00;The Grapes of Wrath;Drama;John Ford;1940;129;12;8.50
2024-08-16;14:30;Cape Fear;Drama;J. Lee Thompson;1962;106;12;7.50
2024-08-16;10:30;Dilwale Dulhania Le Jayenge;Drama;Aditya Chopra;1995;189;0;8.00
2024-08-15;13:00;Y tu mamá también;Drama;Alfonso Cuarón;2001;106;12;7.00
2024-08-15;10:30;Saw;Horror;James Wan;2004;103;12;7.50
2024-08-14;13:30;Manhattan;Comedy;Woody Allen;1979;96;16;8.50
2024-08-14;10:00;Empire of the Sun;Action;Steven Spielberg;1987;153;0;6.50
2024-08-13;10:00;Saw;Horror;James Wan;2004;103;12;8.50
2024-08-12;10:00;Magnolia;Drama;Paul Thomas Anderson;1999;188;16;8.00
2024-08-11;20:00;Paper Moon;Comedy;Peter Bogdanovich;1973;102;0;10.00
2024-08-11;16:30;Il buono, il brutto, il cattivo;Western;Sergio Leone;1966;161;12;7.50
2024-08-11;12:30;Dilwale Dulhania Le Jayenge;Drama;Aditya Chopra;1995;189;0;7.50
2024-08-11;10:00;Glengarry Glen Ross;Crime;James Foley;1992;100;16;8.50
2024-08-10;18:30;Akira;Animation;Katsuhiro Ôtomo;1988;124;12;8.50
2024-08-10;16:00;Y tu mamá también;Drama;Alfonso Cuarón;2001;106;12;8.50
2024-08-10;13:00;Cape Fear;Drama;J. Lee Thompson;1962;106;12;7.00
2024-08-10;10:30;Glengarry Glen Ross;Crime;James Foley;1992;100;16;6.50
2024-08-09;10:30;Blood Simple;Crime;Joel Coen;1984;99;12;8.00
2024-08-08;16:00;Badlands;Action;Terrence Malick;1973;94;6;7.00
2024-08-08;13:00;The Man Who Would Be King;Adventure;John Huston;1975;129;6;8.50
2024-08-08;10:30;Before Sunrise;Drama;Richard Linklater;1995;101;16;6.50
2024-08-07;15:30;Magnolia;Drama;Paul Thomas Anderson;1999;188;16;7.50
2024-08-07;13:00;Glengarry Glen Ross;Crime;James Foley;1992;100;16;6.50
2024-08-07;10:30;Festen;Drama;Thomas Vinterberg;1998;105;16;6.50
2024-08-06;10:00;Anatomy of a Murder;Crime;Otto Preminger;1959;161;12;6.50
2024-08-05;10:00;Eskiya;Crime;Yavuz Turgul;1996;128;12;7.00
2024-08-04;17:30;Det sjunde inseglet;Drama;Ingmar Bergman;1957;96;12;7.00
2024-08-04;15:00;Cape Fear;Drama;J. Lee Thompson;1962;106;12;7.50
2024-08-04;12:30;Glengarry Glen Ross;Crime;James Foley;1992;100;16;7.00
2024-08-04;10:00;Paper Moon;Comedy;Peter Bogdanovich;1973;102;0;7.50
2024-08-03;19:30;Cape Fear;Drama;J. Lee Thompson;1962;106;12;9.50
2024-08-03;17:00;Manhattan;Comedy;Woody Allen;1979;96;16;8.50
2024-08-03;14:30;Festen;Drama;Thomas Vinterberg;1998;105;16;6.50
2024-08-03;10:30;Dilwale Dulhania Le Jayenge;Drama;Aditya Chopra;1995;189;0;8.00
2024-08-02;13:00;Il buono, il brutto, il cattivo;Western;Sergio Leone;1966;161;12;8.00
2024-08-02;10:30;Willy Wonka & the Chocolate Factory;Family;Mel Stuart;1971;100;0;6.50
2024-08-01;10:30;Monty Python and the Holy Grail;Adventure;Terry Gilliam;1975;91;6;7.00
2024-07-31;13:00;Before Sunrise;Drama;Richard Linklater;1995;101;16;7.50
2024-07-31;10:30;The Odd Couple;Comedy;Gene Saks;1968;105;0;8.00
2024-07-30;15:30;Star Wars: Episode V - The Empire Strikes Back;Action;Irvin Kershner;1980;124;12;8.50
2024-07-30;12:30;Serpico;Biography;Sidney Lumet;1973;130;12;8.50
2024-07-30;10:30;Le dîner de cons;Comedy;Francis Veber;1998;80;12;8.00
2024-07-29;10:00;Paper Moon;Comedy;Peter Bogdanovich;1973;102;0;7.00
2024-07-28;18:30;Before Sunrise;Drama;Richard Linklater;1995;101;16;10.00
2024-07-28;16:00;Léon;Action;Luc Besson;1994;110;12;7.50
2024-07-28;13:00;The Bourne Identity;Action;Doug Liman;2002;119;12;6.50
2024-07-28;10:00;Léon;Action;Luc Besson;1994;110;12;8.50
2024-07-27;17:00;Raiders of the Lost Ark;Action;Steven Spielberg;1981;115;12;7.50
2024-07-27;13:00;Dilwale Dulhania Le Jayenge;Drama;Aditya Chopra;1995;189;0;7.50
2024-07-27;10:30;Willy Wonka & the Chocolate Factory;Family;Mel Stuart;1971;100;0;7.50
2024-07-26;12:30;Invasion of the Body Snatchers;Drama;Don Siegel;1956;80;12;7.50
2024-07-26;10:00;Willy Wonka & the Chocolate Factory;Family;Mel Stuart;1971;100;0;7.00
2024-07-25;12:30;Dr. Strangelove or: How I Learned to Stop Worrying and Love the Bomb;Comedy;Stanley Kubrick;1964;95;12;8.00
2024-07-25;10:00;Nosferatu;Fantasy;F.W. Murnau;1922;94;12;8.00
2024-07-24;17:00;Badlands;Action;Terrence Malick;1973;94;6;6.50
2024-07-24;13:00;Dilwale Dulhania Le Jayenge;Drama;Aditya Chopra;1995;189;0;8.00
2024-07-24;10:00;Serpico;Biography;Sidney Lumet;1973;130;12;8.50
2024-07-23;12:00;Kôkaku Kidôtai;Animation;Mamoru Oshii;1995;83;12;6.50
2024-07-23;10:00;The Jungle Book;Animation;Wolfgang Reitherman;1967;78;0;6.50
2024-07-22;13:00;Le dîner de cons;Comedy;Francis Veber;1998;80;12;8.50
2024-07-22;10:30;The Thin Man;Comedy;W.S. Van Dyke;1934;91;12;6.50
2024-07-21;19:30;Il buono, il brutto, il cattivo;Western;Sergio Leone;1966;161;12;10.00
2024-07-21;15:30;Magnolia;Drama;Paul Thomas Anderson;1999;188;16;7.50
2024-07-21;13:00;Y tu mamá también;Drama;Alfonso Cuarón;2001;106;12;6.50
2024-07-21;10:00;The Grapes of Wrath;Drama;John Ford;1940;129;12;7.50
2024-07-20;16:30;The Man Who Would Be King;Adventure;John Huston;1975;129;6;8.50
2024-07-20;14:30;Kôkaku Kidôtai;Animation;Mamoru Oshii;1995;83;12;6.50
2024-07-20;12:00;Knockin' on Heaven's Door;Action;Thomas Jahn;1997;87;12;7.00
2024-07-20;10:00;Kôkaku Kidôtai;Animation;Mamoru Oshii;1995;83;12;6.50
2024-07-19;15:00;Harry Potter and the Prisoner of Azkaban;Adventure;Alfonso Cuarón;2004;142;0;7.00
2024-07-19;12:30;Paper Moon;Comedy;Peter Bogdanovich;1973;102;0;8.50
2024-07-19;10:30;Kôkaku Kidôtai;Animation;Mamoru Oshii;1995;83;12;6.50
2024-07-18;14:00;Léon;Action;Luc Besson;1994;110;12;7.50
2024-07-18;10:30;Rio Bravo;Action;Howard Hawks;1959;141;12;7.50
2024-07-17;10:00;The Bourne Identity;Action;Doug Liman;2002;119;12;6.50
2024-07-16;14:30;The Shining;Drama;Stanley Kubrick;1980;146;12;8.00
2024-07-16;10:30;Magnolia;Drama;Paul Thomas Anderson;1999;188;16;6.50
2024-07-15;10:30;Eskiya;Crime;Yavuz Turgul;1996;128;12;7.50
2024-07-14;17:30;Willy Wonka & the Chocolate Factory;Family;Mel Stuart;1971;100;0;8.00
2024-07-14;15:00;Key Largo;Action;John Huston;1948;100;12;8.50
2024-07-14;12:30;Festen;Drama;Thomas Vinterberg;1998;105;16;8.00
2024-07-14;10:00;Annie Hall;Comedy;Woody Allen;1977;93;12;8.50
2024-07-13;18:00;Nosferatu;Fantasy;F.W. Murnau;1922;94;12;9.00
2024-07-13;15:00;Star Wars: Episode V - The Empire Strikes Back;Action;Irvin Kershner;1980;124;12;7.50
2024-07-13;13:00;Le dîner de cons;Comedy;Francis Veber;1998;80;12;7.00
2024-07-13;10:00;Raiders of the Lost Ark;Action;Steven Spielberg;1981;115;12;7.00
2024-07-12;15:30;Empire of the Sun;Action;Steven Spielberg;1987;153;0;8.50
2024-07-12;12:30;Rio Bravo;Action;Howard Hawks;1959;141;12;8.50
2024-07-12;10:00;Before Sunrise;Drama;Richard Linklater;1995;101;16;7.50
2024-07-11;16:00;Hotel Rwanda;Biography;Terry George;2004;121;12;7.00
2024-07-11;13:30;Key Largo;Action;John Huston;1948;100;12;7.50
2024-07-11;10:00;Il buono, il brutto, il cattivo;Western;Sergio Leone;1966;161;12;7.50
2024-07-10;12:30;Fargo;Crime;Joel Coen;1996;98;12;6.50
2024-07-10;10:00;Annie Hall;Comedy;Woody Allen;1977;93;12;6.50
2024-07-09;10:00;Star Wars: Episode V - The Empire Strikes Back;Action;Irvin Kershner;1980;124;12;7.50
2024-07-08;10:00;The Shining;Drama;Stanley Kubrick;1980;146;12;8.50
2024-07-07;19:00;Le dîner de cons;Comedy;Francis Veber;1998;80;12;8.50
2024-07-07;16:00;Eskiya;Crime;Yavuz Turgul;1996;128;12;8.00
2024-07-07;13:30;Knockin' on Heaven's Door;Action;Thomas Jahn;1997;87;12;7.00
2024-07-07;10:30;Harry Potter and the Prisoner of Azkaban;Adventure;Alfonso Cuarón;2004;142;0;7.00
2024-07-06;18:00;Do lok tin si;Comedy;Kar-Wai Wong;1995;99;12;10.00
2024-07-06;15:30;Before Sunrise;Drama;Richard Linklater;1995;101;16;7.50
2024-07-06;13:00;Fargo;Crime;Joel Coen;1996;98;12;8.50
2024-07-06;10:30;Festen;Drama;Thomas Vinterberg;1998;105;16;6.50
2024-07-05;13:00;The Man Who Would Be King;Adventure;John Huston;1975;129;6;7.00
2024-07-05;10:00;Rio Bravo;Action;Howard Hawks;1959;141;12;8.00
2024-07-04;13:30;Star Wars: Episode V - The Empire Strikes Back;Action;Irvin Kershner;1980;124;12;8.50
2024-07-04;10:00;Empire of the Sun;Action;Steven Spielberg;1987;153;0;7.50
2024-07-03;13:00;Roman Holiday;Comedy;William Wyler;1953;118;12;8.00
2024-07-03;10:30;Det sjunde inseglet;Drama;Ingmar Bergman;1957;96;12;7.00
2024-07-02;13:30;Eskiya;Crime;Yavuz Turgul;1996;128;12;6.50
2024-07-02;10:00;The Godfather;Crime;Francis Ford Coppola;1972;175;12;7.00
2024-07-01;14:00;Hera Pheri;Action;Priyadarshan;2000;156;0;7.50
2024-07-01;10:30;Empire of the Sun;Action;Steven Spielberg;1987;153;0;7.50
2024-06-30;15:30;Belle de jour;Drama;Luis Buñuel;1967;100;12;8.00
2024-06-30;13:00;Y tu mamá también;Drama;Alfonso Cuarón;2001;106;12;8.00
2024-06-30;10:30;Y tu mamá también;Drama;Alfonso Cuarón;2001;106;12;8.50
2024-06-29;15:00;Festen;Drama;Thomas Vinterberg;1998;105;16;7.00
2024-06-29;12:30;Y tu mamá también;Drama;Alfonso Cuarón;2001;106;12;8.00
2024-06-29;10:00;Le dîner de cons;Comedy;Francis Veber;1998;80;12;8.50
2024-06-28;10:30;Knockin' on Heaven's Door;Action;Thomas Jahn;1997;87;12;6.50
2024-06-27;13:30;Roman Holiday;Comedy;William Wyler;1953;118;12;8.50
2024-06-27;10:30;Star Wars: Episode V - The Empire Strikes Back;Action;Irvin Kershner;1980;124;12;7.50
2024-06-26;10:30;Hotel Rwanda;Biography;Terry George;2004;121;12;7.00
2024-06-25;10:30;Harry Potter and the Prisoner of Azkaban;Adventure;Alfonso Cuarón;2004;142;0;8.50
2024-06-24;15:30;Dead Man's Shoes;Crime;Shane Meadows;2004;90;12;7.00
2024-06-24;13:00;Belle de jour;Drama;Luis Buñuel;1967;100;12;7.50
2024-06-24;10:30;Belle de jour;Drama;Luis Buñuel;1967;100;12;7.50
2024-06-23;17:00;Roman Holiday;Comedy;William Wyler;1953;118;12;7.50
2024-06-23;14:30;Key Largo;Action;John Huston;1948;100;12;6.50
2024-06-23;10:30;The Lord of the Rings: The Return of the King;Action;Peter Jackson;2003;201;0;7.00
2024-06-22;16:00;A Clockwork Orange;Crime;Stanley Kubrick;1971;136;12;6.50
2024-06-22;13:30;The Shop Around the Corner;Comedy;Ernst Lubitsch;1940;99;12;7.00
2024-06-22;10:30;The Manchurian Candidate;Drama;John Frankenheimer;1962;126;12;8.50
2024-06-21;13:00;Key Largo;Action;John Huston;1948;100;12;8.50
2024-06-21;10:00;Eskiya;Crime;Yavuz Turgul;1996;128;12;6.50
2024-06-20;10:30;The Shop Around the Corner;Comedy;Ernst Lubitsch;1940;99;12;7.50
2024-06-19;10:30;The Muppet Movie;Adventure;James Frawley;1979;95;0;6.50
2024-06-18;17:00;Belle de jour;Drama;Luis Buñuel;1967;100;12;7.00
2024-06-18;14:00;Hotel Rwanda;Biography;Terry George;2004;121;12;7.00
2024-06-18;10:30;Empire of the Sun;Action;Steven Spielberg;1987;153;0;7.50
2024-06-17;12:30;The Bourne Supremacy;Action;Paul Greengrass;2004;108;12;8.00
2024-06-17;10:00;Belle de jour;Drama;Luis Buñuel;1967;100;12;7.50
2024-06-16;15:30;The Shop Around the Corner;Comedy;Ernst Lubitsch;1940;99;12;8.00
2024-06-16;12:30;Forrest Gump;Drama;Robert Zemeckis;1994;142;12;8.00
2024-06-16;10:00;Dead Man's Shoes;Crime;Shane Meadows;2004;90;12;6.50
2024-06-15;19:30;Knockin' on Heaven's Door;Action;Thomas Jahn;1997;87;12;9.50
2024-06-15;16:00;The Insider;Biography;Michael Mann;1999;157;12;7.00
2024-06-15;12:30;Hera Pheri;Action;Priyadarshan;2000;156;0;7.00
2024-06-15;10:00;Trois couleurs: Rouge;Drama;Krzysztof Kieslowski;1994;99;0;8.00
2024-06-14;13:00;Finding Neverland;Biography;Marc Forster;2004;106;0;7.00
2024-06-14;10:00;Rocky;Drama;John G. Avildsen;1976;120;0;8.50
2024-06-13;13:00;Roman Holiday;Comedy;William Wyler;1953;118;12;8.50
2024-06-13;10:30;Il postino;Biography;Michael Radford;1994;108;0;7.50
2024-06-12;17:00;Raiders of the Lost Ark;Action;Steven Spielberg;1981;115;12;6.50
2024-06-12;14:30;Au revoir les enfants;Drama;Louis Malle;1987;104;0;6.50
2024-06-12;10:30;The Lord of the Rings: The Return of the King;Action;Peter Jackson;2003;201;0;7.50
2024-06-11;10:00;Knockin' on Heaven's Door;Action;Thomas Jahn;1997;87;12;8.00
2024-06-10;15:30;Knockin' on Heaven's Door;Action;Thomas Jahn;1997;87;12;8.50
2024-06-10;12:30;Fight Club;Drama;David Fincher;1999;139;12;8.50
2024-06-10;10:00;Majo no takkyûbin;Animation;Hayao Miyazaki;1989;103;0;8.00
2024-06-09;15:30;The Bourne Supremacy;Action;Paul Greengrass;2004;108;12;7.00
2024-06-09;13:00;The Shop Around the Corner;Comedy;Ernst Lubitsch;1940;99;12;8.00
2024-06-09;10:30;Fargo;Crime;Joel Coen;1996;98;12;8.00
2024-06-08;16:00;Roman Holiday;Comedy;William Wyler;1953;118;12;6.50
2024-06-08;13:30;On the Waterfront;Crime;Elia Kazan;1954;108;12;8.00
2024-06-08;10:30;Rocky;Drama;John G. Avildsen;1976;120;0;7.00
2024-06-07;15:00;Rocky;Drama;John G. Avildsen;1976;120;0;6.50
2024-06-07;12:30;The Bourne Supremacy;Action;Paul Greengrass;2004;108;12;7.50
2024-06-07;10:00;The Shop Around the Corner;Comedy;Ernst Lubitsch;1940;99;12;7.50
2024-06-06;15:00;Finding Nemo;Animation;Andrew Stanton;2003;100;0;7.00
2024-06-06;12:30;Trois couleurs: Rouge;Drama;Krzysztof Kieslowski;1994;99;0;8.00
2024-06-06;10:00;The Shop Around the Corner;Comedy;Ernst Lubitsch;1940;99;12;6.50
2024-06-05;13:00;Trois couleurs: Rouge;Drama;Krzysztof Kieslowski;1994;99;0;8.00
2024-06-05;10:30;Knockin' on Heaven's Door;Action;Thomas Jahn;1997;87;12;8.00
2024-06-04;17:00;Hera Pheri;Action;Priyadarshan;2000;156;0;8.50
2024-06-04;13:00;The Godfather;Crime;Francis Ford Coppola;1972;175;12;8.50
2024-06-04;10:00;The Lion in Winter;Biography;Anthony Harvey;1968;134;6;8.00
2024-06-03;13:00;Kramer vs. Kramer;Drama;Robert Benton;1979;105;12;7.00
2024-06-03;10:30;Y tu mamá también;Drama;Alfonso Cuarón;2001;106;12;6.50
2024-06-02;15:30;The Lion in Winter;Biography;Anthony Harvey;1968;134;6;8.50
2024-06-02;13:00;The Shop Around the Corner;Comedy;Ernst Lubitsch;1940;99;12;7.50
2024-06-02;10:30;The Bourne Supremacy;Action;Paul Greengrass;2004;108;12;8.50
2024-06-01;18:30;The Shop Around the Corner;Comedy;Ernst Lubitsch;1940;99;12;10.00
2024-06-01;16:00;Kôkaku Kidôtai;Animation;Mamoru Oshii;1995;83;12;8.50
2024-06-01;13:30;The Night of the Hunter;Crime;Charles Laughton;1955;92;12;7.00
2024-06-01;10:30;The Great Dictator;Comedy;Charles Chaplin;1940;125;12;7.00
2024-05-31;13:30;The Night of the Hunter;Crime;Charles Laughton;1955;92;12;6.50
2024-05-31;10:00;The Best Years of Our Lives;Drama;William Wyler;1946;170;12;8.00
2024-05-30;13:30;The Muppet Movie;Adventure;James Frawley;1979;95;0;8.50
2024-05-30;10:30;Goldfinger;Action;Guy Hamilton;1964;110;12;7.50
2024-05-29;16:30;The Silence of the Lambs;Crime;Jonathan Demme;1991;118;12;6.50
2024-05-29;14:00;Finding Nemo;Animation;Andrew Stanton;2003;100;0;8.50
2024-05-29;10:30;Forrest Gump;Drama;Robert Zemeckis;1994;142;12;8.50
2024-05-28;12:30;Young Frankenstein;Comedy;Mel Brooks;1974;106;12;7.50
2024-05-28;10:00;Touch of Evil;Crime;Orson Welles;1958;95;12;8.00
2024-05-27;10:30;Finding Neverland;Biography;Marc Forster;2004;106;0;6.50
2024-05-26;16:30;Forrest Gump;Drama;Robert Zemeckis;1994;142;12;7.00
2024-05-26;13:30;Fight Club;Drama;David Fincher;1999;139;12;8.50
2024-05-26;10:30;The Lion in Winter;Biography;Anthony Harvey;1968;134;6;8.00
2024-05-25;19:00;Short Cuts;Comedy;Robert Altman;1993;188;16;9.50
2024-05-25;15:30;Hera Pheri;Action;Priyadarshan;2000;156;0;8.00
2024-05-25;13:00;Finding Nemo;Animation;Andrew Stanton;2003;100;0;6.50
2024-05-25;10:30;On the Waterfront;Crime;Elia Kazan;1954;108;12;6.50
2024-05-24;14:30;Y tu mamá también;Drama;Alfonso Cuarón;2001;106;12;7.50
2024-05-24;10:30;Fiddler on the Roof;Drama;Norman Jewison;1971;181;0;6.50
2024-05-23;15:30;All the President's Men;Biography;Alan J. Pakula;1976;138;0;8.00
2024-05-23;13:00;Trois couleurs: Rouge;Drama;Krzysztof Kieslowski;1994;99;0;8.50
2024-05-23;10:30;Majo no takkyûbin;Animation;Hayao Miyazaki;1989;103;0;7.50
2024-05-22;17:00;Le notti di Cabiria;Drama;Federico Fellini;1957;110;12;6.50
2024-05-22;14:30;A Christmas Story;Comedy;Bob Clark;1983;93;0;7.50
2024-05-22;10:30;Fiddler on the Roof;Drama;Norman Jewison;1971;181;0;7.00
2024-05-21;14:00;All the President's Men;Biography;Alan J. Pakula;1976;138;0;8.50
2024-05-21;10:00;Fiddler on the Roof;Drama;Norman Jewison;1971;181;0;7.50
2024-05-20;13:00;Trois couleurs: Rouge;Drama;Krzysztof Kieslowski;1994;99;0;8.00
2024-05-20;10:30;Touch of Evil;Crime;Orson Welles;1958;95;12;8.00
2024-05-19;19:00;Finding Nemo;Animation;Andrew Stanton;2003;100;0;9.00
2024-05-19;16:00;Naked;Comedy;Mike Leigh;1993;132;12;7.00
2024-05-19;13:30;Touch of Evil;Crime;Orson Welles;1958;95;12;8.50
2024-05-19;10:30;The Lion in Winter;Biography;Anthony Harvey;1968;134;6;8.00
2024-05-18;18:00;The Lord of the Rings: The Return of the King;Action;Peter Jackson;2003;201;0;9.00
2024-05-18;15:30;The Taking of Pelham One Two Three;Action;Joseph Sargent;1974;104;0;7.00
2024-05-18;13:00;Kramer vs. Kramer;Drama;Robert Benton;1979;105;12;7.00
2024-05-18;10:30;Belle de jour;Drama;Luis Buñuel;1967;100;12;7.00
2024-05-17;10:30;The Lord of the Rings: The Return of the King;Action;Peter Jackson;2003;201;0;8.50
2024-05-16;17:00;Forrest Gump;Drama;Robert Zemeckis;1994;142;12;8.00
2024-05-16;12:30;The Lord of the Rings: The Return of the King;Action;Peter Jackson;2003;201;0;8.00
2024-05-16;10:00;The Taking of Pelham One Two Three;Action;Joseph Sargent;1974;104;0;8.00
2024-05-15;16:00;Forrest Gump;Drama;Robert Zemeckis;1994;142;12;8.50
2024-05-15;13:30;A Christmas Story;Comedy;Bob Clark;1983;93;0;8.50
2024-05-15;10:30;Naked;Comedy;Mike Leigh;1993;132;12;8.50
2024-05-14;12:00;Naked;Comedy;Mike Leigh;1993;132;12;7.50
2024-05-14;10:00;Bride of Frankenstein;Drama;James Whale;1935;75;12;8.50
2024-05-13;15:30;All the President's Men;Biography;Alan J. Pakula;1976;138;0;8.00
2024-05-13;13:00;A Christmas Story;Comedy;Bob Clark;1983;93;0;8.00
2024-05-13;10:30;A Christmas Story;Comedy;Bob Clark;1983;93;0;8.50
2024-05-12;18:30;A Christmas Story;Comedy;Bob Clark;1983;93;0;9.50
2024-05-12;15:30;Jurassic Park;Action;Steven Spielberg;1993;127;12;7.00
2024-05-12;12:30;Tenkû no shiro Rapyuta;Animation;Hayao Miyazaki;1986;125;0;8.50
2024-05-12;10:00;Edward Scissorhands;Drama;Tim Burton;1990;105;0;7.50
2024-05-11;15:00;Young Frankenstein;Comedy;Mel Brooks;1974;106;12;7.00
2024-05-11;12:30;Delicatessen;Comedy;Marc Caro;1991;99;16;7.00
2024-05-11;10:00;Kramer vs. Kramer;Drama;Robert Benton;1979;105;12;7.00
2024-05-10;15:30;Young Frankenstein;Comedy;Mel Brooks;1974;106;12;8.00
2024-05-10;13:00;The Lady Vanishes;Mystery;Alfred Hitchcock;1938;96;12;7.50
2024-05-10;10:30;Majo no takkyûbin;Animation;Hayao Miyazaki;1989;103;0;7.50
2024-05-09;15:30;Nueve reinas;Crime;Fabián Bielinsky;2000;114;16;8.00
2024-05-09;13:00;On the Waterfront;Crime;Elia Kazan;1954;108;12;6.50
2024-05-09;10:30;On the Waterfront;Crime;Elia Kazan;1954;108;12;7.50
2024-05-08;16:30;Bride of Frankenstein;Drama;James Whale;1935;75;12;6.50
2024-05-08;13:30;The Exorcist;Horror;William Friedkin;1973;122;12;7.00
2024-05-08;10:30;Forrest Gump;Drama;Robert Zemeckis;1994;142;12;7.50
2024-05-07;10:00;Fiddler on the Roof;Drama;Norman Jewison;1971;181;0;7.00
2024-05-06;10:00;Kôkaku Kidôtai;Animation;Mamoru Oshii;1995;83;12;6.50
2024-05-05;14:00;Majo no takkyûbin;Animation;Hayao Miyazaki;1989;103;0;8.50
2024-05-05;12:00;Bride of Frankenstein;Drama;James Whale;1935;75;12;7.50
2024-05-05;10:00;Bride of Frankenstein;Drama;James Whale;1935;75;12;7.00
2024-05-04;17:30;Tenkû no shiro Rapyuta;Animation;Hayao Miyazaki;1986;125;0;8.50
2024-05-04;15:00;Majo no takkyûbin;Animation;Hayao Miyazaki;1989;103;0;8.00
2024-05-04;13:00;City Lights;Comedy;Charles Chaplin;1931;87;0;8.50
2024-05-04;10:00;The Great Dictator;Comedy;Charles Chaplin;1940;125;12;8.50
2024-05-03;12:30;Lifeboat;Drama;Alfred Hitchcock;1944;97;12;8.00
2024-05-03;10:00;Y tu mamá también;Drama;Alfonso Cuarón;2001;106;12;8.00
2024-05-02;10:00;Naked;Comedy;Mike Leigh;1993;132;12;8.00
2024-05-01;12:30;Kôkaku Kidôtai;Animation;Mamoru Oshii;1995;83;12;7.50
2024-05-01;10:00;Miracle on 34th Street;Comedy;George Seaton;1947;96;12;8.00
2024-04-30;12:00;Lawrence of Arabia;Adventure;David Lean;1962;228;0;6.50
2024-04-30;10:00;Bride of Frankenstein;Drama;James Whale;1935;75;12;6.50
2024-04-29;10:00;The Muppet Movie;Adventure;James Frawley;1979;95;0;8.50
2024-04-28;19:00;Fiddler on the Roof;Drama;Norman Jewison;1971;181;0;9.50
2024-04-28;16:30;Young Frankenstein;Comedy;Mel Brooks;1974;106;12;8.50
2024-04-28;13:30;Nueve reinas;Crime;Fabián Bielinsky;2000;114;16;8.50
2024-04-28;10:30;The Man Who Shot Liberty Valance;Drama;John Ford;1962;123;12;7.50
2024-04-27;15:00;Delicatessen;Comedy;Marc Caro;1991;99;16;7.50
2024-04-27;13:00;Kôkaku Kidôtai;Animation;Mamoru Oshii;1995;83;12;7.00
2024-04-27;10:30;Majo no takkyûbin;Animation;Hayao Miyazaki;1989;103;0;8.50
2024-04-26;10:00;Kôkaku Kidôtai;Animation;Mamoru Oshii;1995;83;12;7.00
2024-04-25;13:00;The Silence of the Lambs;Crime;Jonathan Demme;1991;118;12;6.50
2024-04-25;10:30;Majo no takkyûbin;Animation;Hayao Miyazaki;1989;103;0;7.50
2024-04-24;16:30;The Man Who Shot Liberty Valance;Drama;John Ford;1962;123;12;8.00
2024-04-24;14:00;Miracle on 34th Street;Comedy;George Seaton;1947;96;12;7.50
2024-04-24;10:30;Patton;Biography;Franklin J. Schaffner;1970;172;0;6.50
2024-04-23;13:30;Lifeboat;Drama;Alfred Hitchcock;1944;97;12;8.00
2024-04-23;10:30;The Lion in Winter;Biography;Anthony Harvey;1968;134;6;7.50
2024-04-22;16:00;The Man Who Shot Liberty Valance;Drama;John Ford;1962;123;12;8.00
2024-04-22;13:30;Edward Scissorhands;Drama;Tim Burton;1990;105;0;8.00
2024-04-22;10:30;The Exorcist;Horror;William Friedkin;1973;122;12;8.50
2024-04-21;19:00;Stagecoach;Adventure;John Ford;1939;96;12;9.00
2024-04-21;16:00;The Conversation;Drama;Francis Ford Coppola;1974;113;0;6.50
2024-04-21;13:30;Delicatessen;Comedy;Marc Caro;1991;99;16;7.50
2024-04-21;10:30;The Silence of the Lambs;Crime;Jonathan Demme;1991;118;12;7.00
2024-04-20;17:30;A Night at the Opera;Comedy;Sam Wood;1935;96;12;6.50
2024-04-20;14:30;The Exorcist;Horror;William Friedkin;1973;122;12;8.50
2024-04-20;12:30;City Lights;Comedy;Charles Chaplin;1931;87;0;8.50
2024-04-20;10:00;Lifeboat;Drama;Alfred Hitchcock;1944;97;12;8.50
2024-04-19;15:30;Kramer vs. Kramer;Drama;Robert Benton;1979;105;12;7.50
2024-04-19;12:30;Jurassic Park;Action;Steven Spielberg;1993;127;12;8.50
2024-04-19;10:00;Kramer vs. Kramer;Drama;Robert Benton;1979;105;12;6.50
2024-04-18;10:30;The Lady Vanishes;Mystery;Alfred Hitchcock;1938;96;12;8.00
2024-04-17;13:30;Tenkû no shiro Rapyuta;Animation;Hayao Miyazaki;1986;125;0;8.00
2024-04-17;10:30;Miller's Crossing;Crime;Joel Coen;1990;115;16;7.00
2024-04-16;16:00;Back to the Future Part II;Adventure;Robert Zemeckis;1989;108;0;7.00
2024-04-16;13:30;Kramer vs. Kramer;Drama;Robert Benton;1979;105;12;6.50
2024-04-16;10:30;The Remains of the Day;Drama;James Ivory;1993;134;0;6.50
2024-04-15;15:00;Patton;Biography;Franklin J. Schaffner;1970;172;0;6.50
2024-04-15;12:30;The Conversation;Drama;Francis Ford Coppola;1974;113;0;8.50
2024-04-15;10:00;Kramer vs. Kramer;Drama;Robert Benton;1979;105;12;7.00
2024-04-14;18:30;Rain Man;Drama;Barry Levinson;1988;133;0;9.00
2024-04-14;16:00;Ivanovo detstvo;Drama;Andrei Tarkovsky;1962;95;12;8.00
2024-04-14;13:30;Delicatessen;Comedy;Marc Caro;1991;99;16;6.50
2024-04-14;10:30;The Remains of the Day;Drama;James Ivory;1993;134;0;7.00
2024-04-13;19:00;Tenkû no shiro Rapyuta;Animation;Hayao Miyazaki;1986;125;0;9.00
2024-04-13;16:00;Sense and Sensibility;Drama;Ang Lee;1995;136;0;6.50
2024-04-13;13:00;The Silence of the Lambs;Crime;Jonathan Demme;1991;118;12;8.00
2024-04-13;10:00;The Butterfly Effect;Drama;Eric Bress;2004;113;0;7.50
2024-04-12;13:00;The Conversation;Drama;Francis Ford Coppola;1974;113;0;7.00
2024-04-12;10:30;Kramer vs. Kramer;Drama;Robert Benton;1979;105;12;7.00
2024-04-11;10:30;Sense and Sensibility;Drama;Ang Lee;1995;136;0;6.50
2024-04-10;10:30;The Silence of the Lambs;Crime;Jonathan Demme;1991;118;12;6.50
2024-04-09;16:30;Edward Scissorhands;Drama;Tim Burton;1990;105;0;8.50
2024-04-09;13:30;The Exorcist;Horror;William Friedkin;1973;122;12;8.50
2024-04-09;10:30;The Conversation;Drama;Francis Ford Coppola;1974;113;0;8.00
2024-04-08;13:30;Rain Man;Drama;Barry Levinson;1988;133;0;6.50
2024-04-08;10:30;Sense and Sensibility;Drama;Ang Lee;1995;136;0;7.00
2024-04-07;16:00;A Night at the Opera;Comedy;Sam Wood;1935;96;12;8.50
2024-04-07;12:30;The Godfather: Part III;Crime;Francis Ford Coppola;1990;162;12;8.00
2024-04-07;10:00;The Lady Vanishes;Mystery;Alfred Hitchcock;1938;96;12;7.00
2024-04-06;19:00;Miller's Crossing;Crime;Joel Coen;1990;115;16;8.50
2024-04-06;16:00;The Silence of the Lambs;Crime;Jonathan Demme;1991;118;12;7.50
2024-04-06;13:00;The Butterfly Effect;Drama;Eric Bress;2004;113;0;7.00
2024-04-06;10:00;Rain Man;Drama;Barry Levinson;1988;133;0;7.50
2024-04-05;15:00;Rain Man;Drama;Barry Levinson;1988;133;0;7.50
2024-04-05;12:00;Sense and Sensibility;Drama;Ang Lee;1995;136;0;6.50
2024-04-05;10:00;Bride of Frankenstein;Drama;James Whale;1935;75;12;6.50
2024-04-04;10:30;Vertigo;Mystery;Alfred Hitchcock;1958;128;12;7.00
2024-04-03;10:00;Jurassic Park;Action;Steven Spielberg;1993;127;12;8.50
2024-04-02;13:30;Miller's Crossing;Crime;Joel Coen;1990;115;16;7.50
2024-04-02;10:30;Sense and Sensibility;Drama;Ang Lee;1995;136;0;7.50
2024-04-01;15:30;Le charme discret de la bourgeoisie;Comedy;Luis Buñuel;1972;102;6;6.50
2024-04-01;13:30;The General;Action;Clyde Bruckman;1926;67;12;7.00
2024-04-01;10:30;Rain Man;Drama;Barry Levinson;1988;133;0;7.50
2024-03-31;18:30;Vertigo;Mystery;Alfred Hitchcock;1958;128;12;10.00
2024-03-31;15:30;My Cousin Vinny;Comedy;Jonathan Lynn;1992;120;12;8.00
2024-03-31;13:00;Edward Scissorhands;Drama;Tim Burton;1990;105;0;8.00
2024-03-31;10:30;Edward Scissorhands;Drama;Tim Burton;1990;105;0;7.50
2024-03-30;19:00;The Thin Man;Comedy;W.S. Van Dyke;1934;91;12;10.00
2024-03-30;16:00;Les diaboliques;Crime;Henri-Georges Clouzot;1955;117;12;8.50
2024-03-30;12:30;Mulholland Dr.;Drama;David Lynch;2001;147;16;8.00
2024-03-30;10:00;The Butterfly Effect;Drama;Eric Bress;2004;113;0;8.50
2024-03-29;10:00;The Silence of the Lambs;Crime;Jonathan Demme;1991;118;12;8.50
2024-03-28;14:30;The Terminator;Action;James Cameron;1984;107;12;8.00
2024-03-28;12:30;Pâfekuto burû;Animation;Satoshi Kon;1997;81;12;8.00
2024-03-28;10:00;Pâfekuto burû;Animation;Satoshi Kon;1997;81;12;7.00
2024-03-27;12:30;The Remains of the Day;Drama;James Ivory;1993;134;0;7.00
2024-03-27;10:00;Back to the Future Part II;Adventure;Robert Zemeckis;1989;108;0;7.00
2024-03-26;10:00;Delicatessen;Comedy;Marc Caro;1991;99;16;8.50
2024-03-25;16:00;Bride of Frankenstein;Drama;James Whale;1935;75;12;8.50
2024-03-25;13:00;Sense and Sensibility;Drama;Ang Lee;1995;136;0;7.50
2024-03-25;10:00;Les diaboliques;Crime;Henri-Georges Clouzot;1955;117;12;8.00
2024-03-24;15:30;Waking Life;Animation;Richard Linklater;2001;99;16;7.00
2024-03-24;12:30;Philadelphia;Drama;Jonathan Demme;1993;125;12;7.00
2024-03-24;10:00;Adaptation.;Comedy;Spike Jonze;2002;115;16;7.00
2024-03-23;16:30;The Silence of the Lambs;Crime;Jonathan Demme;1991;118;12;8.50
2024-03-23;13:30;Philadelphia;Drama;Jonathan Demme;1993;125;12;6.50
2024-03-23;10:30;Training Day;Crime;Antoine Fuqua;2001;122;12;7.00
2024-03-22;14:00;Le charme discret de la bourgeoisie;Comedy;Luis Buñuel;1972;102;6;6.50
2024-03-22;10:00;Judgment at Nuremberg;Drama;Stanley Kramer;1961;179;12;6.50
2024-03-21;15:30;The Silence of the Lambs;Crime;Jonathan Demme;1991;118;12;8.00
2024-03-21;12:30;The Bridges of Madison County;Drama;Clint Eastwood;1995;135;12;8.00
2024-03-21;10:00;Ivanovo detstvo;Drama;Andrei Tarkovsky;1962;95;12;8.00
2024-03-20;15:00;Charade;Comedy;Stanley Donen;1963;113;0;7.00
2024-03-20;12:30;The Thin Man;Comedy;W.S. Van Dyke;1934;91;12;8.00
2024-03-20;10:00;Ivanovo detstvo;Drama;Andrei Tarkovsky;1962;95;12;7.00
2024-03-19;14:30;Le charme discret de la bourgeoisie;Comedy;Luis Buñuel;1972;102;6;7.50
2024-03-19;12:30;The General;Action;Clyde Bruckman;1926;67;12;7.50
2024-03-19;10:00;The Lost Weekend;Drama;Billy Wilder;1945;101;12;7.00
2024-03-18;13:00;The Thin Man;Comedy;W.S. Van Dyke;1934;91;12;8.50
2024-03-18;10:00;Kill Bill: Vol. 1;Action;Quentin Tarantino;2003;111;16;8.50
2024-03-17;19:00;My Cousin Vinny;Comedy;Jonathan Lynn;1992;120;12;8.50
2024-03-17;16:30;The Terminator;Action;James Cameron;1984;107;12;8.00
2024-03-17;13:00;Patton;Biography;Franklin J. Schaffner;1970;172;0;6.50
2024-03-17;10:00;Philadelphia;Drama;Jonathan Demme;1993;125;12;7.50
2024-03-16;18:30;The Bridges of Madison County;Drama;Clint Eastwood;1995;135;12;9.50
2024-03-16;16:00;Kill Bill: Vol. 1;Action;Quentin Tarantino;2003;111;16;8.50
2024-03-16;13:30;Dazed and Confused;Comedy;Richard Linklater;1993;102;0;8.00
2024-03-16;10:00;The Godfather: Part III;Crime;Francis Ford Coppola;1990;162;12;7.50
2024-03-15;15:30;Ocean's Eleven;Crime;Steven Soderbergh;2001;116;12;7.00
2024-03-15;13:00;The Odd Couple;Comedy;Gene Saks;1968;105;0;6.50
2024-03-15;10:00;The Bridges of Madison County;Drama;Clint Eastwood;1995;135;12;7.00
2024-03-14;16:00;Patton;Biography;Franklin J. Schaffner;1970;172;0;7.00
2024-03-14;13:00;White Heat;Action;Raoul Walsh;1949;114;12;7.00
2024-03-14;10:00;Serpico;Biography;Sidney Lumet;1973;130;12;6.50
2024-03-13;16:00;The Godfather: Part III;Crime;Francis Ford Coppola;1990;162;12;6.50
2024-03-13;13:30;The Bourne Supremacy;Action;Paul Greengrass;2004;108;12;8.00
2024-03-13;10:30;Training Day;Crime;Antoine Fuqua;2001;122;12;6.50
2024-03-12;16:00;The Odd Couple;Comedy;Gene Saks;1968;105;0;7.00
2024-03-12;13:00;Vertigo;Mystery;Alfred Hitchcock;1958;128;12;6.50
2024-03-12;10:30;October Sky;Biography;Joe Johnston;1999;108;6;7.00
2024-03-11;13:00;Dead Man's Shoes;Crime;Shane Meadows;2004;90;12;8.00
2024-03-11;10:30;Kill Bill: Vol. 1;Action;Quentin Tarantino;2003;111;16;6.50
2024-03-10;17:00;The Terminator;Action;James Cameron;1984;107;12;8.00
2024-03-10;14:30;Dead Man's Shoes;Crime;Shane Meadows;2004;90;12;7.00
2024-03-10;12:30;Pâfekuto burû;Animation;Satoshi Kon;1997;81;12;7.50
2024-03-10;10:00;The Odd Couple;Comedy;Gene Saks;1968;105;0;6.50
2024-03-09;15:30;Lifeboat;Drama;Alfred Hitchcock;1944;97;12;8.00
2024-03-09;13:00;The Lost Weekend;Drama;Billy Wilder;1945;101;12;8.00
2024-03-09;10:00;October Sky;Biography;Joe Johnston;1999;108;6;8.50
2024-03-08;10:00;The General;Action;Clyde Bruckman;1926;67;12;6.50
2024-03-07;16:00;The Exorcist;Horror;William Friedkin;1973;122;12;7.00
2024-03-07;13:00;The Remains of the Day;Drama;James Ivory;1993;134;0;7.50
2024-03-07;10:30;The Bourne Supremacy;Action;Paul Greengrass;2004;108;12;7.50
2024-03-06;15:00;Le charme discret de la bourgeoisie;Comedy;Luis Buñuel;1972;102;6;7.00
2024-03-06;12:30;Lifeboat;Drama;Alfred Hitchcock;1944;97;12;6.50
2024-03-06;10:00;Evil Dead II;Action;Sam Raimi;1987;84;12;8.50
2024-03-05;15:00;Dazed and Confused;Comedy;Richard Linklater;1993;102;0;6.50
2024-03-05;12:30;The Others;Horror;Alejandro Amenábar;2001;101;12;7.00
2024-03-05;10:00;The Others;Horror;Alejandro Amenábar;2001;101;12;8.00
2024-03-04;10:00;Les diaboliques;Crime;Henri-Georges Clouzot;1955;117;12;8.00
2024-03-03;16:30;Gone with the Wind;Drama;Victor Fleming;1939;238;0;8.50
2024-03-03;13:00;Patton;Biography;Franklin J. Schaffner;1970;172;0;6.50
2024-03-03;10:00;White Heat;Action;Raoul Walsh;1949;114;12;7.50
2024-03-02;19:30;Evil Dead II;Action;Sam Raimi;1987;84;12;9.00
2024-03-02;16:30;Serpico;Biography;Sidney Lumet;1973;130;12;7.00
2024-03-02;14:00;White Heat;Action;Raoul Walsh;1949;114;12;7.50
2024-03-02;10:00;Judgment at Nuremberg;Drama;Stanley Kramer;1961;179;12;8.00
2024-03-01;15:30;Les diaboliques;Crime;Henri-Georges Clouzot;1955;117;12;8.50
2024-03-01;13:00;Rushmore;Comedy;Wes Anderson;1998;93;12;8.00
2024-03-01;10:00;Nueve reinas;Crime;Fabián Bielinsky;2000;114;16;7.50
2024-02-29;10:00;White Heat;Action;Raoul Walsh;1949;114;12;8.50
2024-02-28;16:00;The Others;Horror;Alejandro Amenábar;2001;101;12;7.00
2024-02-28;12:30;The Godfather: Part III;Crime;Francis Ford Coppola;1990;162;12;8.00
2024-02-28;10:00;The Others;Horror;Alejandro Amenábar;2001;101;12;6.50
2024-02-27;10:30;Serpico;Biography;Sidney Lumet;1973;130;12;8.00
2024-02-26;16:30;Rear Window;Mystery;Alfred Hitchcock;1954;112;0;6.50
2024-02-26;13:00;Where Eagles Dare;Action;Brian G. Hutton;1968;158;0;7.50
2024-02-26;10:00;Rear Window;Mystery;Alfred Hitchcock;1954;112;0;8.50
2024-02-25;19:00;The Others;Horror;Alejandro Amenábar;2001;101;12;9.00
2024-02-25;16:00;The Terminator;Action;James Cameron;1984;107;12;7.00
2024-02-25;12:30;Mulholland Dr.;Drama;David Lynch;2001;147;16;7.00
2024-02-25;10:00;The Terminator;Action;James Cameron;1984;107;12;8.50
2024-02-24;18:30;Do lok tin si;Comedy;Kar-Wai Wong;1995;99;12;9.50
2024-02-24;15:30;White Heat;Action;Raoul Walsh;1949;114;12;6.50
2024-02-24;12:30;Per qualche dollaro in più;Western;Sergio Leone;1965;132;0;8.00
2024-02-24;10:00;October Sky;Biography;Joe Johnston;1999;108;6;8.50
2024-02-23;10:30;Charade;Comedy;Stanley Donen;1963;113;0;8.00
2024-02-22;16:00;Nueve reinas;Crime;Fabián Bielinsky;2000;114;16;6.50
2024-02-22;13:00;The Fifth Element;Action;Luc Besson;1997;126;12;8.50
2024-02-22;10:00;Serpico;Biography;Sidney Lumet;1973;130;12;7.50
2024-02-21;14:00;The Last Picture Show;Drama;Peter Bogdanovich;1971;118;16;7.50
2024-02-21;10:30;Patton;Biography;Franklin J. Schaffner;1970;172;0;6.50
2024-02-20;12:00;Le dîner de cons;Comedy;Francis Veber;1998;80;12;8.50
2024-02-20;10:00;Zelig;Comedy;Woody Allen;1983;79;6;7.50
2024-02-19;16:30;The Terminator;Action;James Cameron;1984;107;12;8.00
2024-02-19;13:30;Per qualche dollaro in più;Western;Sergio Leone;1965;132;0;6.50
2024-02-19;10:00;Patton;Biography;Franklin J. Schaffner;1970;172;0;8.50
2024-02-18;16:00;The Fifth Element;Action;Luc Besson;1997;126;12;8.00
2024-02-18;13:30;Dazed and Confused;Comedy;Richard Linklater;1993;102;0;8.50
2024-02-18;10:00;Patton;Biography;Franklin J. Schaffner;1970;172;0;6.50
2024-02-17;15:30;Evil Dead II;Action;Sam Raimi;1987;84;12;8.50
2024-02-17;12:30;Les diaboliques;Crime;Henri-Georges Clouzot;1955;117;12;8.50
2024-02-17;10:00;October Sky;Biography;Joe Johnston;1999;108;6;8.50
2024-02-16;12:30;Charade;Comedy;Stanley Donen;1963;113;0;6.50
2024-02-16;10:00;The Bourne Supremacy;Action;Paul Greengrass;2004;108;12;7.50
2024-02-15;10:00;South Park: Bigger, Longer & Uncut;Animation;Trey Parker;1999;81;12;6.50
2024-02-14;13:00;October Sky;Biography;Joe Johnston;1999;108;6;8.50
2024-02-14;10:00;Apocalypse Now;Drama;Francis Ford Coppola;1979;147;16;7.50
2024-02-13;10:30;Gone with the Wind;Drama;Victor Fleming;1939;238;0;8.50
2024-02-12;18:00;Nueve reinas;Crime;Fabián Bielinsky;2000;114;16;9.00
2024-02-12;13:00;Gone with the Wind;Drama;Victor Fleming;1939;238;0;8.00
2024-02-12;10:00;Cool Hand Luke;Crime;Stuart Rosenberg;1967;127;12;8.50
2024-02-11;16:30;Per qualche dollaro in più;Western;Sergio Leone;1965;132;0;8.00
2024-02-11;13:30;The Man Who Would Be King;Adventure;John Huston;1975;129;6;7.50
2024-02-11;10:30;Per qualche dollaro in più;Western;Sergio Leone;1965;132;0;8.00
2024-02-10;16:00;Batoru rowaiaru;Action;Kinji Fukasaku;2000;114;12;8.50
2024-02-10;13:30;Le dîner de cons;Comedy;Francis Veber;1998;80;12;7.50
2024-02-10;10:30;The Man Who Would Be King;Adventure;John Huston;1975;129;6;8.00
2024-02-09;12:30;The Innocents;Horror;Jack Clayton;1961;100;12;8.50
2024-02-09;10:00;The Terminator;Action;James Cameron;1984;107;12;6.50
2024-02-08;13:30;Being There;Comedy;Hal Ashby;1979;130;6;7.00
2024-02-08;10:30;The Big Sleep;Crime;Howard Hawks;1946;114;12;7.50
2024-02-07;15:30;Zelig;Comedy;Woody Allen;1983;79;6;7.00
2024-02-07;12:30;Being There;Comedy;Hal Ashby;1979;130;6;6.50
2024-02-07;10:00;Groundhog Day;Comedy;Harold Ramis;1993;101;0;7.00
2024-02-06;16:30;The Innocents;Horror;Jack Clayton;1961;100;12;8.50
2024-02-06;13:30;The Hustler;Drama;Robert Rossen;1961;134;12;8.50
2024-02-06;10:30;Awakenings;Biography;Penny Marshall;1990;121;0;7.50
2024-02-05;15:30;Batman: Mask of the Phantasm;Animation;Kevin Altieri;1993;76;6;6.50
2024-02-05;13:00;Do lok tin si;Comedy;Kar-Wai Wong;1995;99;12;8.50
2024-02-05;10:30;Jûbê ninpûchô;Animation;Yoshiaki Kawajiri;1993;94;12;7.00
2024-02-04;19:00;The Fifth Element;Action;Luc Besson;1997;126;12;9.50
2024-02-04;15:30;Apocalypse Now;Drama;Francis Ford Coppola;1979;147;16;8.50
2024-02-04;13:00;October Sky;Biography;Joe Johnston;1999;108;6;6.50
2024-02-04;10:30;Groundhog Day;Comedy;Harold Ramis;1993;101;0;7.50
2024-02-03;18:30;Double Indemnity;Crime;Billy Wilder;1944;107;12;9.00
2024-02-03;16:00;Rushmore;Comedy;Wes Anderson;1998;93;12;7.50
2024-02-03;13:00;The Man Who Would Be King;Adventure;John Huston;1975;129;6;7.50
2024-02-03;10:00;Inherit the Wind;Biography;Stanley Kramer;1960;128;12;8.00
2024-02-02;16:30;The Innocents;Horror;Jack Clayton;1961;100;12;7.50
2024-02-02;13:30;The Man Who Would Be King;Adventure;John Huston;1975;129;6;8.50
2024-02-02;10:30;Rear Window;Mystery;Alfred Hitchcock;1954;112;0;8.50
2024-02-01;16:00;October Sky;Biography;Joe Johnston;1999;108;6;7.00
2024-02-01;13:00;Inherit the Wind;Biography;Stanley Kramer;1960;128;12;6.50
2024-02-01;10:30;A Man for All Seasons;Biography;Fred Zinnemann;1966;120;0;7.50
2024-01-31;13:00;Where Eagles Dare;Action;Brian G. Hutton;1968;158;0;7.50
2024-01-31;10:00;Cool Hand Luke;Crime;Stuart Rosenberg;1967;127;12;7.00
2024-01-30;10:30;The Innocents;Horror;Jack Clayton;1961;100;12;7.00
2024-01-29;15:00;The Deer Hunter;Drama;Michael Cimino;1978;183;12;8.50
2024-01-29;12:00;The Last Picture Show;Drama;Peter Bogdanovich;1971;118;16;8.00
2024-01-29;10:00;Zelig;Comedy;Woody Allen;1983;79;6;7.00
2024-01-28;18:30;October Sky;Biography;Joe Johnston;1999;108;6;9.00
2024-01-28;16:00;Do lok tin si;Comedy;Kar-Wai Wong;1995;99;12;7.50
2024-01-28;13:30;The Big Sleep;Crime;Howard Hawks;1946;114;12;6.50
2024-01-28;10:30;The Last Picture Show;Drama;Peter Bogdanovich;1971;118;16;7.00
2024-01-27;16:30;Jûbê ninpûchô;Animation;Yoshiaki Kawajiri;1993;94;12;8.00
2024-01-27;13:30;Awakenings;Biography;Penny Marshall;1990;121;0;8.50
2024-01-27;10:30;A Man for All Seasons;Biography;Fred Zinnemann;1966;120;0;6.50
2024-01-26;16:00;Ocean's Eleven;Crime;Steven Soderbergh;2001;116;12;8.50
2024-01-26;13:00;Full Metal Jacket;Drama;Stanley Kubrick;1987;116;12;6.50
2024-01-26;10:30;Double Indemnity;Crime;Billy Wilder;1944;107;12;8.00
2024-01-25;15:30;My Fair Lady;Drama;George Cukor;1964;170;0;8.50
2024-01-25;12:30;The Last Picture Show;Drama;Peter Bogdanovich;1971;118;16;7.00
2024-01-25;10:00;Finding Neverland;Biography;Marc Forster;2004;106;0;6.50
2024-01-24;10:00;Where Eagles Dare;Action;Brian G. Hutton;1968;158;0;7.50
2024-01-23;12:00;The Deer Hunter;Drama;Michael Cimino;1978;183;12;7.50
2024-01-23;10:00;Batman: Mask of the Phantasm;Animation;Kevin Altieri;1993;76;6;8.00
2024-01-22;10:30;Groundhog Day;Comedy;Harold Ramis;1993;101;0;7.00
2024-01-21;17:30;Harry Potter and the Prisoner of Azkaban;Adventure;Alfonso Cuarón;2004;142;0;7.50
2024-01-21;15:00;Groundhog Day;Comedy;Harold Ramis;1993;101;0;6.50
2024-01-21;12:00;The Last Picture Show;Drama;Peter Bogdanovich;1971;118;16;7.00
2024-01-21;10:00;Zelig;Comedy;Woody Allen;1983;79;6;8.50
2024-01-20;16:00;Being There;Comedy;Hal Ashby;1979;130;6;8.00
2024-01-20;13:30;Finding Neverland;Biography;Marc Forster;2004;106;0;8.50
2024-01-20;10:30;Star Wars: Episode VI - Return of the Jedi;Action;Richard Marquand;1983;131;0;8.50
2024-01-19;14:00;Cat on a Hot Tin Roof;Drama;Richard Brooks;1958;108;12;7.50
2024-01-19;10:00;La dolce vita;Comedy;Federico Fellini;1960;174;12;6.50
2024-01-18;16:30;A Man for All Seasons;Biography;Fred Zinnemann;1966;120;0;7.00
2024-01-18;12:30;The Deer Hunter;Drama;Michael Cimino;1978;183;12;8.50
2024-01-18;10:00;Full Metal Jacket;Drama;Stanley Kubrick;1987;116;12;8.00
2024-01-17;16:00;The Straight Story;Biography;David Lynch;1999;112;0;6.50
2024-01-17;13:00;Inherit the Wind;Biography;Stanley Kramer;1960;128;12;7.00
2024-01-17;10:30;Strangers on a Train;Crime;Alfred Hitchcock;1951;101;12;8.50
2024-01-16;13:00;Batman: Mask of the Phantasm;Animation;Kevin Altieri;1993;76;6;7.50
2024-01-16;10:00;Training Day;Crime;Antoine Fuqua;2001;122;12;8.50
2024-01-15;10:30;Guess Who's Coming to Dinner;Comedy;Stanley Kramer;1967;108;12;6.50
2024-01-14;19:00;Singin' in the Rain;Comedy;Stanley Donen;1952;103;0;9.50
2024-01-14;17:00;Batman: Mask of the Phantasm;Animation;Kevin Altieri;1993;76;6;8.00
2024-01-14;14:30;Groundhog Day;Comedy;Harold Ramis;1993;101;0;7.50
2024-01-14;10:30;Dogville;Crime;Lars von Trier;2003;178;16;8.50
2024-01-13;17:30;Reservoir Dogs;Crime;Quentin Tarantino;1992;99;16;8.50
2024-01-13;15:00;Reservoir Dogs;Crime;Quentin Tarantino;1992;99;16;7.00
2024-01-13;12:30;Reservoir Dogs;Crime;Quentin Tarantino;1992;99;16;7.00
2024-01-13;10:00;Ace in the Hole;Drama;Billy Wilder;1951;111;12;6.50
2024-01-12;16:30;Rashômon;Crime;Akira Kurosawa;1950;88;12;8.00
2024-01-12;13:30;A Man for All Seasons;Biography;Fred Zinnemann;1966;120;0;8.50
2024-01-12;10:30;Inherit the Wind;Biography;Stanley Kramer;1960;128;12;7.50
2024-01-11;10:30;Star Wars: Episode VI - Return of the Jedi;Action;Richard Marquand;1983;131;0;8.50
2024-01-10;13:00;The Deer Hunter;Drama;Michael Cimino;1978;183;12;7.50
2024-01-10;10:30;Cat on a Hot Tin Roof;Drama;Richard Brooks;1958;108;12;6.50
2024-01-09;10:30;Singin' in the Rain;Comedy;Stanley Donen;1952;103;0;7.00
2024-01-08;16:30;La règle du jeu;Comedy;Jean Renoir;1939;110;12;8.50
2024-01-08;13:30;Forrest Gump;Drama;Robert Zemeckis;1994;142;12;7.50
2024-01-08;10:30;Lost Highway;Mystery;David Lynch;1997;134;12;7.00
2024-01-07;15:00;Dogville;Crime;Lars von Trier;2003;178;16;7.00
2024-01-07;12:30;Reservoir Dogs;Crime;Quentin Tarantino;1992;99;16;8.50
2024-01-07;10:00;La Strada;Drama;Federico Fellini;1954;108;12;6.50
2024-01-06;20:00;The Deer Hunter;Drama;Michael Cimino;1978;183;12;10.00
2024-01-06;17:30;Reservoir Dogs;Crime;Quentin Tarantino;1992;99;16;7.00
2024-01-06;14:00;My Fair Lady;Drama;George Cukor;1964;170;0;6.50
2024-01-06;10:00;The Deer Hunter;Drama;Michael Cimino;1978;183;12;8.50
2024-01-05;10:00;The Straight Story;Biography;David Lynch;1999;112;0;7.50
2024-01-04;14:30;Aliens;Action;James Cameron;1986;137;0;6.50
2024-01-04;10:00;Andrei Rublev;Biography;Andrei Tarkovsky;1966;205;16;7.00
2024-01-03;17:00;The Dirty Dozen;Action;Robert Aldrich;1967;150;12;8.00
2024-01-03;14:30;Hotaru no haka;Animation;Isao Takahata;1988;89;0;8.00
2024-01-03;10:30;La dolce vita;Comedy;Federico Fellini;1960;174;12;8.50
2024-01-02;10:00;Guess Who's Coming to Dinner;Comedy;Stanley Kramer;1967;108;12;8.50
2024-01-01;10:30;Amadeus;Biography;Milos Forman;1984;160;16;7.00
2023-12-31;16:30;Munna Bhai M.B.B.S.;Comedy;Rajkumar Hirani;2003;156;0;8.50
2023-12-31;12:30;The Deer Hunter;Drama;Michael Cimino;1978;183;12;6.50
2023-12-31;10:00;Singin' in the Rain;Comedy;Stanley Donen;1952;103;0;7.50
2023-12-30;15:30;La dolce vita;Comedy;Federico Fellini;1960;174;12;6.50
2023-12-30;13:00;Rashômon;Crime;Akira Kurosawa;1950;88;12;8.00
2023-12-30;10:00;Per qualche dollaro in più;Western;Sergio Leone;1965;132;0;6.50
2023-12-29;15:00;The Treasure of the Sierra Madre;Adventure;John Huston;1948;126;12;7.00
2023-12-29;12:30;The Gold Rush;Adventure;Charles Chaplin;1925;95;12;7.50
2023-12-29;10:00;La Strada;Drama;Federico Fellini;1954;108;12;6.50
2023-12-28;10:00;Reservoir Dogs;Crime;Quentin Tarantino;1992;99;16;6.50
2023-12-27;10:00;The Gold Rush;Adventure;Charles Chaplin;1925;95;12;7.00
2023-12-26;10:30;The Treasure of the Sierra Madre;Adventure;John Huston;1948;126;12;7.50
2023-12-25;16:30;Munna Bhai M.B.B.S.;Comedy;Rajkumar Hirani;2003;156;0;8.50
2023-12-25;14:00;The Gold Rush;Adventure;Charles Chaplin;1925;95;12;8.00
2023-12-25;10:00;La dolce vita;Comedy;Federico Fellini;1960;174;12;8.00
2023-12-24;19:00;Rebecca;Drama;Alfred Hitchcock;1940;130;12;9.00
2023-12-24;16:00;Per qualche dollaro in più;Western;Sergio Leone;1965;132;0;8.00
2023-12-24;13:30;La Strada;Drama;Federico Fellini;1954;108;12;8.50
2023-12-24;10:30;Per qualche dollaro in più;Western;Sergio Leone;1965;132;0;8.00
2023-12-23;19:00;Dogville;Crime;Lars von Trier;2003;178;16;9.00
2023-12-23;16:00;Almost Famous;Adventure;Cameron Crowe;2000;122;12;8.50
2023-12-23;13:00;Per qualche dollaro in più;Western;Sergio Leone;1965;132;0;7.00
2023-12-23;10:00;Forrest Gump;Drama;Robert Zemeckis;1994;142;12;8.00
2023-12-22;17:00;The Gold Rush;Adventure;Charles Chaplin;1925;95;12;8.50
2023-12-22;12:30;Andrei Rublev;Biography;Andrei Tarkovsky;1966;205;16;6.50
2023-12-22;10:00;La Strada;Drama;Federico Fellini;1954;108;12;8.50
2023-12-21;16:00;The Last of the Mohicans;Action;Michael Mann;1992;112;12;7.00
2023-12-21;13:00;The Dirty Dozen;Action;Robert Aldrich;1967;150;12;7.50
2023-12-21;10:30;Full Metal Jacket;Drama;Stanley Kubrick;1987;116;12;8.50
2023-12-20;14:30;Andrei Rublev;Biography;Andrei Tarkovsky;1966;205;16;6.50
2023-12-20;10:30;Dogville;Crime;Lars von Trier;2003;178;16;8.50
2023-12-19;16:00;The Thing;Horror;John Carpenter;1982;109;12;7.50
2023-12-19;13:30;Aladdin;Animation;Ron Clements;1992;90;0;8.50
2023-12-19;10:30;Forrest Gump;Drama;Robert Zemeckis;1994;142;12;6.50
2023-12-18;12:30;Andrei Rublev;Biography;Andrei Tarkovsky;1966;205;16;7.50
2023-12-18;10:00;The Usual Suspects;Crime;Bryan Singer;1995;106;12;6.50
2023-12-17;15:00;Almost Famous;Adventure;Cameron Crowe;2000;122;12;8.50
2023-12-17;12:30;Rope;Crime;Alfred Hitchcock;1948;80;12;7.00
2023-12-17;10:30;Persona;Drama;Ingmar Bergman;1966;85;12;7.00
2023-12-16;19:00;La règle du jeu;Comedy;Jean Renoir;1939;110;12;8.50
2023-12-16;15:00;Dances with Wolves;Adventure;Kevin Costner;1990;181;0;8.00
2023-12-16;12:30;La Strada;Drama;Federico Fellini;1954;108;12;7.50
2023-12-16;10:00;Hotaru no haka;Animation;Isao Takahata;1988;89;0;8.50
2023-12-15;10:00;La dolce vita;Comedy;Federico Fellini;1960;174;12;7.50
2023-12-14;15:00;28 Days Later...;Drama;Danny Boyle;2002;113;12;8.00
2023-12-14;13:00;Rope;Crime;Alfred Hitchcock;1948;80;12;8.50
2023-12-14;10:30;Aladdin;Animation;Ron Clements;1992;90;0;8.50
2023-12-13;16:00;Rebecca;Drama;Alfred Hitchcock;1940;130;12;8.00
2023-12-13;13:30;Ondskan;Drama;Mikael Håfström;2003;113;12;8.50
2023-12-13;10:30;Donnie Brasco;Biography;Mike Newell;1997;127;12;8.00
2023-12-12;10:30;Ondskan;Drama;Mikael Håfström;2003;113;12;8.50
2023-12-11;15:30;Lost Highway;Mystery;David Lynch;1997;134;12;7.00
2023-12-11;12:30;The Treasure of the Sierra Madre;Adventure;John Huston;1948;126;12;6.50
2023-12-11;10:00;La règle du jeu;Comedy;Jean Renoir;1939;110;12;8.00
2023-12-10;18:00;Der Himmel über Berlin;Drama;Wim Wenders;1987;128;0;9.50
2023-12-10;15:30;Kumonosu-jô;Drama;Akira Kurosawa;1957;110;12;7.00
2023-12-10;12:30;Kumonosu-jô;Drama;Akira Kurosawa;1957;110;12;8.50
2023-12-10;10:00;Requiem for a Dream;Drama;Darren Aronofsky;2000;102;12;8.00
2023-12-09;19:30;The Treasure of the Sierra Madre;Adventure;John Huston;1948;126;12;8.50
2023-12-09;17:30;Rope;Crime;Alfred Hitchcock;1948;80;12;8.00
2023-12-09;13:30;Fiddler on the Roof;Drama;Norman Jewison;1971;181;0;6.50
2023-12-09;10:30;Lost Highway;Mystery;David Lynch;1997;134;12;7.00
2023-12-08;14:00;Aladdin;Animation;Ron Clements;1992;90;0;8.00
2023-12-08;10:30;The Hurricane;Biography;Norman Jewison;1999;146;16;8.50
2023-12-07;10:00;Donnie Brasco;Biography;Mike Newell;1997;127;12;6.50
2023-12-06;16:00;Lost Highway;Mystery;David Lynch;1997;134;12;8.50
2023-12-06;13:30;A Night at the Opera;Comedy;Sam Wood;1935;96;12;6.50
2023-12-06;10:00;The Dirty Dozen;Action;Robert Aldrich;1967;150;12;7.50
2023-12-05;10:00;A Night at the Opera;Comedy;Sam Wood;1935;96;12;8.50
2023-12-04;10:00;Fear and Loathing in Las Vegas;Adventure;Terry Gilliam;1998;118;16;8.00
2023-12-03;18:30;A Night at the Opera;Comedy;Sam Wood;1935;96;12;9.00
2023-12-03;15:00;Amadeus;Biography;Milos Forman;1984;160;16;8.00
2023-12-03;13:00;Rope;Crime;Alfred Hitchcock;1948;80;12;7.50
2023-12-03;10:30;My Left Foot: The Story of Christy Brown;Biography;Jim Sheridan;1989;103;0;8.50
2023-12-02;18:00;O Brother, Where Art Thou?;Adventure;Joel Coen;2000;107;0;9.00
2023-12-02;15:30;Ondskan;Drama;Mikael Håfström;2003;113;12;8.00
2023-12-02;13:00;Per un pugno di dollari;Action;Sergio Leone;1964;99;12;8.50
2023-12-02;10:00;Lost Highway;Mystery;David Lynch;1997;134;12;7.50
2023-12-01;13:00;Hedwig and the Angry Inch;Comedy;John Cameron Mitchell;2001;95;16;7.00
2023-12-01;10:30;Lost in Translation;Comedy;Sofia Coppola;2003;102;12;7.00
2023-11-30;12:30;Dances with Wolves;Adventure;Kevin Costner;1990;181;0;8.00
2023-11-30;10:00;The African Queen;Adventure;John Huston;1951;105;6;8.00
2023-11-29;15:00;Rebecca;Drama;Alfred Hitchcock;1940;130;12;7.50
2023-11-29;12:30;O Brother, Where Art Thou?;Adventure;Joel Coen;2000;107;0;8.00
2023-11-29;10:30;Rope;Crime;Alfred Hitchcock;1948;80;12;7.50
2023-11-28;13:00;Kumonosu-jô;Drama;Akira Kurosawa;1957;110;12;8.50
2023-11-28;10:30;A Night at the Opera;Comedy;Sam Wood;1935;96;12;8.50
2023-11-27;13:30;A Night at the Opera;Comedy;Sam Wood;1935;96;12;6.50
2023-11-27;10:30;Lost Highway;Mystery;David Lynch;1997;134;12;6.50
2023-11-26;15:00;Dances with Wolves;Adventure;Kevin Costner;1990;181;0;7.00
2023-11-26;12:30;Hedwig and the Angry Inch;Comedy;John Cameron Mitchell;2001;95;16;8.50
2023-11-26;10:00;Aladdin;Animation;Ron Clements;1992;90;0;8.00
2023-11-25;17:30;Rope;Crime;Alfred Hitchcock;1948;80;12;6.50
2023-11-25;15:00;Monty Python and the Holy Grail;Adventure;Terry Gilliam;1975;91;6;6.50
2023-11-25;12:30;Aladdin;Animation;Ron Clements;1992;90;0;6.50
2023-11-25;10:00;Requiem for a Dream;Drama;Darren Aronofsky;2000;102;12;6.50
2023-11-24;12:30;Amadeus;Biography;Milos Forman;1984;160;16;8.50
2023-11-24;10:00;The African Queen;Adventure;John Huston;1951;105;6;8.00
2023-11-23;17:00;Naked;Comedy;Mike Leigh;1993;132;12;8.50
2023-11-23;14:30;The African Queen;Adventure;John Huston;1951;105;6;8.00
2023-11-23;10:00;Shichinin no samurai;Action;Akira Kurosawa;1954;207;0;7.00
2023-11-22;12:00;Aladdin;Animation;Ron Clements;1992;90;0;7.00
2023-11-22;10:00;Brief Encounter;Drama;David Lean;1945;86;0;6.50
2023-11-21;13:00;The Hurricane;Biography;Norman Jewison;1999;146;16;8.50
2023-11-21;10:00;Rebecca;Drama;Alfred Hitchcock;1940;130;12;7.00
2023-11-20;10:30;Do lok tin si;Comedy;Kar-Wai Wong;1995;99;12;6.50
2023-11-19;16:30;The Dirty Dozen;Action;Robert Aldrich;1967;150;12;6.50
2023-11-19;14:00;Hedwig and the Angry Inch;Comedy;John Cameron Mitchell;2001;95;16;8.50
2023-11-19;10:30;The Dirty Dozen;Action;Robert Aldrich;1967;150;12;7.00
2023-11-18;17:00;Withnail & I;Comedy;Bruce Robinson;1987;107;16;8.50
2023-11-18;12:30;Shichinin no samurai;Action;Akira Kurosawa;1954;207;0;6.50
2023-11-18;10:00;Kumonosu-jô;Drama;Akira Kurosawa;1957;110;12;8.00
2023-11-17;13:00;Fear and Loathing in Las Vegas;Adventure;Terry Gilliam;1998;118;16;7.50
2023-11-17;10:30;Requiem for a Dream;Drama;Darren Aronofsky;2000;102;12;8.50
2023-11-16;10:30;In the Name of the Father;Biography;Jim Sheridan;1993;133;12;7.50
2023-11-15;12:30;Frankenstein;Drama;James Whale;1931;70;12;8.00
2023-11-15;10:00;Aladdin;Animation;Ron Clements;1992;90;0;7.00
2023-11-14;13:00;Withnail & I;Comedy;Bruce Robinson;1987;107;16;6.50
2023-11-14;10:30;Persona;Drama;Ingmar Bergman;1966;85;12;6.50
2023-11-13;16:00;The African Queen;Adventure;John Huston;1951;105;6;7.50
2023-11-13;13:30;Withnail & I;Comedy;Bruce Robinson;1987;107;16;6.50
2023-11-13;10:30;Planet of the Apes;Adventure;Franklin J. Schaffner;1968;112;0;8.00
2023-11-12;15:30;Shichinin no samurai;Action;Akira Kurosawa;1954;207;0;7.50
2023-11-12;13:00;Do lok tin si;Comedy;Kar-Wai Wong;1995;99;12;7.00
2023-11-12;10:00;Die Hard: With a Vengeance;Action;John McTiernan;1995;128;12;8.00
2023-11-11;19:00;Gattaca;Drama;Andrew Niccol;1997;106;12;10.00
2023-11-11;16:00;Naked;Comedy;Mike Leigh;1993;132;12;7.50
2023-11-11;13:30;Per un pugno di dollari;Action;Sergio Leone;1964;99;12;7.00
2023-11-11;10:30;Good Bye Lenin!;Comedy;Wolfgang Becker;2003;121;16;8.00
2023-11-10;15:30;In the Name of the Father;Biography;Jim Sheridan;1993;133;12;8.00
2023-11-10;13:00;Kumonosu-jô;Drama;Akira Kurosawa;1957;110;12;7.50
2023-11-10;10:00;Good Bye Lenin!;Comedy;Wolfgang Becker;2003;121;16;7.00
2023-11-09;10:00;My Left Foot: The Story of Christy Brown;Biography;Jim Sheridan;1989;103;0;7.50
2023-11-08;10:30;Duck Soup;Comedy;Leo McCarey;1933;69;12;6.50
2023-11-07;15:00;Lost in Translation;Comedy;Sofia Coppola;2003;102;12;8.50
2023-11-07;12:30;My Left Foot: The Story of Christy Brown;Biography;Jim Sheridan;1989;103;0;7.50
2023-11-07;10:00;Days of Heaven;Drama;Terrence Malick;1978;94;6;8.00
2023-11-06;15:00;Good Bye Lenin!;Comedy;Wolfgang Becker;2003;121;16;7.00
2023-11-06;10:30;Shichinin no samurai;Action;Akira Kurosawa;1954;207;0;8.50
2023-11-05;19:00;Dead Man;Adventure;Jim Jarmusch;1995;121;16;9.50
2023-11-05;16:00;E.T. the Extra-Terrestrial;Family;Steven Spielberg;1982;115;0;7.00
2023-11-05;13:30;Modern Times;Comedy;Charles Chaplin;1936;87;0;7.00
2023-11-05;10:30;Naked;Comedy;Mike Leigh;1993;132;12;8.50
2023-11-04;17:00;Kumonosu-jô;Drama;Akira Kurosawa;1957;110;12;6.50
2023-11-04;14:30;Mad Max 2;Action;George Miller;1981;96;12;8.00
2023-11-04;12:30;Evil Dead II;Action;Sam Raimi;1987;84;12;7.00
2023-11-04;10:00;Boyz n the Hood;Crime;John Singleton;1991;112;12;6.50
2023-11-03;15:00;The Best Years of Our Lives;Drama;William Wyler;1946;170;12;8.00
2023-11-03;12:30;Fear and Loathing in Las Vegas;Adventure;Terry Gilliam;1998;118;16;8.50
2023-11-03;10:00;The Sandlot;Comedy;David Mickey Evans;1993;101;0;6.50
2023-11-02;15:00;Die Hard: With a Vengeance;Action;John McTiernan;1995;128;12;8.00
2023-11-02;12:30;Mad Max 2;Action;George Miller;1981;96;12;7.50
2023-11-02;10:00;Days of Heaven;Drama;Terrence Malick;1978;94;6;7.00
2023-11-01;10:00;Shichinin no samurai;Action;Akira Kurosawa;1954;207;0;8.50
2023-10-31;10:30;Days of Heaven;Drama;Terrence Malick;1978;94;6;7.00
2023-10-30;15:30;Shichinin no samurai;Action;Akira Kurosawa;1954;207;0;7.00
2023-10-30;13:00;Per un pugno di dollari;Action;Sergio Leone;1964;99;12;8.00
2023-10-30;10:00;Der Himmel über Berlin;Drama;Wim Wenders;1987;128;0;8.00
2023-10-29;18:00;Duck Soup;Comedy;Leo McCarey;1933;69;12;9.50
2023-10-29;15:30;Hana-bi;Crime;Takeshi Kitano;1997;103;12;7.00
2023-10-29;13:00;Gattaca;Drama;Andrew Niccol;1997;106;12;7.00
2023-10-29;10:30;Evil Dead II;Action;Sam Raimi;1987;84;12;8.00
2023-10-28;15:30;The Best Years of Our Lives;Drama;William Wyler;1946;170;12;8.50
2023-10-28;12:30;Boyz n the Hood;Crime;John Singleton;1991;112;12;6.50
2023-10-28;10:00;Monty Python and the Holy Grail;Adventure;Terry Gilliam;1975;91;6;8.50
2023-10-27;12:30;Monty Python and the Holy Grail;Adventure;Terry Gilliam;1975;91;6;7.50
2023-10-27;10:00;Gattaca;Drama;Andrew Niccol;1997;106;12;8.00
2023-10-26;14:30;Boyz n the Hood;Crime;John Singleton;1991;112;12;8.00
2023-10-26;10:00;Shichinin no samurai;Action;Akira Kurosawa;1954;207;0;8.50
2023-10-25;13:00;Kagemusha;Drama;Akira Kurosawa;1980;180;0;8.00
2023-10-25;10:30;Gattaca;Drama;Andrew Niccol;1997;106;12;8.50
2023-10-24;13:00;Bringing Up Baby;Comedy;Howard Hawks;1938;102;12;8.00
2023-10-24;10:30;Mad Max 2;Action;George Miller;1981;96;12;7.50
2023-10-23;10:00;Duck Soup;Comedy;Leo McCarey;1933;69;12;8.00
2023-10-22;15:30;Boyz n the Hood;Crime;John Singleton;1991;112;12;8.50
2023-10-22;13:00;Gattaca;Drama;Andrew Niccol;1997;106;12;7.00
2023-10-22;10:00;Full Metal Jacket;Drama;Stanley Kubrick;1987;116;12;7.50
2023-10-21;14:00;Bringing Up Baby;Comedy;Howard Hawks;1938;102;12;6.50
2023-10-21;12:00;Frankenstein;Drama;James Whale;1931;70;12;6.50
2023-10-21;10:00;Frankenstein;Drama;James Whale;1931;70;12;8.50
2023-10-20;12:30;Lost Highway;Mystery;David Lynch;1997;134;12;8.50
2023-10-20;10:30;Duck Soup;Comedy;Leo McCarey;1933;69;12;7.50
2023-10-19;13:00;Das Cabinet des Dr. Caligari;Fantasy;Robert Wiene;1920;76;12;8.50
2023-10-19;10:00;Planet of the Apes;Adventure;Franklin J. Schaffner;1968;112;0;7.50
2023-10-18;15:30;The Best Years of Our Lives;Drama;William Wyler;1946;170;12;7.00
2023-10-18;13:00;Mad Max 2;Action;George Miller;1981;96;12;8.50
2023-10-18;10:30;The Ladykillers;Comedy;Alexander Mackendrick;1955;91;12;8.50
2023-10-17;10:00;Le samouraï;Crime;Jean-Pierre Melville;1967;105;12;8.50
2023-10-16;12:30;Hable con ella;Drama;Pedro Almodóvar;2002;112;16;6.50
2023-10-16;10:00;The Sandlot;Comedy;David Mickey Evans;1993;101;0;7.50
2023-10-15;15:30;Willy Wonka & the Chocolate Factory;Family;Mel Stuart;1971;100;0;7.00
2023-10-15;12:30;Das Boot;Adventure;Wolfgang Petersen;1981;149;16;8.50
2023-10-15;10:00;Enter the Dragon;Action;Robert Clouse;1973;102;12;8.00
2023-10-14;15:00;Duck Soup;Comedy;Leo McCarey;1933;69;12;7.00
2023-10-14;12:30;Planet of the Apes;Adventure;Franklin J. Schaffner;1968;112;0;8.50
2023-10-14;10:30;Duck Soup;Comedy;Leo McCarey;1933;69;12;8.50
2023-10-13;15:00;South Park: Bigger, Longer & Uncut;Animation;Trey Parker;1999;81;12;8.00
2023-10-13;12:30;Donnie Darko;Drama;Richard Kelly;2001;113;16;6.50
2023-10-13;10:00;Boyz n the Hood;Crime;John Singleton;1991;112;12;7.50
2023-10-12;12:30;Les quatre cents coups;Crime;François Truffaut;1959;99;12;6.50
2023-10-12;10:00;Hana-bi;Crime;Takeshi Kitano;1997;103;12;7.50
2023-10-11;16:30;Monty Python and the Holy Grail;Adventure;Terry Gilliam;1975;91;6;6.50
2023-10-11;13:00;Forrest Gump;Drama;Robert Zemeckis;1994;142;12;6.50
2023-10-11;10:00;Eskiya;Crime;Yavuz Turgul;1996;128;12;8.00
2023-10-10;16:00;Todo sobre mi madre;Drama;Pedro Almodóvar;1999;101;16;6.50
2023-10-10;13:30;Requiem for a Dream;Drama;Darren Aronofsky;2000;102;12;6.50
2023-10-10;10:30;E.T. the Extra-Terrestrial;Family;Steven Spielberg;1982;115;0;6.50
2023-10-09;13:00;Monty Python and the Holy Grail;Adventure;Terry Gilliam;1975;91;6;7.00
2023-10-09;10:00;Dead Man;Adventure;Jim Jarmusch;1995;121;16;7.50
2023-10-08;16:00;Monty Python and the Holy Grail;Adventure;Terry Gilliam;1975;91;6;6.50
2023-10-08;13:00;Dawn of the Dead;Action;George A. Romero;1978;127;12;7.00
2023-10-08;10:30;Do lok tin si;Comedy;Kar-Wai Wong;1995;99;12;8.50
2023-10-07;18:30;Kagemusha;Drama;Akira Kurosawa;1980;180;0;10.00
2023-10-07;16:00;Days of Heaven;Drama;Terrence Malick;1978;94;6;7.50
2023-10-07;13:00;Good Bye Lenin!;Comedy;Wolfgang Becker;2003;121;16;6.50
2023-10-07;10:30;Les quatre cents coups;Crime;François Truffaut;1959;99;12;8.50
2023-10-06;13:30;Das Cabinet des Dr. Caligari;Fantasy;Robert Wiene;1920;76;12;7.50
2023-10-06;10:30;Midnight Express;Biography;Alan Parker;1978;121;12;8.00
2023-10-05;13:30;Out of the Past;Crime;Jacques Tourneur;1947;97;12;6.50
2023-10-05;10:30;The Count of Monte Cristo;Action;Kevin Reynolds;2002;131;12;7.50
2023-10-04;10:30;Duck Soup;Comedy;Leo McCarey;1933;69;12;7.50
2023-10-03;13:00;South Park: Bigger, Longer & Uncut;Animation;Trey Parker;1999;81;12;8.50
2023-10-03;10:30;Todo sobre mi madre;Drama;Pedro Almodóvar;1999;101;16;7.00
2023-10-02;10:30;Duck Soup;Comedy;Leo McCarey;1933;69;12;6.50
2023-10-01;14:30;Crna macka, beli macor;Comedy;Emir Kusturica;1998;127;16;8.50
2023-10-01;12:30;Das Cabinet des Dr. Caligari;Fantasy;Robert Wiene;1920;76;12;7.50
2023-10-01;10:00;Do lok tin si;Comedy;Kar-Wai Wong;1995;99;12;8.00
2023-09-30;17:30;Das Cabinet des Dr. Caligari;Fantasy;Robert Wiene;1920;76;12;8.50
2023-09-30;15:00;Out of the Past;Crime;Jacques Tourneur;1947;97;12;6.50
2023-09-30;12:30;Out of the Past;Crime;Jacques Tourneur;1947;97;12;7.00
2023-09-30;10:00;Yôjinbô;Action;Akira Kurosawa;1961;110;12;8.50
2023-09-29;15:30;Das Boot;Adventure;Wolfgang Petersen;1981;149;16;8.50
2023-09-29;13:00;Mad Max 2;Action;George Miller;1981;96;12;8.50
2023-09-29;10:30;Modern Times;Comedy;Charles Chaplin;1936;87;0;7.00
2023-09-28;16:30;Les quatre cents coups;Crime;François Truffaut;1959;99;12;6.50
2023-09-28;12:30;Kagemusha;Drama;Akira Kurosawa;1980;180;0;7.50
2023-09-28;10:30;Das Cabinet des Dr. Caligari;Fantasy;Robert Wiene;1920;76;12;8.00
2023-09-27;10:30;Bonnie and Clyde;Action;Arthur Penn;1967;111;12;8.00
2023-09-26;12:30;Modern Times;Comedy;Charles Chaplin;1936;87;0;7.50
2023-09-26;10:00;Le samouraï;Crime;Jean-Pierre Melville;1967;105;12;7.00
2023-09-25;13:30;Out of the Past;Crime;Jacques Tourneur;1947;97;12;6.50
2023-09-25;10:30;La vita è bella;Comedy;Roberto Benigni;1997;116;0;8.50
2023-09-24;18:00;Eskiya;Crime;Yavuz Turgul;1996;128;12;8.50
2023-09-24;15:00;Dead Man;Adventure;Jim Jarmusch;1995;121;16;6.50
2023-09-24;12:30;Yôjinbô;Action;Akira Kurosawa;1961;110;12;7.00
2023-09-24;10:00;Bringing Up Baby;Comedy;Howard Hawks;1938;102;12;6.50
2023-09-23;14:30;Giù la testa;Drama;Sergio Leone;1971;157;6;8.50
2023-09-23;12:30;South Park: Bigger, Longer & Uncut;Animation;Trey Parker;1999;81;12;8.00
2023-09-23;10:00;Yôjinbô;Action;Akira Kurosawa;1961;110;12;8.50
2023-09-22;16:00;Miracle on 34th Street;Comedy;George Seaton;1947;96;12;6.50
2023-09-22;13:00;Dead Man;Adventure;Jim Jarmusch;1995;121;16;8.00
2023-09-22;10:30;Being John Malkovich;Comedy;Spike Jonze;1999;113;16;7.50
2023-09-21;10:00;Love and Death;Comedy;Woody Allen;1975;85;6;6.50
2023-09-20;16:00;Miracle on 34th Street;Comedy;George Seaton;1947;96;12;8.00
2023-09-20;13:00;To Kill a Mockingbird;Crime;Robert Mulligan;1962;129;0;7.50
2023-09-20;10:30;The Sandlot;Comedy;David Mickey Evans;1993;101;0;8.50
2023-09-19;15:30;Donnie Darko;Drama;Richard Kelly;2001;113;16;8.00
2023-09-19;12:30;To Kill a Mockingbird;Crime;Robert Mulligan;1962;129;0;7.00
2023-09-19;10:00;Enter the Dragon;Action;Robert Clouse;1973;102;12;7.50
2023-09-18;10:30;Todo sobre mi madre;Drama;Pedro Almodóvar;1999;101;16;6.50
2023-09-17;15:30;Crna macka, beli macor;Comedy;Emir Kusturica;1998;127;16;8.50
2023-09-17;12:30;Donnie Darko;Drama;Richard Kelly;2001;113;16;7.50
2023-09-17;10:00;Mad Max 2;Action;George Miller;1981;96;12;7.00
2023-09-16;20:00;Yôjinbô;Action;Akira Kurosawa;1961;110;12;9.00
2023-09-16;17:30;Miracle on 34th Street;Comedy;George Seaton;1947;96;12;7.50
2023-09-16;14:00;Das Boot;Adventure;Wolfgang Petersen;1981;149;16;8.50
2023-09-16;10:30;Das Boot;Adventure;Wolfgang Petersen;1981;149;16;6.50
2023-09-15;10:30;The Ladykillers;Comedy;Alexander Mackendrick;1955;91;12;8.00
2023-09-14;10:30;Das Boot;Adventure;Wolfgang Petersen;1981;149;16;7.50
2023-09-13;15:30;Love and Death;Comedy;Woody Allen;1975;85;6;7.50
2023-09-13;13:00;Le samouraï;Crime;Jean-Pierre Melville;1967;105;12;7.00
2023-09-13;10:30;The Sandlot;Comedy;David Mickey Evans;1993;101;0;6.50
2023-09-12;13:00;Yôjinbô;Action;Akira Kurosawa;1961;110;12;6.50
2023-09-12;10:00;The Elephant Man;Biography;David Lynch;1980;124;12;6.50
2023-09-11;17:30;Midnight Express;Biography;Alan Parker;1978;121;12;6.50
2023-09-11;13:00;Ben-Hur;Adventure;William Wyler;1959;212;0;8.50
2023-09-11;10:30;Ladri di biciclette;Drama;Vittorio De Sica;1948;89;12;6.50
2023-09-10;15:30;Yôjinbô;Action;Akira Kurosawa;1961;110;12;7.00
2023-09-10;13:00;Miracle on 34th Street;Comedy;George Seaton;1947;96;12;7.00
2023-09-10;10:30;Ladri di biciclette;Drama;Vittorio De Sica;1948;89;12;8.00
2023-09-09;19:30;Dr. Strangelove or: How I Learned to Stop Worrying and Love the Bomb;Comedy;Stanley Kubrick;1964;95;12;10.00
2023-09-09;15:00;Ben-Hur;Adventure;William Wyler;1959;212;0;8.00
2023-09-09;12:30;Ladri di biciclette;Drama;Vittorio De Sica;1948;89;12;7.50
2023-09-09;10:00;Bringing Up Baby;Comedy;Howard Hawks;1938;102;12;6.50
2023-09-08;10:00;The Elephant Man;Biography;David Lynch;1980;124;12;8.00
2023-09-07;16:00;The Ladykillers;Comedy;Alexander Mackendrick;1955;91;12;6.50
2023-09-07;13:00;The Count of Monte Cristo;Action;Kevin Reynolds;2002;131;12;8.00
2023-09-07;10:30;Dr. Strangelove or: How I Learned to Stop Worrying and Love the Bomb;Comedy;Stanley Kubrick;1964;95;12;6.50
2023-09-06;13:00;La vita è bella;Comedy;Roberto Benigni;1997;116;0;8.50
2023-09-06;10:30;Dr. Strangelove or: How I Learned to Stop Worrying and Love the Bomb;Comedy;Stanley Kubrick;1964;95;12;7.50
2023-09-05;10:30;Kagemusha;Drama;Akira Kurosawa;1980;180;0;7.00
2023-09-04;10:00;Kagemusha;Drama;Akira Kurosawa;1980;180;0;8.00
2023-09-03;20:30;The Goonies;Adventure;Richard Donner;1985;114;0;9.50
2023-09-03;16:30;Kagemusha;Drama;Akira Kurosawa;1980;180;0;6.50
2023-09-03;13:30;The Elephant Man;Biography;David Lynch;1980;124;12;7.50
2023-09-03;10:00;Das Boot;Adventure;Wolfgang Petersen;1981;149;16;7.50
2023-09-02;18:30;Miracle on 34th Street;Comedy;George Seaton;1947;96;12;8.50
2023-09-02;15:30;The Count of Monte Cristo;Action;Kevin Reynolds;2002;131;12;7.00
2023-09-02;12:30;The Elephant Man;Biography;David Lynch;1980;124;12;8.50
2023-09-02;10:00;Miracle on 34th Street;Comedy;George Seaton;1947;96;12;8.00
2023-09-01;10:30;Donnie Darko;Drama;Richard Kelly;2001;113;16;8.00
2023-08-31;15:00;Solaris;Drama;Andrei Tarkovsky;1972;167;6;7.00
2023-08-31;12:30;Willy Wonka & the Chocolate Factory;Family;Mel Stuart;1971;100;0;6.50
2023-08-31;10:00;Dial M for Murder;Crime;Alfred Hitchcock;1954;105;12;6.50
2023-08-30;10:30;Dial M for Murder;Crime;Alfred Hitchcock;1954;105;12;8.00
2023-08-29;10:30;Dial M for Murder;Crime;Alfred Hitchcock;1954;105;12;6.50
2023-08-28;13:00;Sling Blade;Drama;Billy Bob Thornton;1996;135;16;8.00
2023-08-28;10:30;Down by Law;Comedy;Jim Jarmusch;1986;107;16;8.50
2023-08-27;20:00;Memento;Mystery;Christopher Nolan;2000;113;12;9.50
2023-08-27;16:00;Solaris;Drama;Andrei Tarkovsky;1972;167;6;8.50
2023-08-27;13:00;Miller's Crossing;Crime;Joel Coen;1990;115;16;7.00
2023-08-27;10:30;Dial M for Murder;Crime;Alfred Hitchcock;1954;105;12;6.50
2023-08-26;16:30;Finding Nemo;Animation;Andrew Stanton;2003;100;0;6.50
2023-08-26;13:00;Das Boot;Adventure;Wolfgang Petersen;1981;149;16;6.50
2023-08-26;10:00;Paris, Texas;Drama;Wim Wenders;1984;145;0;7.00
2023-08-25;12:30;Paris, Texas;Drama;Wim Wenders;1984;145;0;8.50
2023-08-25;10:00;Miracle on 34th Street;Comedy;George Seaton;1947;96;12;7.00
2023-08-24;10:00;Down by Law;Comedy;Jim Jarmusch;1986;107;16;8.50
2023-08-23;13:00;Papillon;Biography;Franklin J. Schaffner;1973;151;16;7.50
2023-08-23;10:00;Donnie Darko;Drama;Richard Kelly;2001;113;16;6.50
2023-08-22;10:30;Stand by Me;Adventure;Rob Reiner;1986;89;0;8.50
2023-08-21;10:30;Papillon;Biography;Franklin J. Schaffner;1973;151;16;6.50
2023-08-20;20:00;The Elephant Man;Biography;David Lynch;1980;124;12;10.00
2023-08-20;17:00;The Goonies;Adventure;Richard Donner;1985;114;0;8.00
2023-08-20;14:00;Memento;Mystery;Christopher Nolan;2000;113;12;8.00
2023-08-20;10:30;Das Boot;Adventure;Wolfgang Petersen;1981;149;16;8.50
2023-08-19;19:00;Ikiru;Drama;Akira Kurosawa;1952;143;12;9.50
2023-08-19;16:00;The Count of Monte Cristo;Action;Kevin Reynolds;2002;131;12;7.00
2023-08-19;13:00;Paris, Texas;Drama;Wim Wenders;1984;145;0;6.50
2023-08-19;10:30;Ladri di biciclette;Drama;Vittorio De Sica;1948;89;12;6.50
2023-08-18;14:00;Barry Lyndon;Adventure;Stanley Kubrick;1975;185;6;7.00
2023-08-18;10:00;Short Cuts;Comedy;Robert Altman;1993;188;16;7.00
2023-08-17;15:30;The Goonies;Adventure;Richard Donner;1985;114;0;8.00
2023-08-17;12:30;Inherit the Wind;Biography;Stanley Kramer;1960;128;12;8.50
2023-08-17;10:00;Out of the Past;Crime;Jacques Tourneur;1947;97;12;6.50
2023-08-16;10:30;Finding Nemo;Animation;Andrew Stanton;2003;100;0;8.50
2023-08-15;10:30;The Count of Monte Cristo;Action;Kevin Reynolds;2002;131;12;8.00
2023-08-14;12:30;The Goonies;Adventure;Richard Donner;1985;114;0;8.00
2023-08-14;10:00;Stand by Me;Adventure;Rob Reiner;1986;89;0;6.50
2023-08-13;17:30;La règle du jeu;Comedy;Jean Renoir;1939;110;12;7.50
2023-08-13;13:30;Barry Lyndon;Adventure;Stanley Kubrick;1975;185;6;6.50
2023-08-13;10:00;Solaris;Drama;Andrei Tarkovsky;1972;167;6;7.50
2023-08-12;18:30;Barry Lyndon;Adventure;Stanley Kubrick;1975;185;6;9.50
2023-08-12;15:30;Memento;Mystery;Christopher Nolan;2000;113;12;8.50
2023-08-12;13:00;Smultronstället;Drama;Ingmar Bergman;1957;91;0;8.00
2023-08-12;10:30;Dial M for Murder;Crime;Alfred Hitchcock;1954;105;12;7.50
2023-08-11;13:00;Stand by Me;Adventure;Rob Reiner;1986;89;0;8.50
2023-08-11;10:30;Mulan;Animation;Tony Bancroft;1998;88;0;6.50
2023-08-10;13:00;Down by Law;Comedy;Jim Jarmusch;1986;107;16;7.00
2023-08-10;10:00;Memento;Mystery;Christopher Nolan;2000;113;12;7.00
2023-08-09;13:00;Finding Nemo;Animation;Andrew Stanton;2003;100;0;7.50
2023-08-09;10:30;Sanjuro;Action;Akira Kurosawa;1962;96;0;8.00
2023-08-08;10:00;Dial M for Murder;Crime;Alfred Hitchcock;1954;105;12;8.00
2023-08-07;10:30;Salinui chueok;Crime;Bong Joon Ho;2003;131;12;7.00
2023-08-06;16:30;Stand by Me;Adventure;Rob Reiner;1986;89;0;8.50
2023-08-06;14:00;Léon;Action;Luc Besson;1994;110;12;8.50
2023-08-06;10:00;Barry Lyndon;Adventure;Stanley Kubrick;1975;185;6;8.50
2023-08-05;16:00;Barry Lyndon;Adventure;Stanley Kubrick;1975;185;6;6.50
2023-08-05;13:00;Ikiru;Drama;Akira Kurosawa;1952;143;12;6.50
2023-08-05;10:00;The Elephant Man;Biography;David Lynch;1980;124;12;8.50
2023-08-04;16:00;Ikiru;Drama;Akira Kurosawa;1952;143;12;6.50
2023-08-04;13:00;The Treasure of the Sierra Madre;Adventure;John Huston;1948;126;12;6.50
2023-08-04;10:30;12 Angry Men;Crime;Sidney Lumet;1957;96;0;6.50
2023-08-03;12:30;The Treasure of the Sierra Madre;Adventure;John Huston;1948;126;12;8.00
2023-08-03;10:00;Ladri di biciclette;Drama;Vittorio De Sica;1948;89;12;8.50
2023-08-02;10:30;The Taking of Pelham One Two Three;Action;Joseph Sargent;1974;104;0;7.00
2023-08-01;10:30;La règle du jeu;Comedy;Jean Renoir;1939;110;12;7.00
2023-07-31;15:30;Ikiru;Drama;Akira Kurosawa;1952;143;12;7.50
2023-07-31;13:00;12 Angry Men;Crime;Sidney Lumet;1957;96;0;8.00
2023-07-31;10:00;The Day of the Jackal;Crime;Fred Zinnemann;1973;143;12;7.50
2023-07-30;16:00;Ikiru;Drama;Akira Kurosawa;1952;143;12;6.50
2023-07-30;13:30;The Goonies;Adventure;Richard Donner;1985;114;0;7.50
2023-07-30;10:30;The Treasure of the Sierra Madre;Adventure;John Huston;1948;126;12;6.50
2023-07-29;16:00;Sanjuro;Action;Akira Kurosawa;1962;96;0;7.00
2023-07-29;13:00;The Man Who Would Be King;Adventure;John Huston;1975;129;6;8.50
2023-07-29;10:30;Out of the Past;Crime;Jacques Tourneur;1947;97;12;6.50
2023-07-28;10:00;Stagecoach;Adventure;John Ford;1939;96;12;7.50
2023-07-27;13:00;Finding Nemo;Animation;Andrew Stanton;2003;100;0;6.50
2023-07-27;10:30;First Blood;Action;Ted Kotcheff;1982;93;12;7.50
2023-07-26;15:00;Barry Lyndon;Adventure;Stanley Kubrick;1975;185;6;8.00
2023-07-26;12:30;The Muppet Movie;Adventure;James Frawley;1979;95;0;6.50
2023-07-26;10:00;First Blood;Action;Ted Kotcheff;1982;93;12;7.50
2023-07-25;13:00;12 Angry Men;Crime;Sidney Lumet;1957;96;0;8.00
2023-07-25;10:30;Stagecoach;Adventure;John Ford;1939;96;12;8.50
2023-07-24;14:30;Ikiru;Drama;Akira Kurosawa;1952;143;12;7.50
2023-07-24;10:30;Barry Lyndon;Adventure;Stanley Kubrick;1975;185;6;7.00
2023-07-23;17:00;Le charme discret de la bourgeoisie;Comedy;Luis Buñuel;1972;102;6;8.50
2023-07-23;14:00;The Treasure of the Sierra Madre;Adventure;John Huston;1948;126;12;6.50
2023-07-23;10:00;Barry Lyndon;Adventure;Stanley Kubrick;1975;185;6;7.50
2023-07-22;21:30;Ikiru;Drama;Akira Kurosawa;1952;143;12;8.50
2023-07-22;19:00;Le charme discret de la bourgeoisie;Comedy;Luis Buñuel;1972;102;6;9.50
2023-07-22;14:30;Sholay;Action;Ramesh Sippy;1975;204;0;7.00
2023-07-22;10:30;Sholay;Action;Ramesh Sippy;1975;204;0;7.00
2023-07-21;10:00;Fargo;Crime;Joel Coen;1996;98;12;7.50
2023-07-20;13:00;Ran;Action;Akira Kurosawa;1985;162;0;8.50
2023-07-20;10:00;Full Metal Jacket;Drama;Stanley Kubrick;1987;116;12;7.00
2023-07-19;16:30;Ikiru;Drama;Akira Kurosawa;1952;143;12;8.50
2023-07-19;14:00;The Graduate;Comedy;Mike Nichols;1967;106;12;7.00
2023-07-19;10:00;Fanny och Alexander;Drama;Ingmar Bergman;1982;188;12;7.50
2023-07-18;13:00;Mulan;Animation;Tony Bancroft;1998;88;0;7.00
2023-07-18;10:00;Ikiru;Drama;Akira Kurosawa;1952;143;12;8.50
2023-07-17;16:00;Stand by Me;Adventure;Rob Reiner;1986;89;0;8.00
2023-07-17;13:00;The Man Who Would Be King;Adventure;John Huston;1975;129;6;7.00
2023-07-17;10:30;Finding Nemo;Animation;Andrew Stanton;2003;100;0;8.50
2023-07-16;19:00;Barry Lyndon;Adventure;Stanley Kubrick;1975;185;6;8.50
2023-07-16;16:30;The Taking of Pelham One Two Three;Action;Joseph Sargent;1974;104;0;7.00
2023-07-16;13:30;The Day of the Jackal;Crime;Fred Zinnemann;1973;143;12;7.00
2023-07-16;10:30;Full Metal Jacket;Drama;Stanley Kubrick;1987;116;12;7.50
2023-07-15;19:00;The Day of the Jackal;Crime;Fred Zinnemann;1973;143;12;9.50
2023-07-15;16:30;The Thing;Horror;John Carpenter;1982;109;12;8.00
2023-07-15;14:00;La règle du jeu;Comedy;Jean Renoir;1939;110;12;7.50
2023-07-15;10:00;The Thin Red Line;Drama;Terrence Malick;1998;170;12;8.50
2023-07-14;10:30;Sanjuro;Action;Akira Kurosawa;1962;96;0;8.50
2023-07-13;13:30;Mulan;Animation;Tony Bancroft;1998;88;0;7.00
2023-07-13;10:30;The Untouchables;Crime;Brian De Palma;1987;119;12;7.50
2023-07-12;16:00;Fanny och Alexander;Drama;Ingmar Bergman;1982;188;12;7.50
2023-07-12;13:30;Full Metal Jacket;Drama;Stanley Kubrick;1987;116;12;7.00
2023-07-12;10:30;The Man Who Would Be King;Adventure;John Huston;1975;129;6;8.00
2023-07-11;10:30;First Blood;Action;Ted Kotcheff;1982;93;12;8.50
2023-07-10;10:30;The Color Purple;Drama;Steven Spielberg;1985;154;0;6.50
2023-07-09;18:30;Sanjuro;Action;Akira Kurosawa;1962;96;0;8.50
2023-07-09;15:30;Salinui chueok;Crime;Bong Joon Ho;2003;131;12;8.50
2023-07-09;12:30;The Untouchables;Crime;Brian De Palma;1987;119;12;8.50
2023-07-09;10:00;The Taking of Pelham One Two Three;Action;Joseph Sargent;1974;104;0;6.50
2023-07-08;19:30;Rain Man;Drama;Barry Levinson;1988;133;0;9.50
2023-07-08;16:30;Full Metal Jacket;Drama;Stanley Kubrick;1987;116;12;8.50
2023-07-08;13:30;The Last of the Mohicans;Action;Michael Mann;1992;112;12;7.50
2023-07-08;10:30;Rain Man;Drama;Barry Levinson;1988;133;0;8.00
2023-07-07;12:30;October Sky;Biography;Joe Johnston;1999;108;6;8.50
2023-07-07;10:00;Stagecoach;Adventure;John Ford;1939;96;12;6.50
2023-07-06;10:30;The Taking of Pelham One Two Three;Action;Joseph Sargent;1974;104;0;6.50
2023-07-05;10:30;Ran;Action;Akira Kurosawa;1985;162;0;7.50
2023-07-04;13:00;Manhattan;Comedy;Woody Allen;1979;96;16;7.50
2023-07-04;10:30;Sanjuro;Action;Akira Kurosawa;1962;96;0;8.00
2023-07-03;10:00;The Warriors;Action;Walter Hill;1979;92;12;6.50
2023-07-02;15:30;The Untouchables;Crime;Brian De Palma;1987;119;12;7.00
2023-07-02;13:00;The Warriors;Action;Walter Hill;1979;92;12;7.50
2023-07-02;10:30;Stagecoach;Adventure;John Ford;1939;96;12;7.00
2023-07-01;17:30;Rebel Without a Cause;Drama;Nicholas Ray;1955;111;12;7.50
2023-07-01;15:00;Out of the Past;Crime;Jacques Tourneur;1947;97;12;8.50
2023-07-01;12:00;The Man Who Would Be King;Adventure;John Huston;1975;129;6;8.50
2023-07-01;10:00;Lola rennt;Crime;Tom Tykwer;1998;81;12;8.50
2023-06-30;15:30;The Thin Red Line;Drama;Terrence Malick;1998;170;12;7.00
2023-06-30;13:00;Delicatessen;Comedy;Marc Caro;1991;99;16;8.00
2023-06-30;10:30;Mulan;Animation;Tony Bancroft;1998;88;0;6.50
2023-06-29;10:30;Rain Man;Drama;Barry Levinson;1988;133;0;7.00
2023-06-28;16:00;The Magdalene Sisters;Drama;Peter Mullan;2002;114;16;6.50
2023-06-28;12:30;Ran;Action;Akira Kurosawa;1985;162;0;7.50
2023-06-28;10:00;Full Metal Jacket;Drama;Stanley Kubrick;1987;116;12;8.00
2023-06-27;10:00;The Thing;Horror;John Carpenter;1982;109;12;8.00
2023-06-26;17:00;Ran;Action;Akira Kurosawa;1985;162;0;8.50
2023-06-26;13:30;Pulp Fiction;Crime;Quentin Tarantino;1994;154;12;8.50
2023-06-26;10:30;Omohide poro poro;Animation;Isao Takahata;1991;118;0;8.50
2023-06-25;17:30;Mary Poppins;Comedy;Robert Stevenson;1964;139;0;6.50
2023-06-25;15:30;Beauty and the Beast;Animation;Gary Trousdale;1991;84;0;7.50
2023-06-25;13:00;Le charme discret de la bourgeoisie;Comedy;Luis Buñuel;1972;102;6;6.50
2023-06-25;10:30;Sanjuro;Action;Akira Kurosawa;1962;96;0;7.00
2023-06-24;15:30;Serpico;Biography;Sidney Lumet;1973;130;12;8.00
2023-06-24;13:00;Night of the Living Dead;Horror;George A. Romero;1968;96;12;6.50
2023-06-24;10:00;The Magdalene Sisters;Drama;Peter Mullan;2002;114;16;6.50
2023-06-23;16:30;Rain Man;Drama;Barry Levinson;1988;133;0;7.50
2023-06-23;13:30;The Treasure of the Sierra Madre;Adventure;John Huston;1948;126;12;7.00
2023-06-23;10:30;Fantasia;Animation;James Algar;1940;125;0;7.00
2023-06-22;16:00;Mary Poppins;Comedy;Robert Stevenson;1964;139;0;8.50
2023-06-22;13:00;Serpico;Biography;Sidney Lumet;1973;130;12;7.50
2023-06-22;10:00;Le salaire de la peur;Adventure;Henri-Georges Clouzot;1953;131;0;8.00
2023-06-21;10:30;The Green Mile;Crime;Frank Darabont;1999;189;12;7.50
2023-06-20;10:00;Manhattan;Comedy;Woody Allen;1979;96;16;8.50
2023-06-19;14:30;Fantasia;Animation;James Algar;1940;125;0;8.00
2023-06-19;10:30;The Green Mile;Crime;Frank Darabont;1999;189;12;6.50
2023-06-18;15:00;Ace in the Hole;Drama;Billy Wilder;1951;111;12;7.00
2023-06-18;12:30;Sanjuro;Action;Akira Kurosawa;1962;96;0;8.50
2023-06-18;10:00;The Terminator;Action;James Cameron;1984;107;12;7.50
2023-06-17;18:30;Rebel Without a Cause;Drama;Nicholas Ray;1955;111;12;10.00
2023-06-17;15:30;Le salaire de la peur;Adventure;Henri-Georges Clouzot;1953;131;0;6.50
2023-06-17;13:00;Manhattan;Comedy;Woody Allen;1979;96;16;8.00
2023-06-17;10:00;Lost Highway;Mystery;David Lynch;1997;134;12;8.50
2023-06-16;10:30;As Good as It Gets;Comedy;James L. Brooks;1997;139;12;7.50
2023-06-15;13:00;The Warriors;Action;Walter Hill;1979;92;12;7.50
2023-06-15;10:30;Rebel Without a Cause;Drama;Nicholas Ray;1955;111;12;7.00
2023-06-14;10:30;Le salaire de la peur;Adventure;Henri-Georges Clouzot;1953;131;0;8.00
2023-06-13;10:30;Delicatessen;Comedy;Marc Caro;1991;99;16;7.50
2023-06-12;10:00;Beauty and the Beast;Animation;Gary Trousdale;1991;84;0;8.50
2023-06-11;15:30;Manhattan;Comedy;Woody Allen;1979;96;16;7.50
2023-06-11;13:00;Manhattan;Comedy;Woody Allen;1979;96;16;6.50
2023-06-11;10:00;The Magdalene Sisters;Drama;Peter Mullan;2002;114;16;7.00
2023-06-10;18:00;Night of the Living Dead;Horror;George A. Romero;1968;96;12;9.00
2023-06-10;15:30;Beauty and the Beast;Animation;Gary Trousdale;1991;84;0;8.50
2023-06-10;13:00;Ace in the Hole;Drama;Billy Wilder;1951;111;12;8.50
2023-06-10;10:00;The Untouchables;Crime;Brian De Palma;1987;119;12;6.50
2023-06-09;16:00;Night of the Living Dead;Horror;George A. Romero;1968;96;12;6.50
2023-06-09;13:00;The Terminator;Action;James Cameron;1984;107;12;8.00
2023-06-09;10:30;Delicatessen;Comedy;Marc Caro;1991;99;16;8.50
2023-06-08;13:00;Lola rennt;Crime;Tom Tykwer;1998;81;12;7.50
2023-06-08;10:00;Citizen Kane;Drama;Orson Welles;1941;119;12;7.00
2023-06-07;15:00;October Sky;Biography;Joe Johnston;1999;108;6;8.50
2023-06-07;12:30;The Warriors;Action;Walter Hill;1979;92;12;8.00
2023-06-07;10:00;Ace in the Hole;Drama;Billy Wilder;1951;111;12;6.50
2023-06-06;12:30;Notorious;Drama;Alfred Hitchcock;1946;102;0;7.00
2023-06-06;10:00;The Last of the Mohicans;Action;Michael Mann;1992;112;12;7.50
2023-06-05;16:30;Notorious;Drama;Alfred Hitchcock;1946;102;0;8.50
2023-06-05;13:30;The Last of the Mohicans;Action;Michael Mann;1992;112;12;7.00
2023-06-05;10:30;The Untouchables;Crime;Brian De Palma;1987;119;12;8.50
2023-06-04;18:30;Beauty and the Beast;Animation;Gary Trousdale;1991;84;0;9.50
2023-06-04;16:00;Lola rennt;Crime;Tom Tykwer;1998;81;12;7.00
2023-06-04;13:30;Night of the Living Dead;Horror;George A. Romero;1968;96;12;7.50
2023-06-04;10:30;Lost Highway;Mystery;David Lynch;1997;134;12;8.50
2023-06-03;16:00;Happiness;Comedy;Todd Solondz;1998;134;12;8.00
2023-06-03;13:00;Per qualche dollaro in più;Western;Sergio Leone;1965;132;0;7.00
2023-06-03;10:30;Fargo;Crime;Joel Coen;1996;98;12;7.00
2023-06-02;13:00;October Sky;Biography;Joe Johnston;1999;108;6;7.00
2023-06-02;10:30;The Terminator;Action;James Cameron;1984;107;12;7.00
2023-06-01;16:00;Pulp Fiction;Crime;Quentin Tarantino;1994;154;12;8.50
2023-06-01;13:00;Full Metal Jacket;Drama;Stanley Kubrick;1987;116;12;6.50
2023-06-01;10:00;The Untouchables;Crime;Brian De Palma;1987;119;12;8.50
2023-05-31;13:00;Citizen Kane;Drama;Orson Welles;1941;119;12;8.50
2023-05-31;10:30;The Sandlot;Comedy;David Mickey Evans;1993;101;0;8.00
2023-05-30;10:30;The Game;Action;David Fincher;1997;129;12;7.50
2023-05-29;13:00;Pulp Fiction;Crime;Quentin Tarantino;1994;154;12;8.00
2023-05-29;10:00;Fantasia;Animation;James Algar;1940;125;0;8.00
2023-05-28;16:00;Lola rennt;Crime;Tom Tykwer;1998;81;12;8.00
2023-05-28;13:30;Full Metal Jacket;Drama;Stanley Kubrick;1987;116;12;7.00
2023-05-28;10:30;Ace in the Hole;Drama;Billy Wilder;1951;111;12;8.50
2023-05-27;15:00;Dazed and Confused;Comedy;Richard Linklater;1993;102;0;8.00
2023-05-27;12:30;The Magdalene Sisters;Drama;Peter Mullan;2002;114;16;6.50
2023-05-27;10:00;Beauty and the Beast;Animation;Gary Trousdale;1991;84;0;6.50
2023-05-26;10:30;The Treasure of the Sierra Madre;Adventure;John Huston;1948;126;12;8.50
2023-05-25;12:30;The Terminator;Action;James Cameron;1984;107;12;8.00
2023-05-25;10:00;Ace in the Hole;Drama;Billy Wilder;1951;111;12;8.50
2023-05-24;13:00;Pulp Fiction;Crime;Quentin Tarantino;1994;154;12;7.00
2023-05-24;10:00;As Good as It Gets;Comedy;James L. Brooks;1997;139;12;7.00
2023-05-23;10:30;The Magdalene Sisters;Drama;Peter Mullan;2002;114;16;8.50
2023-05-22;15:30;Kal Ho Naa Ho;Comedy;Nikkhil Advani;2003;186;0;6.50
2023-05-22;12:30;The Treasure of the Sierra Madre;Adventure;John Huston;1948;126;12;7.50
2023-05-22;10:00;Dr. Strangelove or: How I Learned to Stop Worrying and Love the Bomb;Comedy;Stanley Kubrick;1964;95;12;6.50
2023-05-21;17:00;La battaglia di Algeri;Drama;Gillo Pontecorvo;1966;121;12;7.00
2023-05-21;14:30;Dazed and Confused;Comedy;Richard Linklater;1993;102;0;6.50
2023-05-21;10:30;Kal Ho Naa Ho;Comedy;Nikkhil Advani;2003;186;0;7.50
2023-05-20;15:30;Notorious;Drama;Alfred Hitchcock;1946;102;0;7.00
2023-05-20;12:30;True Romance;Crime;Tony Scott;1993;119;16;8.00
2023-05-20;10:00;Dazed and Confused;Comedy;Richard Linklater;1993;102;0;8.50
2023-05-19;16:00;Lola rennt;Crime;Tom Tykwer;1998;81;12;7.50
2023-05-19;13:00;The Untouchables;Crime;Brian De Palma;1987;119;12;7.50
2023-05-19;10:00;Seppuku;Action;Masaki Kobayashi;1962;133;12;8.50
2023-05-18;13:00;The African Queen;Adventure;John Huston;1951;105;6;8.50
2023-05-18;10:30;Notorious;Drama;Alfred Hitchcock;1946;102;0;8.50
2023-05-17;10:00;The Magdalene Sisters;Drama;Peter Mullan;2002;114;16;8.00
2023-05-16;17:00;Ace in the Hole;Drama;Billy Wilder;1951;111;12;8.00
2023-05-16;13:30;Il buono, il brutto, il cattivo;Western;Sergio Leone;1966;161;12;6.50
2023-05-16;10:30;Blue Velvet;Drama;David Lynch;1986;120;12;6.50
2023-05-15;10:00;Seppuku;Action;Masaki Kobayashi;1962;133;12;7.00
2023-05-14;16:30;Citizen Kane;Drama;Orson Welles;1941;119;12;8.50
2023-05-14;13:30;The Treasure of the Sierra Madre;Adventure;John Huston;1948;126;12;6.50
2023-05-14;10:30;Rosemary's Baby;Drama;Roman Polanski;1968;137;12;7.00
2023-05-13;18:00;Out of the Past;Crime;Jacques Tourneur;1947;97;12;10.00
2023-05-13;15:00;Per qualche dollaro in più;Western;Sergio Leone;1965;132;0;6.50
2023-05-13;12:30;Dr. Strangelove or: How I Learned to Stop Worrying and Love the Bomb;Comedy;Stanley Kubrick;1964;95;12;8.00
2023-05-13;10:30;Modern Times;Comedy;Charles Chaplin;1936;87;0;7.50
2023-05-12;16:00;The Magdalene Sisters;Drama;Peter Mullan;2002;114;16;7.50
2023-05-12;13:00;La battaglia di Algeri;Drama;Gillo Pontecorvo;1966;121;12;7.50
2023-05-12;10:00;The Quiet Man;Comedy;John Ford;1952;129;12;7.50
2023-05-11;13:30;Giù la testa;Drama;Sergio Leone;1971;157;6;8.50
2023-05-11;10:00;Il buono, il brutto, il cattivo;Western;Sergio Leone;1966;161;12;8.00
2023-05-10;15:30;The Thin Man;Comedy;W.S. Van Dyke;1934;91;12;7.00
2023-05-10;13:00;Out of the Past;Crime;Jacques Tourneur;1947;97;12;8.00
2023-05-10;10:00;La battaglia di Algeri;Drama;Gillo Pontecorvo;1966;121;12;8.50
2023-05-09;10:00;Dazed and Confused;Comedy;Richard Linklater;1993;102;0;6.50
2023-05-08;16:00;Dr. Strangelove or: How I Learned to Stop Worrying and Love the Bomb;Comedy;Stanley Kubrick;1964;95;12;8.00
2023-05-08;13:30;Dr. Strangelove or: How I Learned to Stop Worrying and Love the Bomb;Comedy;Stanley Kubrick;1964;95;12;6.50
2023-05-08;10:00;Giù la testa;Drama;Sergio Leone;1971;157;6;7.00
2023-05-07;18:30;The Lord of the Rings: The Two Towers;Action;Peter Jackson;2002;179;12;10.00
2023-05-07;16:00;Dazed and Confused;Comedy;Richard Linklater;1993;102;0;7.50
2023-05-07;13:30;The African Queen;Adventure;John Huston;1951;105;6;7.00
2023-05-07;10:30;The Game;Action;David Fincher;1997;129;12;6.50
2023-05-06;20:30;Modern Times;Comedy;Charles Chaplin;1936;87;0;8.50
2023-05-06;17:30;The Game;Action;David Fincher;1997;129;12;7.50
2023-05-06;13:30;Kal Ho Naa Ho;Comedy;Nikkhil Advani;2003;186;0;6.50
2023-05-06;10:30;Zulu;Drama;Cy Endfield;1964;138;0;6.50
2023-05-05;13:00;Lola rennt;Crime;Tom Tykwer;1998;81;12;6.50
2023-05-05;10:00;The Quiet Man;Comedy;John Ford;1952;129;12;6.50
2023-05-04;15:00;Per qualche dollaro in più;Western;Sergio Leone;1965;132;0;8.00
2023-05-04;13:00;Modern Times;Comedy;Charles Chaplin;1936;87;0;8.00
2023-05-04;10:00;The Game;Action;David Fincher;1997;129;12;8.50
2023-05-03;10:00;Kal Ho Naa Ho;Comedy;Nikkhil Advani;2003;186;0;8.50
2023-05-02;13:30;Rosemary's Baby;Drama;Roman Polanski;1968;137;12;7.50
2023-05-02;10:30;Boksuneun naui geot;Crime;Chan-wook Park;2002;129;16;8.50
2023-05-01;13:30;Boksuneun naui geot;Crime;Chan-wook Park;2002;129;16;7.50
2023-05-01;10:00;The Killing Fields;Biography;Roland Joffé;1984;141;12;8.00
2023-04-30;19:00;The Game;Action;David Fincher;1997;129;12;9.00
2023-04-30;16:30;The African Queen;Adventure;John Huston;1951;105;6;7.50
2023-04-30;12:30;Kal Ho Naa Ho;Comedy;Nikkhil Advani;2003;186;0;8.00
2023-04-30;10:00;Out of the Past;Crime;Jacques Tourneur;1947;97;12;7.00
2023-04-29;16:00;Il buono, il brutto, il cattivo;Western;Sergio Leone;1966;161;12;8.50
2023-04-29;13:30;Shadow of a Doubt;Film-Noir;Alfred Hitchcock;1943;108;6;7.50
2023-04-29;10:30;True Romance;Crime;Tony Scott;1993;119;16;7.00
2023-04-28;13:30;Kal Ho Naa Ho;Comedy;Nikkhil Advani;2003;186;0;8.50
2023-04-28;10:30;Boksuneun naui geot;Crime;Chan-wook Park;2002;129;16;8.00
2023-04-27;17:00;Lola rennt;Crime;Tom Tykwer;1998;81;12;7.00
2023-04-27;13:30;Il buono, il brutto, il cattivo;Western;Sergio Leone;1966;161;12;7.00
2023-04-27;10:00;Il buono, il brutto, il cattivo;Western;Sergio Leone;1966;161;12;6.50
2023-04-26;13:30;Giù la testa;Drama;Sergio Leone;1971;157;6;7.00
2023-04-26;10:00;Casino;Crime;Martin Scorsese;1995;178;12;7.50
2023-04-25;10:00;Out of the Past;Crime;Jacques Tourneur;1947;97;12;8.00
2023-04-24;16:30;True Romance;Crime;Tony Scott;1993;119;16;8.50
2023-04-24;13:30;Cowboy Bebop: Tengoku no tobira;Animation;Shin'ichirô Watanabe;2001;115;0;8.00
2023-04-24;10:30;The Game;Action;David Fincher;1997;129;12;6.50
2023-04-23;17:00;Shadow of a Doubt;Film-Noir;Alfred Hitchcock;1943;108;6;8.50
2023-04-23;14:00;The Hustler;Drama;Robert Rossen;1961;134;12;6.50
2023-04-23;10:30;The Last Samurai;Action;Edward Zwick;2003;154;12;7.50
2023-04-22;20:00;Shine;Biography;Scott Hicks;1996;105;0;9.00
2023-04-22;17:00;Rosemary's Baby;Drama;Roman Polanski;1968;137;12;8.00
2023-04-22;14:00;The Game;Action;David Fincher;1997;129;12;7.00
2023-04-22;10:30;Amores perros;Drama;Alejandro G. Iñárritu;2000;154;12;8.50
2023-04-21;14:30;The African Queen;Adventure;John Huston;1951;105;6;7.00
2023-04-21;10:30;Casino;Crime;Martin Scorsese;1995;178;12;8.00
2023-04-20;13:00;Kal Ho Naa Ho;Comedy;Nikkhil Advani;2003;186;0;7.50
2023-04-20;10:00;True Romance;Crime;Tony Scott;1993;119;16;6.50
2023-04-19;10:30;The Quiet Man;Comedy;John Ford;1952;129;12;8.50
2023-04-18;10:00;The Circus;Comedy;Charles Chaplin;1928;72;12;8.00
2023-04-17;17:00;True Romance;Crime;Tony Scott;1993;119;16;8.00
2023-04-17;13:00;Kal Ho Naa Ho;Comedy;Nikkhil Advani;2003;186;0;7.00
2023-04-17;10:00;The Quiet Man;Comedy;John Ford;1952;129;12;8.00
2023-04-16;18:00;The Quiet Man;Comedy;John Ford;1952;129;12;9.00
2023-04-16;15:00;Cowboy Bebop: Tengoku no tobira;Animation;Shin'ichirô Watanabe;2001;115;0;8.00
2023-04-16;13:00;The Circus;Comedy;Charles Chaplin;1928;72;12;8.50
2023-04-16;10:00;Rosemary's Baby;Drama;Roman Polanski;1968;137;12;6.50
2023-04-15;20:00;The Quiet Man;Comedy;John Ford;1952;129;12;8.50
2023-04-15;16:30;Amores perros;Drama;Alejandro G. Iñárritu;2000;154;12;7.00
2023-04-15;14:00;Star Trek II: The Wrath of Khan;Action;Nicholas Meyer;1982;113;0;7.50
2023-04-15;10:00;Casino;Crime;Martin Scorsese;1995;178;12;7.00
2023-04-14;16:00;Shine;Biography;Scott Hicks;1996;105;0;7.00
2023-04-14;13:00;The Elephant Man;Biography;David Lynch;1980;124;12;8.50
2023-04-14;10:30;The Thin Man;Comedy;W.S. Van Dyke;1934;91;12;6.50
2023-04-13;10:00;The African Queen;Adventure;John Huston;1951;105;6;8.00
2023-04-12;14:00;Tenkû no shiro Rapyuta;Animation;Hayao Miyazaki;1986;125;0;8.50
2023-04-12;10:00;Kal Ho Naa Ho;Comedy;Nikkhil Advani;2003;186;0;8.50
2023-04-11;17:00;Ran;Action;Akira Kurosawa;1985;162;0;6.50
2023-04-11;13:30;The Last Samurai;Action;Edward Zwick;2003;154;12;8.50
2023-04-11;10:00;Saving Private Ryan;Drama;Steven Spielberg;1998;169;16;7.50
2023-04-10;18:00;Shadow of a Doubt;Film-Noir;Alfred Hitchcock;1943;108;6;9.00
2023-04-10;14:30;Boogie Nights;Drama;Paul Thomas Anderson;1997;155;16;7.50
2023-04-10;10:30;Kal Ho Naa Ho;Comedy;Nikkhil Advani;2003;186;0;7.00
2023-04-09;21:00;Ran;Action;Akira Kurosawa;1985;162;0;9.50
2023-04-09;17:00;Kal Ho Naa Ho;Comedy;Nikkhil Advani;2003;186;0;8.50
2023-04-09;14:00;Interstate 60: Episodes of the Road;Adventure;Bob Gale;2002;116;16;7.50
2023-04-09;10:30;Hera Pheri;Action;Priyadarshan;2000;156;0;8.00
2023-04-08;19:00;Interstate 60: Episodes of the Road;Adventure;Bob Gale;2002;116;16;10.00
2023-04-08;16:30;Shin seiki Evangelion Gekijô-ban: Air/Magokoro wo, kimi ni;Animation;Hideaki Anno;1997;87;12;6.50
2023-04-08;13:00;Empire of the Sun;Action;Steven Spielberg;1987;153;0;7.00
2023-04-08;10:00;La battaglia di Algeri;Drama;Gillo Pontecorvo;1966;121;12;6.50
2023-04-07;13:30;La Strada;Drama;Federico Fellini;1954;108;12;7.00
2023-04-07;10:30;The Elephant Man;Biography;David Lynch;1980;124;12;8.50
2023-04-06;13:30;Shine;Biography;Scott Hicks;1996;105;0;7.00
2023-04-06;10:30;Interstate 60: Episodes of the Road;Adventure;Bob Gale;2002;116;16;8.50
2023-04-05;14:30;Kal Ho Naa Ho;Comedy;Nikkhil Advani;2003;186;0;6.50
2023-04-05;12:30;Shin seiki Evangelion Gekijô-ban: Air/Magokoro wo, kimi ni;Animation;Hideaki Anno;1997;87;12;7.00
2023-04-05;10:00;King Kong;Adventure;Merian C. Cooper;1933;100;12;7.00
2023-04-04;10:00;A Hard Day's Night;Comedy;Richard Lester;1964;87;0;8.00
2023-04-03;16:00;The Last Samurai;Action;Edward Zwick;2003;154;12;7.50
2023-04-03;13:30;King Kong;Adventure;Merian C. Cooper;1933;100;12;8.50
2023-04-03;10:30;L.A. Confidential;Crime;Curtis Hanson;1997;138;12;8.00
2023-04-02;16:00;Shadow of a Doubt;Film-Noir;Alfred Hitchcock;1943;108;6;8.00
2023-04-02;13:00;La battaglia di Algeri;Drama;Gillo Pontecorvo;1966;121;12;8.00
2023-04-02;10:30;Deliverance;Adventure;John Boorman;1972;109;0;7.00
2023-04-01;19:30;King Kong;Adventure;Merian C. Cooper;1933;100;12;10.00
2023-04-01;16:00;Empire of the Sun;Action;Steven Spielberg;1987;153;0;7.50
2023-04-01;13:30;King Kong;Adventure;Merian C. Cooper;1933;100;12;8.50
2023-04-01;10:30;Planet of the Apes;Adventure;Franklin J. Schaffner;1968;112;0;6.50
2023-03-31;17:00;Star Trek II: The Wrath of Khan;Action;Nicholas Meyer;1982;113;0;6.50
2023-03-31;14:30;Shadow of a Doubt;Film-Noir;Alfred Hitchcock;1943;108;6;7.50
2023-03-31;10:30;Saving Private Ryan;Drama;Steven Spielberg;1998;169;16;6.50
2023-03-30;13:30;Mystic River;Crime;Clint Eastwood;2003;138;12;7.00
2023-03-30;10:30;The Elephant Man;Biography;David Lynch;1980;124;12;7.00
2023-03-29;12:30;Kagemusha;Drama;Akira Kurosawa;1980;180;0;8.00
2023-03-29;10:00;Down by Law;Comedy;Jim Jarmusch;1986;107;16;7.50
2023-03-28;13:30;Shadow of a Doubt;Film-Noir;Alfred Hitchcock;1943;108;6;7.00
2023-03-28;10:30;The Elephant Man;Biography;David Lynch;1980;124;12;8.00
2023-03-27;15:30;The Philadelphia Story;Comedy;George Cukor;1940;112;12;6.50
2023-03-27;13:00;La montaña sagrada;Adventure;Alejandro Jodorowsky;1973;114;16;6.50
2023-03-27;10:30;12 Angry Men;Crime;Sidney Lumet;1957;96;0;8.50
2023-03-26;20:30;La Strada;Drama;Federico Fellini;1954;108;12;9.50
2023-03-26;17:00;Ran;Action;Akira Kurosawa;1985;162;0;7.50
2023-03-26;13:30;Saving Private Ryan;Drama;Steven Spielberg;1998;169;16;8.00
2023-03-26;10:00;Amadeus;Biography;Milos Forman;1984;160;16;6.50
2023-03-25;18:30;Empire of the Sun;Action;Steven Spielberg;1987;153;0;10.00
2023-03-25;15:30;La montaña sagrada;Adventure;Alejandro Jodorowsky;1973;114;16;7.50
2023-03-25;13:00;The Thing;Horror;John Carpenter;1982;109;12;7.50
2023-03-25;10:30;Halloween;Horror;John Carpenter;1978;91;12;6.50
2023-03-24;14:30;Jules et Jim;Drama;François Truffaut;1962;105;12;6.50
2023-03-24;10:30;The Green Mile;Crime;Frank Darabont;1999;189;12;7.50
2023-03-23;10:30;Airplane!;Comedy;Jim Abrahams;1980;88;0;8.00
2023-03-22;16:00;Cowboy Bebop: Tengoku no tobira;Animation;Shin'ichirô Watanabe;2001;115;0;7.00
2023-03-22;13:00;Tenkû no shiro Rapyuta;Animation;Hayao Miyazaki;1986;125;0;8.50
2023-03-22;10:00;The Elephant Man;Biography;David Lynch;1980;124;12;8.00
2023-03-21;15:30;La montaña sagrada;Adventure;Alejandro Jodorowsky;1973;114;16;6.50
2023-03-21;13:00;Deliverance;Adventure;John Boorman;1972;109;0;7.50
2023-03-21;10:30;12 Angry Men;Crime;Sidney Lumet;1957;96;0;8.50
2023-03-20;13:00;My Fair Lady;Drama;George Cukor;1964;170;0;6.50
2023-03-20;10:00;Cowboy Bebop: Tengoku no tobira;Animation;Shin'ichirô Watanabe;2001;115;0;8.50
2023-03-19;17:30;Hera Pheri;Action;Priyadarshan;2000;156;0;7.50
2023-03-19;14:30;The Philadelphia Story;Comedy;George Cukor;1940;112;12;6.50
2023-03-19;10:30;Kagemusha;Drama;Akira Kurosawa;1980;180;0;6.50
2023-03-18;17:30;Jules et Jim;Drama;François Truffaut;1962;105;12;7.50
2023-03-18;14:00;Amadeus;Biography;Milos Forman;1984;160;16;6.50
2023-03-18;10:30;Saving Private Ryan;Drama;Steven Spielberg;1998;169;16;7.00
2023-03-17;16:00;La montaña sagrada;Adventure;Alejandro Jodorowsky;1973;114;16;6.50
2023-03-17;12:00;Casino;Crime;Martin Scorsese;1995;178;12;7.50
2023-03-17;10:00;The Circus;Comedy;Charles Chaplin;1928;72;12;6.50
2023-03-16;15:30;L.A. Confidential;Crime;Curtis Hanson;1997;138;12;8.00
2023-03-16;13:00;A Hard Day's Night;Comedy;Richard Lester;1964;87;0;7.50
2023-03-16;10:30;La Strada;Drama;Federico Fellini;1954;108;12;6.50
2023-03-15;13:00;Kal Ho Naa Ho;Comedy;Nikkhil Advani;2003;186;0;7.50
2023-03-15;10:30;American Psycho;Comedy;Mary Harron;2000;101;12;8.00
2023-03-14;10:30;The Green Mile;Crime;Frank Darabont;1999;189;12;8.00
2023-03-13;14:00;Mystic River;Crime;Clint Eastwood;2003;138;12;8.50
2023-03-13;10:30;Hera Pheri;Action;Priyadarshan;2000;156;0;7.00
2023-03-12;16:00;It's a Wonderful Life;Drama;Frank Capra;1946;130;6;7.00
2023-03-12;13:30;La montaña sagrada;Adventure;Alejandro Jodorowsky;1973;114;16;8.00
2023-03-12;10:30;Mystic River;Crime;Clint Eastwood;2003;138;12;6.50
2023-03-11;20:30;Shin seiki Evangelion Gekijô-ban: Air/Magokoro wo, kimi ni;Animation;Hideaki Anno;1997;87;12;9.50
2023-03-11;17:00;Hera Pheri;Action;Priyadarshan;2000;156;0;7.50
2023-03-11;14:00;Tenkû no shiro Rapyuta;Animation;Hayao Miyazaki;1986;125;0;8.50
2023-03-11;10:30;Ran;Action;Akira Kurosawa;1985;162;0;7.50
2023-03-10;10:00;Laura;Drama;Otto Preminger;1944;88;12;7.00
2023-03-09;16:00;Ran;Action;Akira Kurosawa;1985;162;0;8.50
2023-03-09;12:30;The Color Purple;Drama;Steven Spielberg;1985;154;0;6.50
2023-03-09;10:00;Shrek;Animation;Andrew Adamson;2001;90;0;8.00
2023-03-08;10:00;The Green Mile;Crime;Frank Darabont;1999;189;12;7.50
2023-03-07;16:30;Amores perros;Drama;Alejandro G. Iñárritu;2000;154;12;8.00
2023-03-07;13:00;Ran;Action;Akira Kurosawa;1985;162;0;7.00
2023-03-07;10:00;Mystic River;Crime;Clint Eastwood;2003;138;12;7.00
2023-03-06;16:00;The Thing;Horror;John Carpenter;1982;109;12;7.50
2023-03-06;12:30;My Fair Lady;Drama;George Cukor;1964;170;0;8.00
2023-03-06;10:00;American Psycho;Comedy;Mary Harron;2000;101;12;6.50
2023-03-05;15:00;The Color Purple;Drama;Steven Spielberg;1985;154;0;7.50
2023-03-05;12:00;The Elephant Man;Biography;David Lynch;1980;124;12;7.50
2023-03-05;10:00;Persona;Drama;Ingmar Bergman;1966;85;12;8.50
2023-03-04;16:00;Planet of the Apes;Adventure;Franklin J. Schaffner;1968;112;0;7.50
2023-03-04;12:30;The Wild Bunch;Action;Sam Peckinpah;1969;145;12;6.50
2023-03-04;10:00;Planet of the Apes;Adventure;Franklin J. Schaffner;1968;112;0;8.00
2023-03-03;10:30;My Fair Lady;Drama;George Cukor;1964;170;0;7.50
2023-03-02;16:30;Planet of the Apes;Adventure;Franklin J. Schaffner;1968;112;0;7.00
2023-03-02;13:30;Blue Velvet;Drama;David Lynch;1986;120;12;8.00
2023-03-02;10:30;Interstate 60: Episodes of the Road;Adventure;Bob Gale;2002;116;16;8.50
2023-03-01;16:30;The Elephant Man;Biography;David Lynch;1980;124;12;6.50
2023-03-01;13:30;Mimi wo sumaseba;Animation;Yoshifumi Kondô;1995;111;0;8.00
2023-03-01;10:30;Enemy at the Gates;Drama;Jean-Jacques Annaud;2001;131;12;6.50
2023-02-28;10:00;Deliverance;Adventure;John Boorman;1972;109;0;7.00
2023-02-27;10:00;The Color Purple;Drama;Steven Spielberg;1985;154;0;6.50
2023-02-26;18:00;The Thing;Horror;John Carpenter;1982;109;12;8.50
2023-02-26;15:00;The Thing;Horror;John Carpenter;1982;109;12;8.50
2023-02-26;12:30;American Psycho;Comedy;Mary Harron;2000;101;12;7.00
2023-02-26;10:30;The Circus;Comedy;Charles Chaplin;1928;72;12;8.00
2023-02-25;16:00;Shrek;Animation;Andrew Adamson;2001;90;0;6.50
2023-02-25;13:30;The Naked Gun: From the Files of Police Squad!;Comedy;David Zucker;1988;85;0;7.00
2023-02-25;10:00;My Fair Lady;Drama;George Cukor;1964;170;0;8.50
2023-02-24;10:00;Kagemusha;Drama;Akira Kurosawa;1980;180;0;7.00
2023-02-23;13:00;American Psycho;Comedy;Mary Harron;2000;101;12;7.00
2023-02-23;10:30;Shrek;Animation;Andrew Adamson;2001;90;0;6.50
2023-02-22;13:00;American Psycho;Comedy;Mary Harron;2000;101;12;6.50
2023-02-22;10:00;Catch Me If You Can;Biography;Steven Spielberg;2002;141;12;7.00
2023-02-21;10:30;Doctor Zhivago;Drama;David Lean;1965;197;12;8.00
2023-02-20;10:00;Witness for the Prosecution;Crime;Billy Wilder;1957;116;0;7.50
2023-02-19;19:30;The Wild Bunch;Action;Sam Peckinpah;1969;145;12;8.50
2023-02-19;15:30;The Green Mile;Crime;Frank Darabont;1999;189;12;6.50
2023-02-19;12:30;Enemy at the Gates;Drama;Jean-Jacques Annaud;2001;131;12;8.50
2023-02-19;10:00;American Psycho;Comedy;Mary Harron;2000;101;12;7.50
2023-02-18;18:30;Kagemusha;Drama;Akira Kurosawa;1980;180;0;9.50
2023-02-18;15:30;Enemy at the Gates;Drama;Jean-Jacques Annaud;2001;131;12;7.50
2023-02-18;13:00;Jules et Jim;Drama;François Truffaut;1962;105;12;7.50
2023-02-18;10:30;American Psycho;Comedy;Mary Harron;2000;101;12;7.00
2023-02-17;12:30;The Color Purple;Drama;Steven Spielberg;1985;154;0;7.00
2023-02-17;10:00;American Psycho;Comedy;Mary Harron;2000;101;12;7.00
2023-02-16;13:00;Kagemusha;Drama;Akira Kurosawa;1980;180;0;8.00
2023-02-16;10:30;American Psycho;Comedy;Mary Harron;2000;101;12;8.00
2023-02-15;13:30;Amadeus;Biography;Milos Forman;1984;160;16;7.00
2023-02-15;10:30;Happiness;Comedy;Todd Solondz;1998;134;12;7.00
2023-02-14;16:30;Aguirre, der Zorn Gottes;Action;Werner Herzog;1972;95;12;7.50
2023-02-14;13:00;The Color Purple;Drama;Steven Spielberg;1985;154;0;7.50
2023-02-14;10:30;Mimi wo sumaseba;Animation;Yoshifumi Kondô;1995;111;0;7.50
2023-02-13;16:00;On Golden Pond;Drama;Mark Rydell;1981;109;12;7.00
2023-02-13;13:30;Airplane!;Comedy;Jim Abrahams;1980;88;0;7.50
2023-02-13;10:00;The Color Purple;Drama;Steven Spielberg;1985;154;0;7.00
2023-02-12;20:30;Kagemusha;Drama;Akira Kurosawa;1980;180;0;8.50
2023-02-12;18:00;Aguirre, der Zorn Gottes;Action;Werner Herzog;1972;95;12;8.50
2023-02-12;14:00;Kagemusha;Drama;Akira Kurosawa;1980;180;0;7.50
2023-02-12;10:30;Catch Me If You Can;Biography;Steven Spielberg;2002;141;12;8.50
2023-02-11;16:00;Tenkû no shiro Rapyuta;Animation;Hayao Miyazaki;1986;125;0;6.50
2023-02-11;13:00;Twelve Monkeys;Mystery;Terry Gilliam;1995;129;12;8.00
2023-02-11;10:30;Mimi wo sumaseba;Animation;Yoshifumi Kondô;1995;111;0;8.00
2023-02-10;10:00;The Naked Gun: From the Files of Police Squad!;Comedy;David Zucker;1988;85;0;7.50
2023-02-09;14:30;Kôkaku Kidôtai;Animation;Mamoru Oshii;1995;83;12;7.00
2023-02-09;12:30;Kôkaku Kidôtai;Animation;Mamoru Oshii;1995;83;12;8.50
2023-02-09;10:00;Airplane!;Comedy;Jim Abrahams;1980;88;0;6.50
2023-02-08;15:30;Airplane!;Comedy;Jim Abrahams;1980;88;0;6.50
2023-02-08;13:00;Dirty Harry;Action;Don Siegel;1971;102;12;7.00
2023-02-08;10:30;Willy Wonka & the Chocolate Factory;Family;Mel Stuart;1971;100;0;8.00
2023-02-07;16:00;Happiness;Comedy;Todd Solondz;1998;134;12;7.00
2023-02-07;13:00;Blue Velvet;Drama;David Lynch;1986;120;12;7.50
2023-02-07;10:30;Willy Wonka & the Chocolate Factory;Family;Mel Stuart;1971;100;0;7.00
2023-02-06;10:00;Twelve Monkeys;Mystery;Terry Gilliam;1995;129;12;7.00
2023-02-05;20:00;Cowboy Bebop: Tengoku no tobira;Animation;Shin'ichirô Watanabe;2001;115;0;9.50
2023-02-05;17:30;Dirty Harry;Action;Don Siegel;1971;102;12;8.50
2023-02-05;13:30;My Fair Lady;Drama;George Cukor;1964;170;0;6.50
2023-02-05;10:30;Jurassic Park;Action;Steven Spielberg;1993;127;12;7.50
2023-02-04;16:00;Shichinin no samurai;Action;Akira Kurosawa;1954;207;0;7.00
2023-02-04;13:00;Tenkû no shiro Rapyuta;Animation;Hayao Miyazaki;1986;125;0;8.50
2023-02-04;10:00;Blue Velvet;Drama;David Lynch;1986;120;12;6.50
2023-02-03;14:00;Happiness;Comedy;Todd Solondz;1998;134;12;7.50
2023-02-03;10:30;My Fair Lady;Drama;George Cukor;1964;170;0;7.00
2023-02-02;10:00;The Naked Gun: From the Files of Police Squad!;Comedy;David Zucker;1988;85;0;8.00
2023-02-01;13:30;Misery;Drama;Rob Reiner;1990;107;16;7.00
2023-02-01;10:30;Jurassic Park;Action;Steven Spielberg;1993;127;12;8.00
2023-01-31;10:30;Escape from Alcatraz;Action;Don Siegel;1979;112;12;8.00
2023-01-30;15:30;Monty Python and the Holy Grail;Adventure;Terry Gilliam;1975;91;6;6.50
2023-01-30;13:00;Monty Python and the Holy Grail;Adventure;Terry Gilliam;1975;91;6;6.50
2023-01-30;10:30;His Girl Friday;Comedy;Howard Hawks;1940;92;12;6.50
2023-01-29;17:30;Mimi wo sumaseba;Animation;Yoshifumi Kondô;1995;111;0;6.50
2023-01-29;15:00;On Golden Pond;Drama;Mark Rydell;1981;109;12;7.00
2023-01-29;12:30;Willy Wonka & the Chocolate Factory;Family;Mel Stuart;1971;100;0;8.00
2023-01-29;10:00;Mimi wo sumaseba;Animation;Yoshifumi Kondô;1995;111;0;8.00
2023-01-28;15:00;Catch Me If You Can;Biography;Steven Spielberg;2002;141;12;7.50
2023-01-28;12:30;Misery;Drama;Rob Reiner;1990;107;16;6.50
2023-01-28;10:00;On Golden Pond;Drama;Mark Rydell;1981;109;12;8.50
2023-01-27;15:30;Twelve Monkeys;Mystery;Terry Gilliam;1995;129;12;7.50
2023-01-27;12:30;What's Eating Gilbert Grape;Drama;Lasse Hallström;1993;118;0;8.00
2023-01-27;10:00;Willy Wonka & the Chocolate Factory;Family;Mel Stuart;1971;100;0;7.50
2023-01-26;15:00;Cowboy Bebop: Tengoku no tobira;Animation;Shin'ichirô Watanabe;2001;115;0;7.50
2023-01-26;13:00;Airplane!;Comedy;Jim Abrahams;1980;88;0;7.00
2023-01-26;10:30;Paper Moon;Comedy;Peter Bogdanovich;1973;102;0;8.50
2023-01-25;12:30;The Elephant Man;Biography;David Lynch;1980;124;12;7.50
2023-01-25;10:00;Kôkaku Kidôtai;Animation;Mamoru Oshii;1995;83;12;8.00
2023-01-24;13:30;2001: A Space Odyssey;Adventure;Stanley Kubrick;1968;149;0;7.50
2023-01-24;10:30;What's Eating Gilbert Grape;Drama;Lasse Hallström;1993;118;0;7.50
2023-01-23;15:30;Cowboy Bebop: Tengoku no tobira;Animation;Shin'ichirô Watanabe;2001;115;0;8.50
2023-01-23;13:00;On Golden Pond;Drama;Mark Rydell;1981;109;12;8.50
2023-01-23;10:30;Dirty Harry;Action;Don Siegel;1971;102;12;8.00
2023-01-22;19:00;Misery;Drama;Rob Reiner;1990;107;16;10.00
2023-01-22;16:30;Kôkaku Kidôtai;Animation;Mamoru Oshii;1995;83;12;7.50
2023-01-22;13:30;Jurassic Park;Action;Steven Spielberg;1993;127;12;7.00
2023-01-22;10:30;Naked;Comedy;Mike Leigh;1993;132;12;7.00
2023-01-21;18:00;2001: A Space Odyssey;Adventure;Stanley Kubrick;1968;149;0;9.50
2023-01-21;15:30;Mimi wo sumaseba;Animation;Yoshifumi Kondô;1995;111;0;8.50
2023-01-21;12:30;Escape from Alcatraz;Action;Don Siegel;1979;112;12;8.50
2023-01-21;10:00;Cowboy Bebop: Tengoku no tobira;Animation;Shin'ichirô Watanabe;2001;115;0;6.50
2023-01-20;13:00;Dirty Harry;Action;Don Siegel;1971;102;12;7.00
2023-01-20;10:30;Escape from Alcatraz;Action;Don Siegel;1979;112;12;8.50
2023-01-19;14:30;The Naked Gun: From the Files of Police Squad!;Comedy;David Zucker;1988;85;0;8.00
2023-01-19;10:30;Shichinin no samurai;Action;Akira Kurosawa;1954;207;0;6.50
2023-01-18;16:30;The Naked Gun: From the Files of Police Squad!;Comedy;David Zucker;1988;85;0;8.00
2023-01-18;13:30;Happiness;Comedy;Todd Solondz;1998;134;12;8.00
2023-01-18;10:00;2001: A Space Odyssey;Adventure;Stanley Kubrick;1968;149;0;7.50
2023-01-17;13:00;Fa yeung nin wah;Drama;Kar-Wai Wong;2000;98;0;8.00
2023-01-17;10:30;His Girl Friday;Comedy;Howard Hawks;1940;92;12;7.50
2023-01-16;10:30;Monty Python and the Holy Grail;Adventure;Terry Gilliam;1975;91;6;6.50
2023-01-15;16:00;The Remains of the Day;Drama;James Ivory;1993;134;0;8.50
2023-01-15;13:30;Paper Moon;Comedy;Peter Bogdanovich;1973;102;0;6.50
2023-01-15;10:30;Twelve Monkeys;Mystery;Terry Gilliam;1995;129;12;8.50
2023-01-14;16:00;Happiness;Comedy;Todd Solondz;1998;134;12;8.00
2023-01-14;13:00;Happiness;Comedy;Todd Solondz;1998;134;12;7.00
2023-01-14;10:30;Casablanca;Drama;Michael Curtiz;1942;102;0;8.50
2023-01-13;10:00;Monty Python and the Holy Grail;Adventure;Terry Gilliam;1975;91;6;8.50
2023-01-12;10:30;The Remains of the Day;Drama;James Ivory;1993;134;0;8.50
2023-01-11;13:30;The Truman Show;Comedy;Peter Weir;1998;103;0;8.00
2023-01-11;10:30;Happiness;Comedy;Todd Solondz;1998;134;12;8.00
2023-01-10;15:30;Shichinin no samurai;Action;Akira Kurosawa;1954;207;0;7.50
2023-01-10;12:30;Jurassic Park;Action;Steven Spielberg;1993;127;12;7.50
2023-01-10;10:00;Fa yeung nin wah;Drama;Kar-Wai Wong;2000;98;0;8.50
2023-01-09;10:30;Jurassic Park;Action;Steven Spielberg;1993;127;12;7.00
2023-01-08;18:30;The Elephant Man;Biography;David Lynch;1980;124;12;10.00
2023-01-08;16:00;Fa yeung nin wah;Drama;Kar-Wai Wong;2000;98;0;8.00
2023-01-08;13:30;Rupan sansei: Kariosutoro no shiro;Animation;Hayao Miyazaki;1979;100;0;8.00
2023-01-08;10:30;Jurassic Park;Action;Steven Spielberg;1993;127;12;8.50
2023-01-07;18:30;Naked;Comedy;Mike Leigh;1993;132;12;9.00
2023-01-07;16:00;Paper Moon;Comedy;Peter Bogdanovich;1973;102;0;7.50
2023-01-07;13:00;Twelve Monkeys;Mystery;Terry Gilliam;1995;129;12;8.00
2023-01-07;10:00;25th Hour;Drama;Spike Lee;2002;135;16;7.50
2023-01-06;13:00;Paper Moon;Comedy;Peter Bogdanovich;1973;102;0;7.50
2023-01-06;10:00;Twelve Monkeys;Mystery;Terry Gilliam;1995;129;12;8.00
2023-01-05;10:30;Majo no takkyûbin;Animation;Hayao Miyazaki;1989;103;0;6.50
2023-01-04;15:30;Rupan sansei: Kariosutoro no shiro;Animation;Hayao Miyazaki;1979;100;0;6.50
2023-01-04;13:00;Fa yeung nin wah;Drama;Kar-Wai Wong;2000;98;0;6.50
2023-01-04;10:30;Fa yeung nin wah;Drama;Kar-Wai Wong;2000;98;0;7.00
2023-01-03;16:30;Monty Python and the Holy Grail;Adventure;Terry Gilliam;1975;91;6;8.50
2023-01-03;13:30;Boyz n the Hood;Crime;John Singleton;1991;112;12;8.00
2023-01-03;10:30;The Elephant Man;Biography;David Lynch;1980;124;12;8.00
2023-01-02;12:30;Smultronstället;Drama;Ingmar Bergman;1957;91;0;7.00
2023-01-02;10:00;Fa yeung nin wah;Drama;Kar-Wai Wong;2000;98;0;7.50
2023-01-01;18:30;Tenkû no shiro Rapyuta;Animation;Hayao Miyazaki;1986;125;0;9.50
2023-01-01;15:30;Escape from Alcatraz;Action;Don Siegel;1979;112;12;8.50
2023-01-01;13:00;Paper Moon;Comedy;Peter Bogdanovich;1973;102;0;7.00
2023-01-01;10:00;The Elephant Man;Biography;David Lynch;1980;124;12;6.50
2022-12-31;18:30;The Remains of the Day;Drama;James Ivory;1993;134;0;8.50
2022-12-31;15:30;Tenkû no shiro Rapyuta;Animation;Hayao Miyazaki;1986;125;0;7.50
2022-12-31;13:00;Enter the Dragon;Action;Robert Clouse;1973;102;12;6.50
2022-12-31;10:30;The Breakfast Club;Comedy;John Hughes;1985;97;12;8.50
2022-12-30;16:00;Yeopgijeogin geunyeo;Comedy;Jae-young Kwak;2001;137;12;7.50
2022-12-30;13:00;Tenkû no shiro Rapyuta;Animation;Hayao Miyazaki;1986;125;0;8.00
2022-12-30;10:00;Yeopgijeogin geunyeo;Comedy;Jae-young Kwak;2001;137;12;7.50
2022-12-29;17:30;The Elephant Man;Biography;David Lynch;1980;124;12;8.00
2022-12-29;15:00;The Breakfast Club;Comedy;John Hughes;1985;97;12;7.00
2022-12-29;10:30;Ben-Hur;Adventure;William Wyler;1959;212;0;8.00
2022-12-28;15:30;Paper Moon;Comedy;Peter Bogdanovich;1973;102;0;6.50
2022-12-28;13:00;Paper Moon;Comedy;Peter Bogdanovich;1973;102;0;8.50
2022-12-28;10:30;Boyz n the Hood;Crime;John Singleton;1991;112;12;7.00
2022-12-27;12:30;Yeopgijeogin geunyeo;Comedy;Jae-young Kwak;2001;137;12;7.00
2022-12-27;10:00;Smultronstället;Drama;Ingmar Bergman;1957;91;0;8.50
2022-12-26;10:30;Naked;Comedy;Mike Leigh;1993;132;12;6.50
2022-12-25;15:00;The Truman Show;Comedy;Peter Weir;1998;103;0;7.00
2022-12-25;12:30;Smultronstället;Drama;Ingmar Bergman;1957;91;0;6.50
2022-12-25;10:30;The Invisible Man;Horror;James Whale;1933;71;12;7.00
2022-12-24;18:30;Naked;Comedy;Mike Leigh;1993;132;12;8.50
2022-12-24;16:00;The Truman Show;Comedy;Peter Weir;1998;103;0;8.00
2022-12-24;13:30;A Little Princess;Drama;Alfonso Cuarón;1995;97;0;7.00
2022-12-24;10:30;What's Eating Gilbert Grape;Drama;Lasse Hallström;1993;118;0;8.50
2022-12-23;12:30;The Invisible Man;Horror;James Whale;1933;71;12;8.00
2022-12-23;10:00;Casablanca;Drama;Michael Curtiz;1942;102;0;8.50
2022-12-22;10:00;The Elephant Man;Biography;David Lynch;1980;124;12;8.00
2022-12-21;12:00;The Elephant Man;Biography;David Lynch;1980;124;12;7.00
2022-12-21;10:00;The Invisible Man;Horror;James Whale;1933;71;12;7.00
2022-12-20;10:00;Delicatessen;Comedy;Marc Caro;1991;99;16;7.50
2022-12-19;12:30;Yeopgijeogin geunyeo;Comedy;Jae-young Kwak;2001;137;12;8.00
2022-12-19;10:00;Predator;Action;John McTiernan;1987;107;12;7.50
2022-12-18;18:30;From Here to Eternity;Drama;Fred Zinnemann;1953;118;12;10.00
2022-12-18;15:30;The Elephant Man;Biography;David Lynch;1980;124;12;7.50
2022-12-18;13:00;Enter the Dragon;Action;Robert Clouse;1973;102;12;7.50
2022-12-18;10:00;25th Hour;Drama;Spike Lee;2002;135;16;8.50
2022-12-17;16:00;Yeopgijeogin geunyeo;Comedy;Jae-young Kwak;2001;137;12;7.00
2022-12-17;13:00;Yeopgijeogin geunyeo;Comedy;Jae-young Kwak;2001;137;12;8.00
2022-12-17;10:30;Casablanca;Drama;Michael Curtiz;1942;102;0;7.00
2022-12-16;15:30;Dances with Wolves;Adventure;Kevin Costner;1990;181;0;7.00
2022-12-16;13:00;Rupan sansei: Kariosutoro no shiro;Animation;Hayao Miyazaki;1979;100;0;7.50
2022-12-16;10:30;Hannah and Her Sisters;Comedy;Woody Allen;1986;107;12;6.50
2022-12-15;16:00;Majo no takkyûbin;Animation;Hayao Miyazaki;1989;103;0;7.50
2022-12-15;13:00;North by Northwest;Adventure;Alfred Hitchcock;1959;136;0;8.50
2022-12-15;10:30;Enter the Dragon;Action;Robert Clouse;1973;102;12;6.50
2022-12-14;10:30;Touch of Evil;Crime;Orson Welles;1958;95;12;8.50
2022-12-13;10:00;Touch of Evil;Crime;Orson Welles;1958;95;12;6.50
2022-12-12;10:00;Falling Down;Action;Joel Schumacher;1993;113;16;6.50
2022-12-11;15:30;The Kid;Comedy;Charles Chaplin;1921;68;12;8.50
2022-12-11;13:00;Smultronstället;Drama;Ingmar Bergman;1957;91;0;7.50
2022-12-11;10:30;Hannah and Her Sisters;Comedy;Woody Allen;1986;107;12;8.50
2022-12-10;18:30;Enter the Dragon;Action;Robert Clouse;1973;102;12;8.50
2022-12-10;16:00;Rashômon;Crime;Akira Kurosawa;1950;88;12;7.50
2022-12-10;13:00;Yeopgijeogin geunyeo;Comedy;Jae-young Kwak;2001;137;12;6.50
2022-12-10;10:30;Rashômon;Crime;Akira Kurosawa;1950;88;12;8.00
2022-12-09;10:00;Yeopgijeogin geunyeo;Comedy;Jae-young Kwak;2001;137;12;7.50
2022-12-08;10:30;Casablanca;Drama;Michael Curtiz;1942;102;0;8.00
2022-12-07;15:00;Adaptation.;Comedy;Spike Jonze;2002;115;16;6.50
2022-12-07;12:30;Rupan sansei: Kariosutoro no shiro;Animation;Hayao Miyazaki;1979;100;0;8.50
2022-12-07;10:00;Boyz n the Hood;Crime;John Singleton;1991;112;12;7.00
2022-12-06;13:30;Delicatessen;Comedy;Marc Caro;1991;99;16;8.00
2022-12-06;10:00;Saving Private Ryan;Drama;Steven Spielberg;1998;169;16;6.50
2022-12-05;13:00;Touch of Evil;Crime;Orson Welles;1958;95;12;6.50
2022-12-05;10:00;From Here to Eternity;Drama;Fred Zinnemann;1953;118;12;7.00
2022-12-04;16:00;Enter the Dragon;Action;Robert Clouse;1973;102;12;7.50
2022-12-04;13:00;The Magnificent Seven;Action;John Sturges;1960;128;12;8.50
2022-12-04;10:30;A Little Princess;Drama;Alfonso Cuarón;1995;97;0;7.50
2022-12-03;15:00;Touch of Evil;Crime;Orson Welles;1958;95;12;8.50
2022-12-03;12:30;Enter the Dragon;Action;Robert Clouse;1973;102;12;7.50
2022-12-03;10:00;La passion de Jeanne d'Arc;Biography;Carl Theodor Dreyer;1928;110;12;6.50
2022-12-02;17:00;Saving Private Ryan;Drama;Steven Spielberg;1998;169;16;6.50
2022-12-02;14:00;From Here to Eternity;Drama;Fred Zinnemann;1953;118;12;7.50
2022-12-02;10:00;Dances with Wolves;Adventure;Kevin Costner;1990;181;0;7.50
2022-12-01;15:00;Dances with Wolves;Adventure;Kevin Costner;1990;181;0;8.00
2022-12-01;12:30;Rashômon;Crime;Akira Kurosawa;1950;88;12;7.50
2022-12-01;10:30;The Kid;Comedy;Charles Chaplin;1921;68;12;6.50
2022-11-30;12:30;Rashômon;Crime;Akira Kurosawa;1950;88;12;8.50
2022-11-30;10:00;A Little Princess;Drama;Alfonso Cuarón;1995;97;0;7.00
2022-11-29;10:30;The Kid;Comedy;Charles Chaplin;1921;68;12;6.50
2022-11-28;17:00;Enter the Dragon;Action;Robert Clouse;1973;102;12;7.00
2022-11-28;14:30;Rashômon;Crime;Akira Kurosawa;1950;88;12;7.00
2022-11-28;10:00;Ben-Hur;Adventure;William Wyler;1959;212;0;8.00
2022-11-27;15:30;Dances with Wolves;Adventure;Kevin Costner;1990;181;0;8.50
2022-11-27;13:00;From Here to Eternity;Drama;Fred Zinnemann;1953;118;12;8.00
2022-11-27;10:30;Days of Heaven;Drama;Terrence Malick;1978;94;6;7.00
2022-11-26;19:00;Days of Heaven;Drama;Terrence Malick;1978;94;6;10.00
2022-11-26;16:00;Blowup;Drama;Michelangelo Antonioni;1966;111;12;7.00
2022-11-26;12:30;Gladiator;Action;Ridley Scott;2000;155;12;8.50
2022-11-26;10:00;Majo no takkyûbin;Animation;Hayao Miyazaki;1989;103;0;7.50
2022-11-25;15:30;North by Northwest;Adventure;Alfred Hitchcock;1959;136;0;7.50
2022-11-25;12:30;From Here to Eternity;Drama;Fred Zinnemann;1953;118;12;6.50
2022-11-25;10:00;Midnight Cowboy;Drama;John Schlesinger;1969;113;12;8.50
2022-11-24;13:30;Ben-Hur;Adventure;William Wyler;1959;212;0;7.50
2022-11-24;10:30;A Streetcar Named Desire;Drama;Elia Kazan;1951;122;12;8.00
2022-11-23;10:00;Saving Private Ryan;Drama;Steven Spielberg;1998;169;16;8.50
2022-11-22;13:00;Hannah and Her Sisters;Comedy;Woody Allen;1986;107;12;8.50
2022-11-22;10:30;Falling Down;Action;Joel Schumacher;1993;113;16;8.00
2022-11-21;13:00;Midnight Cowboy;Drama;John Schlesinger;1969;113;12;7.50
2022-11-21;10:30;Days of Heaven;Drama;Terrence Malick;1978;94;6;8.00
2022-11-20;19:30;Dances with Wolves;Adventure;Kevin Costner;1990;181;0;10.00
2022-11-20;16:30;From Here to Eternity;Drama;Fred Zinnemann;1953;118;12;8.00
2022-11-20;13:30;The Magnificent Seven;Action;John Sturges;1960;128;12;8.00
2022-11-20;10:30;From Here to Eternity;Drama;Fred Zinnemann;1953;118;12;8.00
2022-11-19;16:00;Midnight Express;Biography;Alan Parker;1978;121;12;7.50
2022-11-19;13:00;The Magnificent Seven;Action;John Sturges;1960;128;12;7.50
2022-11-19;10:00;Cast Away;Adventure;Robert Zemeckis;2000;143;12;8.50
2022-11-18;10:30;Sense and Sensibility;Drama;Ang Lee;1995;136;0;8.00
2022-11-17;14:30;The Usual Suspects;Crime;Bryan Singer;1995;106;12;7.50
2022-11-17;12:30;Kôkaku Kidôtai;Animation;Mamoru Oshii;1995;83;12;8.50
2022-11-17;10:00;The Usual Suspects;Crime;Bryan Singer;1995;106;12;8.00
2022-11-16;16:00;City Lights;Comedy;Charles Chaplin;1931;87;0;8.00
2022-11-16;13:00;A Clockwork Orange;Crime;Stanley Kubrick;1971;136;12;7.50
2022-11-16;10:30;Touch of Evil;Crime;Orson Welles;1958;95;12;8.00
2022-11-15;15:30;The Kid;Comedy;Charles Chaplin;1921;68;12;7.50
2022-11-15;13:00;Hannah and Her Sisters;Comedy;Woody Allen;1986;107;12;7.00
2022-11-15;10:00;Le salaire de la peur;Adventure;Henri-Georges Clouzot;1953;131;0;7.50
2022-11-14;16:30;Gladiator;Action;Ridley Scott;2000;155;12;7.00
2022-11-14;13:30;The Magnificent Seven;Action;John Sturges;1960;128;12;7.50
2022-11-14;10:30;The Magnificent Seven;Action;John Sturges;1960;128;12;8.00
2022-11-13;18:00;Sense and Sensibility;Drama;Ang Lee;1995;136;0;10.00
2022-11-13;15:30;Rupan sansei: Kariosutoro no shiro;Animation;Hayao Miyazaki;1979;100;0;7.00
2022-11-13;12:00;Gladiator;Action;Ridley Scott;2000;155;12;7.50
2022-11-13;10:00;The Invisible Man;Horror;James Whale;1933;71;12;8.50
2022-11-12;18:00;Dances with Wolves;Adventure;Kevin Costner;1990;181;0;9.00
2022-11-12;15:30;Midnight Cowboy;Drama;John Schlesinger;1969;113;12;6.50
2022-11-12;13:30;The Invisible Man;Horror;James Whale;1933;71;12;8.50
2022-11-12;10:00;The Great Escape;Adventure;John Sturges;1963;172;0;8.50
2022-11-11;16:00;Der Himmel über Berlin;Drama;Wim Wenders;1987;128;0;7.50
2022-11-11;13:00;A Clockwork Orange;Crime;Stanley Kubrick;1971;136;12;7.00
2022-11-11;10:00;The Magnificent Seven;Action;John Sturges;1960;128;12;8.00
2022-11-10;10:00;A Streetcar Named Desire;Drama;Elia Kazan;1951;122;12;8.50
2022-11-09;16:30;Midnight Cowboy;Drama;John Schlesinger;1969;113;12;7.00
2022-11-09;13:30;The Hustler;Drama;Robert Rossen;1961;134;12;8.50
2022-11-09;10:30;Adaptation.;Comedy;Spike Jonze;2002;115;16;6.50
2022-11-08;12:30;Midnight Cowboy;Drama;John Schlesinger;1969;113;12;6.50
2022-11-08;10:00;Enter the Dragon;Action;Robert Clouse;1973;102;12;8.00
2022-11-07;13:00;Kôkaku Kidôtai;Animation;Mamoru Oshii;1995;83;12;8.50
2022-11-07;10:00;Cast Away;Adventure;Robert Zemeckis;2000;143;12;8.50
2022-11-06;18:00;Kôkaku Kidôtai;Animation;Mamoru Oshii;1995;83;12;9.00
2022-11-06;15:30;City Lights;Comedy;Charles Chaplin;1931;87;0;8.50
2022-11-06;13:00;Do lok tin si;Comedy;Kar-Wai Wong;1995;99;12;8.50
2022-11-06;10:30;Rupan sansei: Kariosutoro no shiro;Animation;Hayao Miyazaki;1979;100;0;7.00
2022-11-05;19:00;The Magnificent Seven;Action;John Sturges;1960;128;12;8.50
2022-11-05;16:30;Kôkaku Kidôtai;Animation;Mamoru Oshii;1995;83;12;7.50
2022-11-05;13:30;Le salaire de la peur;Adventure;Henri-Georges Clouzot;1953;131;0;7.50
2022-11-05;10:00;Gladiator;Action;Ridley Scott;2000;155;12;8.50
2022-11-04;14:00;Midnight Cowboy;Drama;John Schlesinger;1969;113;12;8.50
2022-11-04;10:30;Gladiator;Action;Ridley Scott;2000;155;12;7.00
2022-11-03;13:00;City Lights;Comedy;Charles Chaplin;1931;87;0;8.00
2022-11-03;10:30;Fargo;Crime;Joel Coen;1996;98;12;8.50
2022-11-02;10:30;O Brother, Where Art Thou?;Adventure;Joel Coen;2000;107;0;6.50
2022-11-01;10:00;Falling Down;Action;Joel Schumacher;1993;113;16;8.50
2022-10-31;16:30;Do lok tin si;Comedy;Kar-Wai Wong;1995;99;12;7.50
2022-10-31;14:00;Jungfrukällan;Drama;Ingmar Bergman;1960;89;12;7.50
2022-10-31;10:30;Judgment at Nuremberg;Drama;Stanley Kramer;1961;179;12;7.00
2022-10-30;17:00;Midnight Express;Biography;Alan Parker;1978;121;12;7.50
2022-10-30;14:30;Midnight Cowboy;Drama;John Schlesinger;1969;113;12;7.00
2022-10-30;10:30;The Deer Hunter;Drama;Michael Cimino;1978;183;12;8.50
2022-10-29;17:30;Predator;Action;John McTiernan;1987;107;12;8.50
2022-10-29;15:00;Do lok tin si;Comedy;Kar-Wai Wong;1995;99;12;7.00
2022-10-29;12:30;Do lok tin si;Comedy;Kar-Wai Wong;1995;99;12;7.00
2022-10-29;10:00;City Lights;Comedy;Charles Chaplin;1931;87;0;8.50
2022-10-28;10:00;His Girl Friday;Comedy;Howard Hawks;1940;92;12;6.50
2022-10-27;10:00;Cast Away;Adventure;Robert Zemeckis;2000;143;12;7.00
2022-10-26;13:00;The Hustler;Drama;Robert Rossen;1961;134;12;8.00
2022-10-26;10:30;O Brother, Where Art Thou?;Adventure;Joel Coen;2000;107;0;7.00
2022-10-25;13:00;A Streetcar Named Desire;Drama;Elia Kazan;1951;122;12;6.50
2022-10-25;10:00;Miller's Crossing;Crime;Joel Coen;1990;115;16;7.50
2022-10-24;12:00;O Brother, Where Art Thou?;Adventure;Joel Coen;2000;107;0;7.50
2022-10-24;10:00;Kôkaku Kidôtai;Animation;Mamoru Oshii;1995;83;12;7.00
2022-10-23;18:00;Kind Hearts and Coronets;Comedy;Robert Hamer;1949;106;0;9.50
2022-10-23;15:30;City Lights;Comedy;Charles Chaplin;1931;87;0;8.00
2022-10-23;13:00;O Brother, Where Art Thou?;Adventure;Joel Coen;2000;107;0;8.50
2022-10-23;10:30;Dark City;Mystery;Alex Proyas;1998;100;12;7.50
2022-10-22;17:00;Gladiator;Action;Ridley Scott;2000;155;12;8.00
2022-10-22;13:00;Judgment at Nuremberg;Drama;Stanley Kramer;1961;179;12;7.50
2022-10-22;10:30;Midnight Cowboy;Drama;John Schlesinger;1969;113;12;7.50
2022-10-21;10:30;Le salaire de la peur;Adventure;Henri-Georges Clouzot;1953;131;0;7.50
2022-10-20;16:00;Do lok tin si;Comedy;Kar-Wai Wong;1995;99;12;8.50
2022-10-20;13:30;Jungfrukällan;Drama;Ingmar Bergman;1960;89;12;8.00
2022-10-20;10:30;Le salaire de la peur;Adventure;Henri-Georges Clouzot;1953;131;0;8.50
2022-10-19;10:30;Dark City;Mystery;Alex Proyas;1998;100;12;6.50
2022-10-18;16:30;The Fugitive;Action;Andrew Davis;1993;130;0;8.50
2022-10-18;13:30;La Grande Illusion;Drama;Jean Renoir;1937;113;12;8.00
2022-10-18;10:00;Gladiator;Action;Ridley Scott;2000;155;12;8.00
2022-10-17;10:30;Sense and Sensibility;Drama;Ang Lee;1995;136;0;7.50
2022-10-16;15:00;Kind Hearts and Coronets;Comedy;Robert Hamer;1949;106;0;8.00
2022-10-16;12:30;O Brother, Where Art Thou?;Adventure;Joel Coen;2000;107;0;8.00
2022-10-16;10:00;Fargo;Crime;Joel Coen;1996;98;12;7.00
2022-10-15;18:30;The Hustler;Drama;Robert Rossen;1961;134;12;9.00
2022-10-15;16:00;O Brother, Where Art Thou?;Adventure;Joel Coen;2000;107;0;8.50
2022-10-15;13:00;The Hustler;Drama;Robert Rossen;1961;134;12;8.00
2022-10-15;10:00;Miller's Crossing;Crime;Joel Coen;1990;115;16;6.50
2022-10-14;13:00;Fargo;Crime;Joel Coen;1996;98;12;8.50
2022-10-14;10:00;The Hustler;Drama;Robert Rossen;1961;134;12;7.50
2022-10-13;13:00;Dark City;Mystery;Alex Proyas;1998;100;12;7.50
2022-10-13;10:00;The Hustler;Drama;Robert Rossen;1961;134;12;8.00
2022-10-12;10:30;Der Himmel über Berlin;Drama;Wim Wenders;1987;128;0;8.50
2022-10-11;13:00;Gladiator;Action;Ridley Scott;2000;155;12;8.00
2022-10-11;10:30;His Girl Friday;Comedy;Howard Hawks;1940;92;12;7.00
2022-10-10;10:30;Doctor Zhivago;Drama;David Lean;1965;197;12;7.50
2022-10-09;17:00;The Straight Story;Biography;David Lynch;1999;112;0;8.50
2022-10-09;14:30;Do lok tin si;Comedy;Kar-Wai Wong;1995;99;12;7.00
2022-10-09;10:30;Judgment at Nuremberg;Drama;Stanley Kramer;1961;179;12;8.00
2022-10-08;18:00;Zerkalo;Biography;Andrei Tarkovsky;1975;107;0;9.00
2022-10-08;15:30;12 Angry Men;Crime;Sidney Lumet;1957;96;0;6.50
2022-10-08;12:30;I Am Sam;Drama;Jessie Nelson;2001;132;12;8.50
2022-10-08;10:00;Kind Hearts and Coronets;Comedy;Robert Hamer;1949;106;0;8.50
2022-10-07;13:00;Miller's Crossing;Crime;Joel Coen;1990;115;16;7.50
2022-10-07;10:00;The Fugitive;Action;Andrew Davis;1993;130;0;7.00
2022-10-06;16:00;Kind Hearts and Coronets;Comedy;Robert Hamer;1949;106;0;8.50
2022-10-06;13:30;Raiders of the Lost Ark;Action;Steven Spielberg;1981;115;12;7.00
2022-10-06;10:30;The Hustler;Drama;Robert Rossen;1961;134;12;7.00
2022-10-05;13:30;Hable con ella;Drama;Pedro Almodóvar;2002;112;16;7.50
2022-10-05;10:00;The Great Escape;Adventure;John Sturges;1963;172;0;8.50
2022-10-04;15:30;What's Eating Gilbert Grape;Drama;Lasse Hallström;1993;118;0;6.50
2022-10-04;13:00;Tonari no Totoro;Animation;Hayao Miyazaki;1988;86;0;6.50
2022-10-04;10:00;La Grande Illusion;Drama;Jean Renoir;1937;113;12;7.00
2022-10-03;12:00;I Am Sam;Drama;Jessie Nelson;2001;132;12;7.00
2022-10-03;10:00;Love and Death;Comedy;Woody Allen;1975;85;6;8.50
2022-10-02;18:30;12 Angry Men;Crime;Sidney Lumet;1957;96;0;10.00
2022-10-02;15:30;Some Like It Hot;Comedy;Billy Wilder;1959;121;0;8.00
2022-10-02;13:00;His Girl Friday;Comedy;Howard Hawks;1940;92;12;8.00
2022-10-02;10:00;Per qualche dollaro in più;Western;Sergio Leone;1965;132;0;7.00
2022-10-01;16:00;Some Like It Hot;Comedy;Billy Wilder;1959;121;0;7.00
2022-10-01;13:00;The Fugitive;Action;Andrew Davis;1993;130;0;7.50
2022-10-01;10:30;Lifeboat;Drama;Alfred Hitchcock;1944;97;12;6.50
2022-09-30;10:00;Do lok tin si;Comedy;Kar-Wai Wong;1995;99;12;6.50
2022-09-29;15:30;The Hustler;Drama;Robert Rossen;1961;134;12;8.50
2022-09-29;13:00;La Grande Illusion;Drama;Jean Renoir;1937;113;12;7.00
2022-09-29;10:30;12 Angry Men;Crime;Sidney Lumet;1957;96;0;8.00
2022-09-28;12:30;The Great Escape;Adventure;John Sturges;1963;172;0;7.00
2022-09-28;10:00;Fargo;Crime;Joel Coen;1996;98;12;7.50
2022-09-27;12:30;The Deer Hunter;Drama;Michael Cimino;1978;183;12;8.00
2022-09-27;10:00;Do lok tin si;Comedy;Kar-Wai Wong;1995;99;12;8.50
2022-09-26;10:30;The Deer Hunter;Drama;Michael Cimino;1978;183;12;7.50
2022-09-25;16:00;Doctor Zhivago;Drama;David Lean;1965;197;12;6.50
2022-09-25;13:30;His Girl Friday;Comedy;Howard Hawks;1940;92;12;7.00
2022-09-25;10:30;Hable con ella;Drama;Pedro Almodóvar;2002;112;16;7.00
2022-09-24;20:00;A Streetcar Named Desire;Drama;Elia Kazan;1951;122;12;9.50
2022-09-24;17:00;Per qualche dollaro in più;Western;Sergio Leone;1965;132;0;7.50
2022-09-24;13:00;The Great Escape;Adventure;John Sturges;1963;172;0;8.00
2022-09-24;10:30;Tonari no Totoro;Animation;Hayao Miyazaki;1988;86;0;6.50
2022-09-23;12:30;Vivre sa vie: Film en douze tableaux;Drama;Jean-Luc Godard;1962;80;12;6.50
2022-09-23;10:00;Vivre sa vie: Film en douze tableaux;Drama;Jean-Luc Godard;1962;80;12;6.50
2022-09-22;10:30;Lifeboat;Drama;Alfred Hitchcock;1944;97;12;6.50
2022-09-21;10:30;Doctor Zhivago;Drama;David Lean;1965;197;12;8.00
2022-09-20;10:00;Doctor Zhivago;Drama;David Lean;1965;197;12;7.00
2022-09-19;13:30;Doctor Zhivago;Drama;David Lean;1965;197;12;8.50
2022-09-19;10:30;Some Like It Hot;Comedy;Billy Wilder;1959;121;0;8.00
2022-09-18;19:00;Judgment at Nuremberg;Drama;Stanley Kramer;1961;179;12;9.50
2022-09-18;15:30;The Great Escape;Adventure;John Sturges;1963;172;0;7.00
2022-09-18;13:00;The Innocents;Horror;Jack Clayton;1961;100;12;8.00
2022-09-18;10:30;The Innocents;Horror;Jack Clayton;1961;100;12;6.50
2022-09-17;16:30;Doctor Zhivago;Drama;David Lean;1965;197;12;8.00
2022-09-17;12:30;The Great Escape;Adventure;John Sturges;1963;172;0;7.50
2022-09-17;10:00;Zerkalo;Biography;Andrei Tarkovsky;1975;107;0;8.00
2022-09-16;10:00;Lifeboat;Drama;Alfred Hitchcock;1944;97;12;8.00
2022-09-15;12:30;A Streetcar Named Desire;Drama;Elia Kazan;1951;122;12;8.50
2022-09-15;10:00;Tonari no Totoro;Animation;Hayao Miyazaki;1988;86;0;8.00
2022-09-14;10:30;All About Eve;Drama;Joseph L. Mankiewicz;1950;138;12;7.00
2022-09-13;13:30;His Girl Friday;Comedy;Howard Hawks;1940;92;12;8.00
2022-09-13;10:00;Ran;Action;Akira Kurosawa;1985;162;0;7.50
2022-09-12;10:30;Raiders of the Lost Ark;Action;Steven Spielberg;1981;115;12;8.50
2022-09-11;19:30;Scarface: The Shame of the Nation;Action;Howard Hawks;1932;93;6;10.00
2022-09-11;16:30;All About Eve;Drama;Joseph L. Mankiewicz;1950;138;12;8.50
2022-09-11;12:30;Judgment at Nuremberg;Drama;Stanley Kramer;1961;179;12;6.50
2022-09-11;10:00;To Have and Have Not;Adventure;Howard Hawks;1944;100;6;8.50
2022-09-10;15:30;My Cousin Vinny;Comedy;Jonathan Lynn;1992;120;12;8.50
2022-09-10;13:00;Tonari no Totoro;Animation;Hayao Miyazaki;1988;86;0;6.50
2022-09-10;10:00;Raiders of the Lost Ark;Action;Steven Spielberg;1981;115;12;7.00
2022-09-09;13:30;Raging Bull;Biography;Martin Scorsese;1980;129;12;7.00
2022-09-09;10:30;I Am Sam;Drama;Jessie Nelson;2001;132;12;7.50
2022-09-08;10:00;Tonari no Totoro;Animation;Hayao Miyazaki;1988;86;0;8.50
2022-09-07;16:00;I Am Sam;Drama;Jessie Nelson;2001;132;12;8.00
2022-09-07;13:00;Gilda;Drama;Charles Vidor;1946;110;12;7.00
2022-09-07;10:00;I Am Sam;Drama;Jessie Nelson;2001;132;12;7.50
2022-09-06;13:00;Hable con ella;Drama;Pedro Almodóvar;2002;112;16;7.50
2022-09-06;10:30;Kramer vs. Kramer;Drama;Robert Benton;1979;105;12;7.50
2022-09-05;12:30;The Innocents;Horror;Jack Clayton;1961;100;12;7.50
2022-09-05;10:00;Kramer vs. Kramer;Drama;Robert Benton;1979;105;12;7.50
2022-09-04;18:30;Hable con ella;Drama;Pedro Almodóvar;2002;112;16;10.00
2022-09-04;15:30;Raiders of the Lost Ark;Action;Steven Spielberg;1981;115;12;8.50
2022-09-04;13:00;Ferris Bueller's Day Off;Comedy;John Hughes;1986;103;0;7.00
2022-09-04;10:00;A Streetcar Named Desire;Drama;Elia Kazan;1951;122;12;7.50
2022-09-03;19:30;My Cousin Vinny;Comedy;Jonathan Lynn;1992;120;12;10.00
2022-09-03;16:00;Ran;Action;Akira Kurosawa;1985;162;0;7.00
2022-09-03;13:30;Love and Death;Comedy;Woody Allen;1975;85;6;8.50
2022-09-03;10:30;Raiders of the Lost Ark;Action;Steven Spielberg;1981;115;12;7.00
2022-09-02;15:30;Zerkalo;Biography;Andrei Tarkovsky;1975;107;0;6.50
2022-09-02;13:30;Evil Dead II;Action;Sam Raimi;1987;84;12;7.00
2022-09-02;10:30;Road to Perdition;Crime;Sam Mendes;2002;117;12;8.00
2022-09-01;14:30;Gilda;Drama;Charles Vidor;1946;110;12;6.50
2022-09-01;10:30;Dilwale Dulhania Le Jayenge;Drama;Aditya Chopra;1995;189;0;6.50
2022-08-31;10:30;Kramer vs. Kramer;Drama;Robert Benton;1979;105;12;8.50
2022-08-30;15:00;Kramer vs. Kramer;Drama;Robert Benton;1979;105;12;7.00
2022-08-30;12:30;Road to Perdition;Crime;Sam Mendes;2002;117;12;7.50
2022-08-30;10:00;Lifeboat;Drama;Alfred Hitchcock;1944;97;12;8.50
2022-08-29;14:30;Love and Death;Comedy;Woody Allen;1975;85;6;7.00
2022-08-29;10:30;Dilwale Dulhania Le Jayenge;Drama;Aditya Chopra;1995;189;0;7.00
2022-08-28;16:30;Lifeboat;Drama;Alfred Hitchcock;1944;97;12;7.00
2022-08-28;13:30;Raging Bull;Biography;Martin Scorsese;1980;129;12;8.50
2022-08-28;10:30;Memento;Mystery;Christopher Nolan;2000;113;12;8.00
2022-08-27;18:30;Ran;Action;Akira Kurosawa;1985;162;0;9.50
2022-08-27;16:00;Lifeboat;Drama;Alfred Hitchcock;1944;97;12;7.00
2022-08-27;13:00;Raging Bull;Biography;Martin Scorsese;1980;129;12;8.00
2022-08-27;10:30;Raiders of the Lost Ark;Action;Steven Spielberg;1981;115;12;7.00
2022-08-26;10:30;A Streetcar Named Desire;Drama;Elia Kazan;1951;122;12;8.00
2022-08-25;15:30;A Hard Day's Night;Comedy;Richard Lester;1964;87;0;6.50
2022-08-25;12:30;Night on Earth;Comedy;Jim Jarmusch;1991;129;16;7.50
2022-08-25;10:00;Lifeboat;Drama;Alfred Hitchcock;1944;97;12;8.50
2022-08-24;10:30;12 Angry Men;Crime;Sidney Lumet;1957;96;0;7.00
2022-08-23;12:30;Notorious;Drama;Alfred Hitchcock;1946;102;0;7.00
2022-08-23;10:00;Gilda;Drama;Charles Vidor;1946;110;12;7.00
2022-08-22;12:30;Love and Death;Comedy;Woody Allen;1975;85;6;7.00
2022-08-22;10:00;Mimi wo sumaseba;Animation;Yoshifumi Kondô;1995;111;0;8.50
2022-08-21;16:00;The Innocents;Horror;Jack Clayton;1961;100;12;8.50
2022-08-21;13:00;Donnie Brasco;Biography;Mike Newell;1997;127;12;7.00
2022-08-21;10:30;Road to Perdition;Crime;Sam Mendes;2002;117;12;6.50
2022-08-20;16:00;Dilwale Dulhania Le Jayenge;Drama;Aditya Chopra;1995;189;0;7.50
2022-08-20;13:30;The Innocents;Horror;Jack Clayton;1961;100;12;7.50
2022-08-20;10:30;Tôkyô monogatari;Drama;Yasujirô Ozu;1953;136;0;8.50
2022-08-19;13:30;My Cousin Vinny;Comedy;Jonathan Lynn;1992;120;12;7.00
2022-08-19;10:30;My Cousin Vinny;Comedy;Jonathan Lynn;1992;120;12;7.00
2022-08-18;15:30;Sense and Sensibility;Drama;Ang Lee;1995;136;0;6.50
2022-08-18;12:30;Road to Perdition;Crime;Sam Mendes;2002;117;12;6.50
2022-08-18;10:00;To Have and Have Not;Adventure;Howard Hawks;1944;100;6;7.50
2022-08-17;10:30;Night on Earth;Comedy;Jim Jarmusch;1991;129;16;8.00
2022-08-16;16:30;Raiders of the Lost Ark;Action;Steven Spielberg;1981;115;12;8.00
2022-08-16;13:30;Sense and Sensibility;Drama;Ang Lee;1995;136;0;7.50
2022-08-16;10:30;My Cousin Vinny;Comedy;Jonathan Lynn;1992;120;12;7.00
2022-08-15;13:00;Batman: Mask of the Phantasm;Animation;Kevin Altieri;1993;76;6;8.50
2022-08-15;10:30;Kramer vs. Kramer;Drama;Robert Benton;1979;105;12;6.50
2022-08-14;16:00;Raging Bull;Biography;Martin Scorsese;1980;129;12;6.50
2022-08-14;13:30;The Graduate;Comedy;Mike Nichols;1967;106;12;7.50
2022-08-14;10:30;North by Northwest;Adventure;Alfred Hitchcock;1959;136;0;7.50
2022-08-13;18:30;Raging Bull;Biography;Martin Scorsese;1980;129;12;8.50
2022-08-13;15:30;Tôkyô monogatari;Drama;Yasujirô Ozu;1953;136;0;8.50
2022-08-13;13:00;South Park: Bigger, Longer & Uncut;Animation;Trey Parker;1999;81;12;6.50
2022-08-13;10:30;Scarface: The Shame of the Nation;Action;Howard Hawks;1932;93;6;7.00
2022-08-12;16:00;Kramer vs. Kramer;Drama;Robert Benton;1979;105;12;7.50
2022-08-12;13:30;To Be or Not to Be;Comedy;Ernst Lubitsch;1942;99;12;8.00
2022-08-12;10:00;Carlito's Way;Crime;Brian De Palma;1993;144;12;6.50
2022-08-11;12:00;Memento;Mystery;Christopher Nolan;2000;113;12;8.50
2022-08-11;10:00;The Invisible Man;Horror;James Whale;1933;71;12;6.50
2022-08-10;10:00;The Bridge on the River Kwai;Adventure;David Lean;1957;161;6;7.00
2022-08-09;10:30;Vivre sa vie: Film en douze tableaux;Drama;Jean-Luc Godard;1962;80;12;6.50
2022-08-08;16:30;Tôkyô monogatari;Drama;Yasujirô Ozu;1953;136;0;7.50
2022-08-08;13:30;Raging Bull;Biography;Martin Scorsese;1980;129;12;8.50
2022-08-08;10:30;Per qualche dollaro in più;Western;Sergio Leone;1965;132;0;8.50
2022-08-07;15:30;La dolce vita;Comedy;Federico Fellini;1960;174;12;8.00
2022-08-07;13:00;The Graduate;Comedy;Mike Nichols;1967;106;12;8.00
2022-08-07;10:30;Misery;Drama;Rob Reiner;1990;107;16;8.50
2022-08-06;15:00;Vivre sa vie: Film en douze tableaux;Drama;Jean-Luc Godard;1962;80;12;6.50
2022-08-06;12:30;Scarface: The Shame of the Nation;Action;Howard Hawks;1932;93;6;7.00
2022-08-06;10:00;Kind Hearts and Coronets;Comedy;Robert Hamer;1949;106;0;7.50
2022-08-05;13:00;Casablanca;Drama;Michael Curtiz;1942;102;0;7.50
2022-08-05;10:30;Who Framed Roger Rabbit;Animation;Robert Zemeckis;1988;104;0;7.50
2022-08-04;10:30;Fanny och Alexander;Drama;Ingmar Bergman;1982;188;12;7.50
2022-08-03;10:00;High Noon;Drama;Fred Zinnemann;1952;85;6;7.50
2022-08-02;15:30;Kind Hearts and Coronets;Comedy;Robert Hamer;1949;106;0;6.50
2022-08-02;12:30;My Cousin Vinny;Comedy;Jonathan Lynn;1992;120;12;7.50
2022-08-02;10:00;Scarface: The Shame of the Nation;Action;Howard Hawks;1932;93;6;8.00
2022-08-01;14:00;Donnie Brasco;Biography;Mike Newell;1997;127;12;8.50
2022-08-01;10:00;Dilwale Dulhania Le Jayenge;Drama;Aditya Chopra;1995;189;0;6.50
2022-07-31;16:00;The Graduate;Comedy;Mike Nichols;1967;106;12;7.00
2022-07-31;13:00;Donnie Brasco;Biography;Mike Newell;1997;127;12;7.50
2022-07-31;10:30;Remember the Titans;Biography;Boaz Yakin;2000;113;0;8.50
2022-07-30;15:30;Snatch;Comedy;Guy Ritchie;2000;104;12;7.00
2022-07-30;13:00;Waking Life;Animation;Richard Linklater;2001;99;16;7.50
2022-07-30;10:30;Casablanca;Drama;Michael Curtiz;1942;102;0;6.50
2022-07-29;10:00;Snatch;Comedy;Guy Ritchie;2000;104;12;6.50
2022-07-28;10:30;La dolce vita;Comedy;Federico Fellini;1960;174;12;7.00
2022-07-27;12:30;North by Northwest;Adventure;Alfred Hitchcock;1959;136;0;8.50
2022-07-27;10:30;Vivre sa vie: Film en douze tableaux;Drama;Jean-Luc Godard;1962;80;12;8.00
2022-07-26;17:00;Dom za vesanje;Comedy;Emir Kusturica;1988;142;16;8.50
2022-07-26;13:30;The Bridge on the River Kwai;Adventure;David Lean;1957;161;6;7.50
2022-07-26;10:30;The Elephant Man;Biography;David Lynch;1980;124;12;7.00
2022-07-25;13:30;The Elephant Man;Biography;David Lynch;1980;124;12;7.50
2022-07-25;10:30;Memento;Mystery;Christopher Nolan;2000;113;12;7.50
2022-07-24;14:30;Vivre sa vie: Film en douze tableaux;Drama;Jean-Luc Godard;1962;80;12;8.50
2022-07-24;12:30;The Invisible Man;Horror;James Whale;1933;71;12;7.00
2022-07-24;10:00;Det sjunde inseglet;Drama;Ingmar Bergman;1957;96;12;8.00
2022-07-23;19:30;North by Northwest;Adventure;Alfred Hitchcock;1959;136;0;10.00
2022-07-23;15:30;Fiddler on the Roof;Drama;Norman Jewison;1971;181;0;7.50
2022-07-23;13:00;Gilda;Drama;Charles Vidor;1946;110;12;8.50
2022-07-23;10:30;The Lady Vanishes;Mystery;Alfred Hitchcock;1938;96;12;7.00
2022-07-22;15:30;La dolce vita;Comedy;Federico Fellini;1960;174;12;7.50
2022-07-22;12:30;Raging Bull;Biography;Martin Scorsese;1980;129;12;8.50
2022-07-22;10:00;Who Framed Roger Rabbit;Animation;Robert Zemeckis;1988;104;0;7.50
2022-07-21;12:30;La dolce vita;Comedy;Federico Fellini;1960;174;12;7.50
2022-07-21;10:00;The Lady Vanishes;Mystery;Alfred Hitchcock;1938;96;12;7.50
2022-07-20;17:00;Evil Dead II;Action;Sam Raimi;1987;84;12;6.50
2022-07-20;13:00;Fiddler on the Roof;Drama;Norman Jewison;1971;181;0;8.50
2022-07-20;10:30;Barton Fink;Comedy;Joel Coen;1991;116;0;7.50
2022-07-19;16:30;South Park: Bigger, Longer & Uncut;Animation;Trey Parker;1999;81;12;7.00
2022-07-19;13:00;The Pianist;Biography;Roman Polanski;2002;150;16;8.00
2022-07-19;10:00;Barton Fink;Comedy;Joel Coen;1991;116;0;8.50
2022-07-18;12:00;The Lady Vanishes;Mystery;Alfred Hitchcock;1938;96;12;8.00
2022-07-18;10:00;The Invisible Man;Horror;James Whale;1933;71;12;7.00
2022-07-17;16:30;Memento;Mystery;Christopher Nolan;2000;113;12;7.50
2022-07-17;13:00;All Quiet on the Western Front;Drama;Lewis Milestone;1930;152;0;6.50
2022-07-17;10:30;Bacheha-Ye aseman;Drama;Majid Majidi;1997;89;6;6.50
2022-07-16;18:00;The Elephant Man;Biography;David Lynch;1980;124;12;9.50
2022-07-16;15:30;Mimi wo sumaseba;Animation;Yoshifumi Kondô;1995;111;0;7.00
2022-07-16;13:00;Misery;Drama;Rob Reiner;1990;107;16;7.00
2022-07-16;10:30;Who Framed Roger Rabbit;Animation;Robert Zemeckis;1988;104;0;8.50
2022-07-15;16:00;Casablanca;Drama;Michael Curtiz;1942;102;0;8.00
2022-07-15;13:00;Dom za vesanje;Comedy;Emir Kusturica;1988;142;16;6.50
2022-07-15;10:30;To Be or Not to Be;Comedy;Ernst Lubitsch;1942;99;12;6.50
2022-07-14;10:00;Gone with the Wind;Drama;Victor Fleming;1939;238;0;8.00
2022-07-13;13:30;Tôkyô monogatari;Drama;Yasujirô Ozu;1953;136;0;6.50
2022-07-13;10:00;The Bridge on the River Kwai;Adventure;David Lean;1957;161;6;8.00
2022-07-12;10:00;Fiddler on the Roof;Drama;Norman Jewison;1971;181;0;6.50
2022-07-11;16:00;Per qualche dollaro in più;Western;Sergio Leone;1965;132;0;7.00
2022-07-11;13:30;High Noon;Drama;Fred Zinnemann;1952;85;6;7.00
2022-07-11;10:00;Carlito's Way;Crime;Brian De Palma;1993;144;12;6.50
2022-07-10;15:30;Snatch;Comedy;Guy Ritchie;2000;104;12;8.50
2022-07-10;13:00;The Lady Vanishes;Mystery;Alfred Hitchcock;1938;96;12;8.00
2022-07-10;10:30;Waking Life;Animation;Richard Linklater;2001;99;16;6.50
2022-07-09;16:30;Fiddler on the Roof;Drama;Norman Jewison;1971;181;0;7.00
2022-07-09;14:00;High Noon;Drama;Fred Zinnemann;1952;85;6;8.00
2022-07-09;10:00;Fiddler on the Roof;Drama;Norman Jewison;1971;181;0;7.00
2022-07-08;16:00;Bacheha-Ye aseman;Drama;Majid Majidi;1997;89;6;8.50
2022-07-08;13:30;The Sixth Sense;Drama;M. Night Shyamalan;1999;107;12;8.00
2022-07-08;10:00;Gladiator;Action;Ridley Scott;2000;155;12;7.00
2022-07-07;13:00;Arsenic and Old Lace;Comedy;Frank Capra;1942;118;12;8.00
2022-07-07;10:30;Planet of the Apes;Adventure;Franklin J. Schaffner;1968;112;0;8.50
2022-07-06;13:00;Snatch;Comedy;Guy Ritchie;2000;104;12;8.50
2022-07-06;10:00;Planet of the Apes;Adventure;Franklin J. Schaffner;1968;112;0;7.00
2022-07-05;10:00;Casablanca;Drama;Michael Curtiz;1942;102;0;7.50
2022-07-04;10:00;Reservoir Dogs;Crime;Quentin Tarantino;1992;99;16;8.50
2022-07-03;19:30;Planet of the Apes;Adventure;Franklin J. Schaffner;1968;112;0;10.00
2022-07-03;17:00;Planet of the Apes;Adventure;Franklin J. Schaffner;1968;112;0;8.00
2022-07-03;13:30;The Pianist;Biography;Roman Polanski;2002;150;16;7.50
2022-07-03;10:00;The Bridge on the River Kwai;Adventure;David Lean;1957;161;6;8.50
2022-07-02;15:30;Misery;Drama;Rob Reiner;1990;107;16;6.50
2022-07-02;13:00;A Hard Day's Night;Comedy;Richard Lester;1964;87;0;6.50
2022-07-02;10:30;Misery;Drama;Rob Reiner;1990;107;16;7.50
2022-07-01;13:00;Fiddler on the Roof;Drama;Norman Jewison;1971;181;0;8.50
2022-07-01;10:00;Predator;Action;John McTiernan;1987;107;12;7.00
2022-06-30;14:00;Star Wars: Episode VI - Return of the Jedi;Action;Richard Marquand;1983;131;0;6.50
2022-06-30;10:30;All Quiet on the Western Front;Drama;Lewis Milestone;1930;152;0;6.50
2022-06-29;10:00;The Sixth Sense;Drama;M. Night Shyamalan;1999;107;12;8.50
2022-06-28;10:30;The Night of the Hunter;Crime;Charles Laughton;1955;92;12;6.50
2022-06-27;16:30;Abre los ojos;Drama;Alejandro Amenábar;1997;119;0;7.00
2022-06-27;13:00;Dom za vesanje;Comedy;Emir Kusturica;1988;142;16;7.50
2022-06-27;10:30;Vampire Hunter D: Bloodlust;Animation;Yoshiaki Kawajiri;2000;103;0;7.00
2022-06-26;17:30;All Quiet on the Western Front;Drama;Lewis Milestone;1930;152;0;8.00
2022-06-26;15:00;Snatch;Comedy;Guy Ritchie;2000;104;12;7.50
2022-06-26;10:00;Gone with the Wind;Drama;Victor Fleming;1939;238;0;7.00
2022-06-25;20:00;Bacheha-Ye aseman;Drama;Majid Majidi;1997;89;6;10.00
2022-06-25;16:00;The Green Mile;Crime;Frank Darabont;1999;189;12;6.50
2022-06-25;12:30;The Pianist;Biography;Roman Polanski;2002;150;16;8.00
2022-06-25;10:00;The Night of the Hunter;Crime;Charles Laughton;1955;92;12;7.50
2022-06-24;16:30;The Night of the Hunter;Crime;Charles Laughton;1955;92;12;7.00
2022-06-24;13:00;The Pianist;Biography;Roman Polanski;2002;150;16;7.00
2022-06-24;10:30;The Night of the Hunter;Crime;Charles Laughton;1955;92;12;8.00
2022-06-23;10:30;Arsenic and Old Lace;Comedy;Frank Capra;1942;118;12;6.50
2022-06-22;13:00;Lawrence of Arabia;Adventure;David Lean;1962;228;0;7.00
2022-06-22;10:30;Planet of the Apes;Adventure;Franklin J. Schaffner;1968;112;0;8.00
2022-06-21;13:00;Peeping Tom;Drama;Michael Powell;1960;101;12;6.50
2022-06-21;10:30;Snatch;Comedy;Guy Ritchie;2000;104;12;7.50
2022-06-20;17:00;Snatch;Comedy;Guy Ritchie;2000;104;12;7.50
2022-06-20;13:30;All Quiet on the Western Front;Drama;Lewis Milestone;1930;152;0;7.50
2022-06-20;10:30;8½;Drama;Federico Fellini;1963;138;12;7.50
2022-06-19;19:00;Who's Afraid of Virginia Woolf?;Drama;Mike Nichols;1966;131;12;8.50
2022-06-19;16:00;Star Wars: Episode VI - Return of the Jedi;Action;Richard Marquand;1983;131;0;7.00
2022-06-19;13:00;Abre los ojos;Drama;Alejandro Amenábar;1997;119;0;6.50
2022-06-19;10:30;The Night of the Hunter;Crime;Charles Laughton;1955;92;12;7.00
2022-06-18;20:30;La règle du jeu;Comedy;Jean Renoir;1939;110;12;9.50
2022-06-18;16:30;Fiddler on the Roof;Drama;Norman Jewison;1971;181;0;7.50
2022-06-18;12:30;The Green Mile;Crime;Frank Darabont;1999;189;12;6.50
2022-06-18;10:00;Days of Heaven;Drama;Terrence Malick;1978;94;6;8.00
2022-06-17;13:30;High Noon;Drama;Fred Zinnemann;1952;85;6;6.50
2022-06-17;10:00;The Pianist;Biography;Roman Polanski;2002;150;16;7.00
2022-06-16;16:00;Planet of the Apes;Adventure;Franklin J. Schaffner;1968;112;0;6.50
2022-06-16;13:00;Who's Afraid of Virginia Woolf?;Drama;Mike Nichols;1966;131;12;6.50
2022-06-16;10:30;The Sixth Sense;Drama;M. Night Shyamalan;1999;107;12;8.00
2022-06-15;15:30;All Quiet on the Western Front;Drama;Lewis Milestone;1930;152;0;8.50
2022-06-15;13:00;Reservoir Dogs;Crime;Quentin Tarantino;1992;99;16;8.00
2022-06-15;10:00;The Fifth Element;Action;Luc Besson;1997;126;12;8.00
2022-06-14;10:30;The Pianist;Biography;Roman Polanski;2002;150;16;7.00
2022-06-13;17:00;The Elephant Man;Biography;David Lynch;1980;124;12;6.50
2022-06-13;13:00;Titanic;Drama;James Cameron;1997;194;12;8.50
2022-06-13;10:00;Star Wars: Episode VI - Return of the Jedi;Action;Richard Marquand;1983;131;0;8.00
2022-06-12;15:00;Abre los ojos;Drama;Alejandro Amenábar;1997;119;0;8.50
2022-06-12;12:30;Det sjunde inseglet;Drama;Ingmar Bergman;1957;96;12;6.50
2022-06-12;10:00;Predator;Action;John McTiernan;1987;107;12;8.00
2022-06-11;18:30;Vampire Hunter D: Bloodlust;Animation;Yoshiaki Kawajiri;2000;103;0;9.00
2022-06-11;16:00;The Third Man;Film-Noir;Carol Reed;1949;104;12;8.50
2022-06-11;13:00;Star Wars: Episode VI - Return of the Jedi;Action;Richard Marquand;1983;131;0;7.00
2022-06-11;10:00;La règle du jeu;Comedy;Jean Renoir;1939;110;12;6.50
2022-06-10;16:30;Who's Afraid of Virginia Woolf?;Drama;Mike Nichols;1966;131;12;8.50
2022-06-10;14:00;Deliverance;Adventure;John Boorman;1972;109;0;7.00
2022-06-10;10:00;Titanic;Drama;James Cameron;1997;194;12;7.00
2022-06-09;12:30;Star Wars: Episode VI - Return of the Jedi;Action;Richard Marquand;1983;131;0;8.50
2022-06-09;10:00;Vampire Hunter D: Bloodlust;Animation;Yoshiaki Kawajiri;2000;103;0;6.50
2022-06-08;13:30;Lawrence of Arabia;Adventure;David Lean;1962;228;0;6.50
2022-06-08;10:30;Arsenic and Old Lace;Comedy;Frank Capra;1942;118;12;7.50
2022-06-07;10:30;The French Connection;Action;William Friedkin;1971;104;12;7.00
2022-06-06;10:30;White Heat;Action;Raoul Walsh;1949;114;12;7.00
2022-06-05;18:30;Peeping Tom;Drama;Michael Powell;1960;101;12;9.00
2022-06-05;16:00;La règle du jeu;Comedy;Jean Renoir;1939;110;12;8.00
2022-06-05;13:30;Deliverance;Adventure;John Boorman;1972;109;0;8.00
2022-06-05;10:30;Some Like It Hot;Comedy;Billy Wilder;1959;121;0;7.00
2022-06-04;19:00;The Sixth Sense;Drama;M. Night Shyamalan;1999;107;12;8.50
2022-06-04;16:00;White Heat;Action;Raoul Walsh;1949;114;12;7.00
2022-06-04;13:00;Brazil;Drama;Terry Gilliam;1985;132;0;8.00
2022-06-04;10:00;La règle du jeu;Comedy;Jean Renoir;1939;110;12;6.50
2022-06-03;10:30;The Lost Weekend;Drama;Billy Wilder;1945;101;12;7.50
2022-06-02;16:30;The Fifth Element;Action;Luc Besson;1997;126;12;8.50
2022-06-02;13:30;Some Like It Hot;Comedy;Billy Wilder;1959;121;0;8.50
2022-06-02;10:30;Das Experiment;Drama;Oliver Hirschbiegel;2001;120;16;6.50
2022-06-01;10:00;Peeping Tom;Drama;Michael Powell;1960;101;12;7.50
2022-05-31;16:00;Days of Heaven;Drama;Terrence Malick;1978;94;6;8.00
2022-05-31;13:30;Vampire Hunter D: Bloodlust;Animation;Yoshiaki Kawajiri;2000;103;0;8.00
2022-05-31;10:30;The Fifth Element;Action;Luc Besson;1997;126;12;7.00
2022-05-30;10:30;Brazil;Drama;Terry Gilliam;1985;132;0;7.50
2022-05-29;18:00;Vampire Hunter D: Bloodlust;Animation;Yoshiaki Kawajiri;2000;103;0;10.00
2022-05-29;15:30;The Night of the Hunter;Crime;Charles Laughton;1955;92;12;6.50
2022-05-29;13:00;Vampire Hunter D: Bloodlust;Animation;Yoshiaki Kawajiri;2000;103;0;8.50
2022-05-29;10:00;Donnie Brasco;Biography;Mike Newell;1997;127;12;8.00
2022-05-28;18:00;Deliverance;Adventure;John Boorman;1972;109;0;9.00
2022-05-28;15:30;The Night of the Hunter;Crime;Charles Laughton;1955;92;12;7.50
2022-05-28;13:00;White Heat;Action;Raoul Walsh;1949;114;12;7.50
2022-05-28;10:30;Le samouraï;Crime;Jean-Pierre Melville;1967;105;12;6.50
2022-05-27;13:30;Peeping Tom;Drama;Michael Powell;1960;101;12;7.00
2022-05-27;10:30;Das Experiment;Drama;Oliver Hirschbiegel;2001;120;16;7.00
2022-05-26;18:00;Twelve Monkeys;Mystery;Terry Gilliam;1995;129;12;9.00
2022-05-26;15:00;The Fifth Element;Action;Luc Besson;1997;126;12;7.50
2022-05-26;10:30;The Godfather: Part II;Crime;Francis Ford Coppola;1974;202;12;7.00
2022-05-25;16:00;Das Experiment;Drama;Oliver Hirschbiegel;2001;120;16;7.50
2022-05-25;13:00;Omohide poro poro;Animation;Isao Takahata;1991;118;0;7.50
2022-05-25;10:00;Ordinary People;Drama;Robert Redford;1980;124;0;7.50
2022-05-24;13:30;Dil Chahta Hai;Comedy;Farhan Akhtar;2001;183;12;7.50
2022-05-24;10:00;The Godfather;Crime;Francis Ford Coppola;1972;175;12;8.00
2022-05-23;15:30;Sunrise: A Song of Two Humans;Drama;F.W. Murnau;1927;94;12;8.50
2022-05-23;12:30;The Fifth Element;Action;Luc Besson;1997;126;12;8.00
2022-05-23;10:00;Vampire Hunter D: Bloodlust;Animation;Yoshiaki Kawajiri;2000;103;0;7.50
2022-05-22;17:30;Dawn of the Dead;Action;George A. Romero;1978;127;12;8.00
2022-05-22;14:30;Some Like It Hot;Comedy;Billy Wilder;1959;121;0;8.00
2022-05-22;10:30;Titanic;Drama;James Cameron;1997;194;12;8.50
2022-05-21;15:00;Titanic;Drama;James Cameron;1997;194;12;7.00
2022-05-21;12:30;The Night of the Hunter;Crime;Charles Laughton;1955;92;12;7.50
2022-05-21;10:00;The French Connection;Action;William Friedkin;1971;104;12;7.50
2022-05-20;13:30;Dawn of the Dead;Action;George A. Romero;1978;127;12;7.00
2022-05-20;10:30;The Fifth Element;Action;Luc Besson;1997;126;12;8.50
2022-05-19;16:00;The Night of the Hunter;Crime;Charles Laughton;1955;92;12;7.50
2022-05-19;13:00;Brazil;Drama;Terry Gilliam;1985;132;0;8.00
2022-05-19;10:30;Peeping Tom;Drama;Michael Powell;1960;101;12;8.00
2022-05-18;15:00;Das Experiment;Drama;Oliver Hirschbiegel;2001;120;16;8.50
2022-05-18;12:30;Peeping Tom;Drama;Michael Powell;1960;101;12;7.50
2022-05-18;10:00;Le charme discret de la bourgeoisie;Comedy;Luis Buñuel;1972;102;6;8.50
2022-05-17;17:00;Peeping Tom;Drama;Michael Powell;1960;101;12;8.50
2022-05-17;12:30;The Godfather: Part II;Crime;Francis Ford Coppola;1974;202;12;7.50
2022-05-17;10:00;Le samouraï;Crime;Jean-Pierre Melville;1967;105;12;8.00
2022-05-16;10:30;Dawn of the Dead;Action;George A. Romero;1978;127;12;7.00
2022-05-15;18:30;Omohide poro poro;Animation;Isao Takahata;1991;118;0;9.00
2022-05-15;16:00;Repulsion;Drama;Roman Polanski;1965;105;12;7.00
2022-05-15;13:00;The Hustler;Drama;Robert Rossen;1961;134;12;6.50
2022-05-15;10:00;Fear and Loathing in Las Vegas;Adventure;Terry Gilliam;1998;118;16;8.00
2022-05-14;19:30;Days of Heaven;Drama;Terrence Malick;1978;94;6;8.50
2022-05-14;16:30;Dom za vesanje;Comedy;Emir Kusturica;1988;142;16;6.50
2022-05-14;13:30;Twelve Monkeys;Mystery;Terry Gilliam;1995;129;12;7.50
2022-05-14;10:30;White Heat;Action;Raoul Walsh;1949;114;12;8.00
2022-05-13;10:00;Brazil;Drama;Terry Gilliam;1985;132;0;8.50
2022-05-12;15:30;Butch Cassidy and the Sundance Kid;Biography;George Roy Hill;1969;110;6;7.00
2022-05-12;13:00;Le charme discret de la bourgeoisie;Comedy;Luis Buñuel;1972;102;6;8.50
2022-05-12;10:30;White Heat;Action;Raoul Walsh;1949;114;12;8.50
2022-05-11;16:00;Peeping Tom;Drama;Michael Powell;1960;101;12;7.00
2022-05-11;13:30;Days of Heaven;Drama;Terrence Malick;1978;94;6;8.50
2022-05-11;10:30;Brazil;Drama;Terry Gilliam;1985;132;0;6.50
2022-05-10;16:30;Les quatre cents coups;Crime;François Truffaut;1959;99;12;7.00
2022-05-10;12:30;The Godfather: Part II;Crime;Francis Ford Coppola;1974;202;12;6.50
2022-05-10;10:00;Repulsion;Drama;Roman Polanski;1965;105;12;7.50
2022-05-09;10:00;When Harry Met Sally...;Comedy;Rob Reiner;1989;95;12;8.50
2022-05-08;16:30;The Royal Tenenbaums;Comedy;Wes Anderson;2001;110;12;6.50
2022-05-08;12:30;Gandhi;Biography;Richard Attenborough;1982;191;0;8.50
2022-05-08;10:00;Days of Heaven;Drama;Terrence Malick;1978;94;6;7.00
2022-05-07;15:00;The Last Emperor;Biography;Bernardo Bertolucci;1987;163;0;7.00
2022-05-07;12:30;12 Angry Men;Crime;Sidney Lumet;1957;96;0;6.50
2022-05-07;10:00;Le samouraï;Crime;Jean-Pierre Melville;1967;105;12;6.50
2022-05-06;16:00;Hiroshima mon amour;Drama;Alain Resnais;1959;90;12;8.00
2022-05-06;13:00;Dom za vesanje;Comedy;Emir Kusturica;1988;142;16;8.50
2022-05-06;10:00;Omohide poro poro;Animation;Isao Takahata;1991;118;0;8.00
2022-05-05;18:00;Donnie Brasco;Biography;Mike Newell;1997;127;12;9.50
2022-05-05;15:30;Deliverance;Adventure;John Boorman;1972;109;0;8.50
2022-05-05;10:30;Lawrence of Arabia;Adventure;David Lean;1962;228;0;8.00
2022-05-04;16:30;Peeping Tom;Drama;Michael Powell;1960;101;12;8.00
2022-05-04;13:30;Brazil;Drama;Terry Gilliam;1985;132;0;8.50
2022-05-04;10:30;White Heat;Action;Raoul Walsh;1949;114;12;7.50
2022-05-03;10:30;Dom za vesanje;Comedy;Emir Kusturica;1988;142;16;7.00
2022-05-02;16:00;Pâfekuto burû;Animation;Satoshi Kon;1997;81;12;8.50
2022-05-02;13:00;Being There;Comedy;Hal Ashby;1979;130;6;8.50
2022-05-02;10:30;Le samouraï;Crime;Jean-Pierre Melville;1967;105;12;6.50
2022-05-01;18:30;The Godfather: Part II;Crime;Francis Ford Coppola;1974;202;12;10.00
2022-05-01;15:30;Twelve Monkeys;Mystery;Terry Gilliam;1995;129;12;8.00
2022-05-01;13:00;Peeping Tom;Drama;Michael Powell;1960;101;12;8.00
2022-05-01;10:30;M - Eine Stadt sucht einen Mörder;Crime;Fritz Lang;1931;117;12;7.50
2022-04-30;15:30;Days of Heaven;Drama;Terrence Malick;1978;94;6;8.50
2022-04-30;12:30;Tombstone;Action;George P. Cosmatos;1993;130;16;7.50
2022-04-30;10:00;Le samouraï;Crime;Jean-Pierre Melville;1967;105;12;7.50
2022-04-29;13:00;Being There;Comedy;Hal Ashby;1979;130;6;7.50
2022-04-29;10:30;Once Were Warriors;Crime;Lee Tamahori;1994;102;12;7.00
2022-04-28;17:00;Twelve Monkeys;Mystery;Terry Gilliam;1995;129;12;8.50
2022-04-28;13:30;The Last Emperor;Biography;Bernardo Bertolucci;1987;163;0;6.50
2022-04-28;10:30;Dom za vesanje;Comedy;Emir Kusturica;1988;142;16;7.00
2022-04-27;16:30;The Last Emperor;Biography;Bernardo Bertolucci;1987;163;0;8.50
2022-04-27;13:30;Ordinary People;Drama;Robert Redford;1980;124;0;7.50
2022-04-27;10:30;The Hustler;Drama;Robert Rossen;1961;134;12;7.00
2022-04-26;15:30;Twelve Monkeys;Mystery;Terry Gilliam;1995;129;12;8.00
2022-04-26;12:30;Ordinary People;Drama;Robert Redford;1980;124;0;8.00
2022-04-26;10:00;Days of Heaven;Drama;Terrence Malick;1978;94;6;6.50
2022-04-25;12:30;Days of Heaven;Drama;Terrence Malick;1978;94;6;8.50
2022-04-25;10:00;Le samouraï;Crime;Jean-Pierre Melville;1967;105;12;6.50
2022-04-24;16:30;Fear and Loathing in Las Vegas;Adventure;Terry Gilliam;1998;118;16;8.50
2022-04-24;13:30;Fried Green Tomatoes;Drama;Jon Avnet;1991;130;12;6.50
2022-04-24;10:00;Catch Me If You Can;Biography;Steven Spielberg;2002;141;12;8.50
2022-04-23;16:30;Carlito's Way;Crime;Brian De Palma;1993;144;12;7.00
2022-04-23;14:00;Repulsion;Drama;Roman Polanski;1965;105;12;8.00
2022-04-23;10:00;Dil Chahta Hai;Comedy;Farhan Akhtar;2001;183;12;6.50
2022-04-22;12:30;Shin seiki Evangelion Gekijô-ban: Air/Magokoro wo, kimi ni;Animation;Hideaki Anno;1997;87;12;8.00
2022-04-22;10:00;Le samouraï;Crime;Jean-Pierre Melville;1967;105;12;7.50
2022-04-21;10:00;The Lost Weekend;Drama;Billy Wilder;1945;101;12;8.50
2022-04-20;12:30;Le samouraï;Crime;Jean-Pierre Melville;1967;105;12;8.00
2022-04-20;10:00;Days of Heaven;Drama;Terrence Malick;1978;94;6;7.50
2022-04-19;10:00;The Wizard of Oz;Adventure;Victor Fleming;1939;102;0;8.50
2022-04-18;13:30;Omohide poro poro;Animation;Isao Takahata;1991;118;0;8.00
2022-04-18;10:30;Omohide poro poro;Animation;Isao Takahata;1991;118;0;7.00
2022-04-17;16:00;Le samouraï;Crime;Jean-Pierre Melville;1967;105;12;8.50
2022-04-17;13:00;Carlito's Way;Crime;Brian De Palma;1993;144;12;8.00
2022-04-17;10:30;12 Angry Men;Crime;Sidney Lumet;1957;96;0;8.00
2022-04-16;19:30;12 Angry Men;Crime;Sidney Lumet;1957;96;0;9.50
2022-04-16;16:30;The Big Lebowski;Comedy;Joel Coen;1998;117;16;7.50
2022-04-16;13:30;Das Experiment;Drama;Oliver Hirschbiegel;2001;120;16;6.50
2022-04-16;10:30;Das Experiment;Drama;Oliver Hirschbiegel;2001;120;16;8.50
2022-04-15;16:30;Alien;Horror;Ridley Scott;1979;117;16;8.50
2022-04-15;13:30;Fried Green Tomatoes;Drama;Jon Avnet;1991;130;12;8.50
2022-04-15;10:30;Tombstone;Action;George P. Cosmatos;1993;130;16;7.50
2022-04-14;13:00;Harry Potter and the Sorcerer's Stone;Adventure;Chris Columbus;2001;152;0;8.00
2022-04-14;10:30;The Royal Tenenbaums;Comedy;Wes Anderson;2001;110;12;7.50
2022-04-13;10:30;Harry Potter and the Sorcerer's Stone;Adventure;Chris Columbus;2001;152;0;8.50
2022-04-12;10:00;Dom za vesanje;Comedy;Emir Kusturica;1988;142;16;7.50
2022-04-11;10:30;Harry Potter and the Sorcerer's Stone;Adventure;Chris Columbus;2001;152;0;6.50
2022-04-10;20:00;Shin seiki Evangelion Gekijô-ban: Air/Magokoro wo, kimi ni;Animation;Hideaki Anno;1997;87;12;10.00
2022-04-10;16:00;The Godfather;Crime;Francis Ford Coppola;1972;175;12;7.50
2022-04-10;13:30;Kumonosu-jô;Drama;Akira Kurosawa;1957;110;12;8.50
2022-04-10;10:30;Tombstone;Action;George P. Cosmatos;1993;130;16;7.00
2022-04-09;16:30;Tombstone;Action;George P. Cosmatos;1993;130;16;6.50
2022-04-09;13:30;The Birds;Drama;Alfred Hitchcock;1963;119;12;7.50
2022-04-09;10:00;Harry Potter and the Sorcerer's Stone;Adventure;Chris Columbus;2001;152;0;7.50
2022-04-08;12:30;When Harry Met Sally...;Comedy;Rob Reiner;1989;95;12;7.50
2022-04-08;10:00;The Wizard of Oz;Adventure;Victor Fleming;1939;102;0;8.00
2022-04-07;12:30;Kind Hearts and Coronets;Comedy;Robert Hamer;1949;106;0;6.50
2022-04-07;10:00;Tonari no Totoro;Animation;Hayao Miyazaki;1988;86;0;7.50
2022-04-06;13:00;Kumonosu-jô;Drama;Akira Kurosawa;1957;110;12;8.00
2022-04-06;10:30;12 Angry Men;Crime;Sidney Lumet;1957;96;0;6.50
2022-04-05;13:30;Annie Hall;Comedy;Woody Allen;1977;93;12;8.50
2022-04-05;10:00;Carlito's Way;Crime;Brian De Palma;1993;144;12;8.00
2022-04-04;12:00;Once Were Warriors;Crime;Lee Tamahori;1994;102;12;7.50
2022-04-04;10:00;Pâfekuto burû;Animation;Satoshi Kon;1997;81;12;8.00
2022-04-03;17:30;Sabrina;Comedy;Billy Wilder;1954;113;12;8.00
2022-04-03;15:00;A Little Princess;Drama;Alfonso Cuarón;1995;97;0;6.50
2022-04-03;13:00;Tonari no Totoro;Animation;Hayao Miyazaki;1988;86;0;6.50
2022-04-03;10:30;The Lady Vanishes;Mystery;Alfred Hitchcock;1938;96;12;6.50
2022-04-02;15:30;M - Eine Stadt sucht einen Mörder;Crime;Fritz Lang;1931;117;12;8.00
2022-04-02;13:00;The Lady Vanishes;Mystery;Alfred Hitchcock;1938;96;12;8.00
2022-04-02;10:00;Blue Velvet;Drama;David Lynch;1986;120;12;7.00
2022-04-01;13:00;Annie Hall;Comedy;Woody Allen;1977;93;12;6.50
2022-04-01;10:00;The Big Lebowski;Comedy;Joel Coen;1998;117;16;7.00
2022-03-31;10:30;Tombstone;Action;George P. Cosmatos;1993;130;16;8.50
2022-03-30;13:00;Alien;Horror;Ridley Scott;1979;117;16;7.50
2022-03-30;10:30;Smultronstället;Drama;Ingmar Bergman;1957;91;0;7.00
2022-03-29;10:00;Shin seiki Evangelion Gekijô-ban: Air/Magokoro wo, kimi ni;Animation;Hideaki Anno;1997;87;12;8.00
2022-03-28;17:00;Shin seiki Evangelion Gekijô-ban: Air/Magokoro wo, kimi ni;Animation;Hideaki Anno;1997;87;12;8.00
2022-03-28;14:00;Tombstone;Action;George P. Cosmatos;1993;130;16;7.00
2022-03-28;10:30;The Shining;Drama;Stanley Kubrick;1980;146;12;8.50
2022-03-27;19:00;M - Eine Stadt sucht einen Mörder;Crime;Fritz Lang;1931;117;12;9.00
2022-03-27;16:30;Ocean's Eleven;Crime;Steven Soderbergh;2001;116;12;8.50
2022-03-27;13:30;Idi i smotri;Drama;Elem Klimov;1985;142;12;7.50
2022-03-27;10:30;A Few Good Men;Drama;Rob Reiner;1992;138;0;7.00
2022-03-26;15:30;A Few Good Men;Drama;Rob Reiner;1992;138;0;7.00
2022-03-26;13:00;La règle du jeu;Comedy;Jean Renoir;1939;110;12;8.00
2022-03-26;10:00;Star Trek II: The Wrath of Khan;Action;Nicholas Meyer;1982;113;0;8.50
2022-03-25;10:30;Das Experiment;Drama;Oliver Hirschbiegel;2001;120;16;8.00
2022-03-24;10:30;The Godfather;Crime;Francis Ford Coppola;1972;175;12;8.50
2022-03-23;10:30;Star Trek II: The Wrath of Khan;Action;Nicholas Meyer;1982;113;0;7.50
2022-03-22;16:00;Ocean's Eleven;Crime;Steven Soderbergh;2001;116;12;8.00
2022-03-22;13:00;All About Eve;Drama;Joseph L. Mankiewicz;1950;138;12;8.00
2022-03-22;10:00;Tombstone;Action;George P. Cosmatos;1993;130;16;6.50
2022-03-21;10:30;The Breakfast Club;Comedy;John Hughes;1985;97;12;7.00
2022-03-20;15:00;Star Trek II: The Wrath of Khan;Action;Nicholas Meyer;1982;113;0;8.50
2022-03-20;12:30;The Wizard of Oz;Adventure;Victor Fleming;1939;102;0;8.50
2022-03-20;10:00;The Ladykillers;Comedy;Alexander Mackendrick;1955;91;12;7.00
2022-03-19;18:00;A Little Princess;Drama;Alfonso Cuarón;1995;97;0;9.00
2022-03-19;15:30;The Breakfast Club;Comedy;John Hughes;1985;97;12;8.50
2022-03-19;13:00;The Ladykillers;Comedy;Alexander Mackendrick;1955;91;12;7.00
2022-03-19;10:30;The Ladykillers;Comedy;Alexander Mackendrick;1955;91;12;7.50
2022-03-18;15:00;The Wizard of Oz;Adventure;Victor Fleming;1939;102;0;8.50
2022-03-18;12:30;A Little Princess;Drama;Alfonso Cuarón;1995;97;0;6.50
2022-03-18;10:00;Dial M for Murder;Crime;Alfred Hitchcock;1954;105;12;6.50
2022-03-17;10:30;The Wizard of Oz;Adventure;Victor Fleming;1939;102;0;8.50
2022-03-16;16:00;The Godfather;Crime;Francis Ford Coppola;1972;175;12;8.50
2022-03-16;13:00;Sabrina;Comedy;Billy Wilder;1954;113;12;8.50
2022-03-16;10:00;Amélie;Comedy;Jean-Pierre Jeunet;2001;122;0;8.00
2022-03-15;10:30;Star Trek II: The Wrath of Khan;Action;Nicholas Meyer;1982;113;0;7.00
2022-03-14;16:30;Smultronstället;Drama;Ingmar Bergman;1957;91;0;6.50
2022-03-14;14:00;The Ladykillers;Comedy;Alexander Mackendrick;1955;91;12;8.00
2022-03-14;10:30;The Godfather;Crime;Francis Ford Coppola;1972;175;12;7.50
2022-03-13;15:00;The Shining;Drama;Stanley Kubrick;1980;146;12;7.50
2022-03-13;12:30;A Little Princess;Drama;Alfonso Cuarón;1995;97;0;7.50
2022-03-13;10:00;The Killing;Crime;Stanley Kubrick;1956;84;12;8.00
2022-03-12;17:30;The Big Lebowski;Comedy;Joel Coen;1998;117;16;8.50
2022-03-12;13:30;The Godfather;Crime;Francis Ford Coppola;1972;175;12;7.00
2022-03-12;10:30;A Few Good Men;Drama;Rob Reiner;1992;138;0;7.50
2022-03-11;16:00;12 Angry Men;Crime;Sidney Lumet;1957;96;0;7.00
2022-03-11;13:00;Amélie;Comedy;Jean-Pierre Jeunet;2001;122;0;8.50
2022-03-11;10:30;Casablanca;Drama;Michael Curtiz;1942;102;0;8.00
2022-03-10;10:30;Star Trek II: The Wrath of Khan;Action;Nicholas Meyer;1982;113;0;6.50
2022-03-09;13:00;The Shining;Drama;Stanley Kubrick;1980;146;12;8.00
2022-03-09;10:30;Casablanca;Drama;Michael Curtiz;1942;102;0;8.50
2022-03-08;16:00;Rain Man;Drama;Barry Levinson;1988;133;0;8.00
2022-03-08;13:00;Rain Man;Drama;Barry Levinson;1988;133;0;8.00
2022-03-08;10:00;Amélie;Comedy;Jean-Pierre Jeunet;2001;122;0;6.50
2022-03-07;10:30;The Breakfast Club;Comedy;John Hughes;1985;97;12;8.50
2022-03-06;19:00;Casablanca;Drama;Michael Curtiz;1942;102;0;9.50
2022-03-06;16:00;Blue Velvet;Drama;David Lynch;1986;120;12;8.50
2022-03-06;13:30;Smultronstället;Drama;Ingmar Bergman;1957;91;0;7.00
2022-03-06;10:00;The Shining;Drama;Stanley Kubrick;1980;146;12;8.50
2022-03-05;17:00;Casablanca;Drama;Michael Curtiz;1942;102;0;8.00
2022-03-05;13:30;All About Eve;Drama;Joseph L. Mankiewicz;1950;138;12;6.50
2022-03-05;10:30;Amélie;Comedy;Jean-Pierre Jeunet;2001;122;0;7.50
2022-03-04;15:30;Giant;Drama;George Stevens;1956;201;0;8.50
2022-03-04;13:00;Smultronstället;Drama;Ingmar Bergman;1957;91;0;8.50
2022-03-04;10:00;Boksuneun naui geot;Crime;Chan-wook Park;2002;129;16;7.50
2022-03-03;15:30;The Others;Horror;Alejandro Amenábar;2001;101;12;8.00
2022-03-03;13:00;Sabrina;Comedy;Billy Wilder;1954;113;12;6.50
2022-03-03;10:00;A Few Good Men;Drama;Rob Reiner;1992;138;0;7.50
2022-03-02;12:30;Smultronstället;Drama;Ingmar Bergman;1957;91;0;7.50
2022-03-02;10:00;Wait Until Dark;Thriller;Terence Young;1967;108;12;7.50
2022-03-01;16:30;Smultronstället;Drama;Ingmar Bergman;1957;91;0;6.50
2022-03-01;13:30;The Birds;Drama;Alfred Hitchcock;1963;119;12;7.00
2022-03-01;10:30;Blue Velvet;Drama;David Lynch;1986;120;12;8.00
2022-02-28;16:00;Taxi Driver;Crime;Martin Scorsese;1976;114;12;8.50
2022-02-28;13:00;Amélie;Comedy;Jean-Pierre Jeunet;2001;122;0;8.50
2022-02-28;10:00;All About Eve;Drama;Joseph L. Mankiewicz;1950;138;12;8.50
2022-02-27;16:00;The Ladykillers;Comedy;Alexander Mackendrick;1955;91;12;7.00
2022-02-27;13:00;Blue Velvet;Drama;David Lynch;1986;120;12;6.50
2022-02-27;10:00;A Few Good Men;Drama;Rob Reiner;1992;138;0;6.50
2022-02-26;18:30;Amélie;Comedy;Jean-Pierre Jeunet;2001;122;0;8.50
2022-02-26;16:00;The Adventures of Robin Hood;Action;Michael Curtiz;1938;102;6;6.50
2022-02-26;13:30;Dial M for Murder;Crime;Alfred Hitchcock;1954;105;12;6.50
2022-02-26;10:30;Sabrina;Comedy;Billy Wilder;1954;113;12;6.50
2022-02-25;13:00;Rain Man;Drama;Barry Levinson;1988;133;0;8.50
2022-02-25;10:30;The Birds;Drama;Alfred Hitchcock;1963;119;12;8.00
2022-02-24;10:00;Smultronstället;Drama;Ingmar Bergman;1957;91;0;8.50
2022-02-23;10:00;The Killing;Crime;Stanley Kubrick;1956;84;12;7.00
2022-02-22;10:30;Rocky;Drama;John G. Avildsen;1976;120;0;6.50
2022-02-21;16:00;A Few Good Men;Drama;Rob Reiner;1992;138;0;8.50
2022-02-21;13:00;In the Name of the Father;Biography;Jim Sheridan;1993;133;12;7.00
2022-02-21;10:30;The Adventures of Robin Hood;Action;Michael Curtiz;1938;102;6;8.50
2022-02-20;18:30;The Adventures of Robin Hood;Action;Michael Curtiz;1938;102;6;9.00
2022-02-20;16:00;The Breakfast Club;Comedy;John Hughes;1985;97;12;7.00
2022-02-20;13:00;Rocky;Drama;John G. Avildsen;1976;120;0;7.50
2022-02-20;10:30;The Breakfast Club;Comedy;John Hughes;1985;97;12;7.00
2022-02-19;20:00;Sleuth;Mystery;Joseph L. Mankiewicz;1972;138;6;9.00
2022-02-19;17:30;The Breakfast Club;Comedy;John Hughes;1985;97;12;8.00
2022-02-19;15:00;Shadow of a Doubt;Film-Noir;Alfred Hitchcock;1943;108;6;7.50
2022-02-19;10:30;Giant;Drama;George Stevens;1956;201;0;7.50
2022-02-18;15:30;The Breakfast Club;Comedy;John Hughes;1985;97;12;7.50
2022-02-18;13:00;The Breakfast Club;Comedy;John Hughes;1985;97;12;6.50
2022-02-18;10:30;Blood Simple;Crime;Joel Coen;1984;99;12;8.50
2022-02-17;10:00;The Breakfast Club;Comedy;John Hughes;1985;97;12;8.50
2022-02-16;10:00;A Few Good Men;Drama;Rob Reiner;1992;138;0;7.00
2022-02-15;12:30;The Kid;Comedy;Charles Chaplin;1921;68;12;8.00
2022-02-15;10:00;Rocky;Drama;John G. Avildsen;1976;120;0;8.00
2022-02-14;13:30;Rain Man;Drama;Barry Levinson;1988;133;0;8.00
2022-02-14;10:30;Sleuth;Mystery;Joseph L. Mankiewicz;1972;138;6;8.50
2022-02-13;16:30;Rain Man;Drama;Barry Levinson;1988;133;0;6.50
2022-02-13;13:30;Boksuneun naui geot;Crime;Chan-wook Park;2002;129;16;7.00
2022-02-13;10:30;28 Days Later...;Drama;Danny Boyle;2002;113;12;6.50
2022-02-12;18:30;The Kid;Comedy;Charles Chaplin;1921;68;12;9.50
2022-02-12;16:00;The Others;Horror;Alejandro Amenábar;2001;101;12;8.50
2022-02-12;13:00;In the Name of the Father;Biography;Jim Sheridan;1993;133;12;8.00
2022-02-12;10:00;A Few Good Men;Drama;Rob Reiner;1992;138;0;6.50
2022-02-11;10:00;True Romance;Crime;Tony Scott;1993;119;16;6.50
2022-02-10;16:00;Shadow of a Doubt;Film-Noir;Alfred Hitchcock;1943;108;6;6.50
2022-02-10;13:00;Sleuth;Mystery;Joseph L. Mankiewicz;1972;138;6;7.00
2022-02-10;10:00;In the Name of the Father;Biography;Jim Sheridan;1993;133;12;6.50
2022-02-09;17:00;Spartacus;Adventure;Stanley Kubrick;1960;197;12;6.50
2022-02-09;14:00;Boksuneun naui geot;Crime;Chan-wook Park;2002;129;16;6.50
2022-02-09;10:00;Spartacus;Adventure;Stanley Kubrick;1960;197;12;8.50
2022-02-08;14:00;The Boondock Saints;Action;Troy Duffy;1999;108;16;7.00
2022-02-08;10:00;Spartacus;Adventure;Stanley Kubrick;1960;197;12;7.00
2022-02-07;16:00;Doctor Zhivago;Drama;David Lean;1965;197;12;8.00
2022-02-07;13:30;The Others;Horror;Alejandro Amenábar;2001;101;12;8.00
2022-02-07;10:30;A Few Good Men;Drama;Rob Reiner;1992;138;0;7.00
2022-02-06;15:30;The Others;Horror;Alejandro Amenábar;2001;101;12;6.50
2022-02-06;12:30;A Few Good Men;Drama;Rob Reiner;1992;138;0;6.50
2022-02-06;10:00;Blood Simple;Crime;Joel Coen;1984;99;12;8.50
2022-02-05;19:00;Boksuneun naui geot;Crime;Chan-wook Park;2002;129;16;9.00
2022-02-05;16:00;Boksuneun naui geot;Crime;Chan-wook Park;2002;129;16;7.50
2022-02-05;13:30;The Others;Horror;Alejandro Amenábar;2001;101;12;7.50
2022-02-05;10:30;Rain Man;Drama;Barry Levinson;1988;133;0;8.00
2022-02-04;10:00;The Kid;Comedy;Charles Chaplin;1921;68;12;7.00
2022-02-03;13:00;Rocky;Drama;John G. Avildsen;1976;120;0;6.50
2022-02-03;10:00;True Romance;Crime;Tony Scott;1993;119;16;8.00
2022-02-02;13:00;Rocky;Drama;John G. Avildsen;1976;120;0;8.00
2022-02-02;10:00;Boksuneun naui geot;Crime;Chan-wook Park;2002;129;16;7.50
2022-02-01;10:00;Freaks;Drama;Tod Browning;1932;64;12;7.50
2022-01-31;17:00;The Boondock Saints;Action;Troy Duffy;1999;108;16;8.00
2022-01-31;12:30;Spartacus;Adventure;Stanley Kubrick;1960;197;12;8.00
2022-01-31;10:00;Blood Simple;Crime;Joel Coen;1984;99;12;7.50
2022-01-30;16:00;Aladdin;Animation;Ron Clements;1992;90;0;6.50
2022-01-30;13:30;The Usual Suspects;Crime;Bryan Singer;1995;106;12;6.50
2022-01-30;10:30;Boksuneun naui geot;Crime;Chan-wook Park;2002;129;16;7.00
2022-01-29;15:30;Doctor Zhivago;Drama;David Lean;1965;197;12;6.50
2022-01-29;13:00;Aladdin;Animation;Ron Clements;1992;90;0;7.00
2022-01-29;10:30;Blood Simple;Crime;Joel Coen;1984;99;12;8.50
2022-01-28;17:00;Rain Man;Drama;Barry Levinson;1988;133;0;6.50
2022-01-28;13:00;Spartacus;Adventure;Stanley Kubrick;1960;197;12;8.50
2022-01-28;10:30;The Adventures of Robin Hood;Action;Michael Curtiz;1938;102;6;6.50
2022-01-27;10:30;The Usual Suspects;Crime;Bryan Singer;1995;106;12;7.50
2022-01-26;10:30;Freaks;Drama;Tod Browning;1932;64;12;7.50
2022-01-25;17:00;The Adventures of Robin Hood;Action;Michael Curtiz;1938;102;6;7.00
2022-01-25;12:30;Spartacus;Adventure;Stanley Kubrick;1960;197;12;8.00
2022-01-25;10:00;28 Days Later...;Drama;Danny Boyle;2002;113;12;8.50
2022-01-24;17:30;The Kid;Comedy;Charles Chaplin;1921;68;12;7.50
2022-01-24;14:30;28 Days Later...;Drama;Danny Boyle;2002;113;12;7.00
2022-01-24;10:30;Schindler's List;Biography;Steven Spielberg;1993;195;12;7.00
2022-01-23;17:00;The Nightmare Before Christmas;Animation;Henry Selick;1993;76;0;7.00
2022-01-23;15:00;Freaks;Drama;Tod Browning;1932;64;12;8.00
2022-01-23;13:00;Freaks;Drama;Tod Browning;1932;64;12;6.50
2022-01-23;10:00;Sleuth;Mystery;Joseph L. Mankiewicz;1972;138;6;8.50
2022-01-22;18:30;Boksuneun naui geot;Crime;Chan-wook Park;2002;129;16;8.50
2022-01-22;16:00;Clerks;Comedy;Kevin Smith;1994;92;16;7.00
2022-01-22;13:30;Shadow of a Doubt;Film-Noir;Alfred Hitchcock;1943;108;6;7.50
2022-01-22;10:30;Rain Man;Drama;Barry Levinson;1988;133;0;8.00
2022-01-21;10:30;Shadow of a Doubt;Film-Noir;Alfred Hitchcock;1943;108;6;8.50
2022-01-20;15:00;Aladdin;Animation;Ron Clements;1992;90;0;6.50
2022-01-20;12:30;Aladdin;Animation;Ron Clements;1992;90;0;6.50
2022-01-20;10:00;The Adventures of Robin Hood;Action;Michael Curtiz;1938;102;6;7.50
2022-01-19;18:00;The Nightmare Before Christmas;Animation;Henry Selick;1993;76;0;8.50
2022-01-19;13:30;Lagaan: Once Upon a Time in India;Adventure;Ashutosh Gowariker;2001;224;0;6.50
2022-01-19;10:30;Druk;Comedy;Thomas Vinterberg;2020;117;12;7.50
2022-01-18;15:30;The Kid;Comedy;Charles Chaplin;1921;68;12;7.00
2022-01-18;13:00;Mulan;Animation;Tony Bancroft;1998;88;0;7.50
2022-01-18;10:00;E.T. the Extra-Terrestrial;Family;Steven Spielberg;1982;115;0;7.50
2022-01-17;14:30;The Great Dictator;Comedy;Charles Chaplin;1940;125;12;8.00
2022-01-17;12:30;The Nightmare Before Christmas;Animation;Henry Selick;1993;76;0;8.00
2022-01-17;10:00;Aguirre, der Zorn Gottes;Action;Werner Herzog;1972;95;12;8.00
2022-01-16;18:00;Freaks;Drama;Tod Browning;1932;64;12;9.50
2022-01-16;15:30;The Usual Suspects;Crime;Bryan Singer;1995;106;12;6.50
2022-01-16;12:30;The Great Dictator;Comedy;Charles Chaplin;1940;125;12;6.50
2022-01-16;10:00;Mulan;Animation;Tony Bancroft;1998;88;0;7.00
2022-01-15;20:00;The Muppet Christmas Carol;Comedy;Brian Henson;1992;85;0;10.00
2022-01-15;17:00;The Great Dictator;Comedy;Charles Chaplin;1940;125;12;8.50
2022-01-15;13:00;Schindler's List;Biography;Steven Spielberg;1993;195;12;7.00
2022-01-15;10:00;Crna macka, beli macor;Comedy;Emir Kusturica;1998;127;16;8.50
2022-01-14;13:00;Sleuth;Mystery;Joseph L. Mankiewicz;1972;138;6;8.00
2022-01-14;10:30;Clerks;Comedy;Kevin Smith;1994;92;16;6.50
2022-01-13;15:30;Druk;Comedy;Thomas Vinterberg;2020;117;12;8.50
2022-01-13;13:30;Mulan;Animation;Tony Bancroft;1998;88;0;7.50
2022-01-13;10:30;The Usual Suspects;Crime;Bryan Singer;1995;106;12;8.00
2022-01-12;15:30;Rosemary's Baby;Drama;Roman Polanski;1968;137;12;6.50
2022-01-12;12:30;The Great Dictator;Comedy;Charles Chaplin;1940;125;12;7.50
2022-01-12;10:00;The Boondock Saints;Action;Troy Duffy;1999;108;16;6.50
2022-01-11;16:00;The Great Dictator;Comedy;Charles Chaplin;1940;125;12;6.50
2022-01-11;13:30;The Nightmare Before Christmas;Animation;Henry Selick;1993;76;0;8.50
2022-01-11;10:30;Boksuneun naui geot;Crime;Chan-wook Park;2002;129;16;8.50
2022-01-10;12:30;Aladdin;Animation;Ron Clements;1992;90;0;8.00
2022-01-10;10:30;Freaks;Drama;Tod Browning;1932;64;12;7.00
2022-01-09;18:30;Rosemary's Baby;Drama;Roman Polanski;1968;137;12;10.00
2022-01-09;15:30;The Great Dictator;Comedy;Charles Chaplin;1940;125;12;8.00
2022-01-09;13:00;The Royal Tenenbaums;Comedy;Wes Anderson;2001;110;12;6.50
2022-01-09;10:00;Crna macka, beli macor;Comedy;Emir Kusturica;1998;127;16;7.50
2022-01-08;17:30;Hamlet;Drama;Kenneth Branagh;1996;242;12;7.00
2022-01-08;15:30;Freaks;Drama;Tod Browning;1932;64;12;8.50
2022-01-08;13:00;E.T. the Extra-Terrestrial;Family;Steven Spielberg;1982;115;0;7.00
2022-01-08;10:00;The Great Dictator;Comedy;Charles Chaplin;1940;125;12;8.50
2022-01-07;15:30;The Straight Story;Biography;David Lynch;1999;112;0;7.50
2022-01-07;13:30;The Muppet Christmas Carol;Comedy;Brian Henson;1992;85;0;7.50
2022-01-07;10:30;Boksuneun naui geot;Crime;Chan-wook Park;2002;129;16;7.00
2022-01-06;10:30;True Romance;Crime;Tony Scott;1993;119;16;7.00
2022-01-05;15:30;Star Trek II: The Wrath of Khan;Action;Nicholas Meyer;1982;113;0;7.50
2022-01-05;13:00;Planet of the Apes;Adventure;Franklin J. Schaffner;1968;112;0;8.50
2022-01-05;10:30;Clerks;Comedy;Kevin Smith;1994;92;16;8.50
2022-01-04;13:00;Lagaan: Once Upon a Time in India;Adventure;Ashutosh Gowariker;2001;224;0;7.00
2022-01-04;10:00;True Romance;Crime;Tony Scott;1993;119;16;7.00
2022-01-03;12:30;Mimi wo sumaseba;Animation;Yoshifumi Kondô;1995;111;0;7.00
2022-01-03;10:30;The Nightmare Before Christmas;Animation;Henry Selick;1993;76;0;8.00
2022-01-02;19:30;Boksuneun naui geot;Crime;Chan-wook Park;2002;129;16;9.50
2022-01-02;16:30;Boksuneun naui geot;Crime;Chan-wook Park;2002;129;16;8.50
2022-01-02;13:30;Cowboy Bebop: Tengoku no tobira;Animation;Shin'ichirô Watanabe;2001;115;0;8.00
2022-01-02;10:30;Crna macka, beli macor;Comedy;Emir Kusturica;1998;127;16;8.50
2022-01-01;18:00;Aguirre, der Zorn Gottes;Action;Werner Herzog;1972;95;12;8.50
2022-01-01;15:00;Boksuneun naui geot;Crime;Chan-wook Park;2002;129;16;8.50
2022-01-01;12:30;Aladdin;Animation;Ron Clements;1992;90;0;7.50
2022-01-01;10:30;The Nightmare Before Christmas;Animation;Henry Selick;1993;76;0;8.00
2021-12-31;16:00;True Romance;Crime;Tony Scott;1993;119;16;7.50
2021-12-31;13:00;E.T. the Extra-Terrestrial;Family;Steven Spielberg;1982;115;0;8.00
2021-12-31;10:00;The Royal Tenenbaums;Comedy;Wes Anderson;2001;110;12;6.50
2021-12-30;16:00;Aladdin;Animation;Ron Clements;1992;90;0;6.50
2021-12-30;13:00;The Royal Tenenbaums;Comedy;Wes Anderson;2001;110;12;8.50
2021-12-30;10:00;Druk;Comedy;Thomas Vinterberg;2020;117;12;7.00
2021-12-29;12:30;Clerks;Comedy;Kevin Smith;1994;92;16;7.50
2021-12-29;10:30;Aladdin;Animation;Ron Clements;1992;90;0;8.50
2021-12-28;17:30;The Muppet Christmas Carol;Comedy;Brian Henson;1992;85;0;8.50
2021-12-28;15:00;Mimi wo sumaseba;Animation;Yoshifumi Kondô;1995;111;0;7.00
2021-12-28;10:00;Hamlet;Drama;Kenneth Branagh;1996;242;12;8.00
2021-12-27;12:30;Mississippi Burning;Crime;Alan Parker;1988;128;12;7.50
2021-12-27;10:00;Snatch;Comedy;Guy Ritchie;2000;104;12;7.00
2021-12-26;19:30;Lagaan: Once Upon a Time in India;Adventure;Ashutosh Gowariker;2001;224;0;9.50
2021-12-26;16:30;E.T. the Extra-Terrestrial;Family;Steven Spielberg;1982;115;0;8.00
2021-12-26;13:00;Das Boot;Adventure;Wolfgang Petersen;1981;149;16;8.50
2021-12-26;10:00;Star Trek II: The Wrath of Khan;Action;Nicholas Meyer;1982;113;0;7.50
2021-12-25;18:00;Star Trek II: The Wrath of Khan;Action;Nicholas Meyer;1982;113;0;8.50
2021-12-25;15:00;True Romance;Crime;Tony Scott;1993;119;16;8.00
2021-12-25;12:30;Ghostbusters;Action;Ivan Reitman;1984;105;12;7.00
2021-12-25;10:00;Planet of the Apes;Adventure;Franklin J. Schaffner;1968;112;0;6.50
2021-12-24;10:30;Das Boot;Adventure;Wolfgang Petersen;1981;149;16;8.50
2021-12-23;17:30;Das Boot;Adventure;Wolfgang Petersen;1981;149;16;8.00
2021-12-23;14:30;Platoon;Drama;Oliver Stone;1986;120;12;6.50
2021-12-23;10:30;Schindler's List;Biography;Steven Spielberg;1993;195;12;8.00
2021-12-22;12:30;Il postino;Biography;Michael Radford;1994;108;0;8.00
2021-12-22;10:00;Aguirre, der Zorn Gottes;Action;Werner Herzog;1972;95;12;8.50
2021-12-21;15:30;Aladdin;Animation;Ron Clements;1992;90;0;7.00
2021-12-21;12:30;True Romance;Crime;Tony Scott;1993;119;16;6.50
2021-12-21;10:00;The Muppet Christmas Carol;Comedy;Brian Henson;1992;85;0;7.00
2021-12-20;12:30;Druk;Comedy;Thomas Vinterberg;2020;117;12;8.00
2021-12-20;10:00;Il postino;Biography;Michael Radford;1994;108;0;7.50
2021-12-19;18:00;Rosemary's Baby;Drama;Roman Polanski;1968;137;12;8.50
2021-12-19;15:30;Il postino;Biography;Michael Radford;1994;108;0;7.50
2021-12-19;12:30;Planet of the Apes;Adventure;Franklin J. Schaffner;1968;112;0;8.00
2021-12-19;10:00;Star Trek II: The Wrath of Khan;Action;Nicholas Meyer;1982;113;0;8.50
2021-12-18;16:00;Clerks;Comedy;Kevin Smith;1994;92;16;7.00
2021-12-18;13:30;The Straight Story;Biography;David Lynch;1999;112;0;8.50
2021-12-18;10:30;Full Metal Jacket;Drama;Stanley Kubrick;1987;116;12;8.00
2021-12-17;16:00;Mississippi Burning;Crime;Alan Parker;1988;128;12;7.50
2021-12-17;12:30;Il buono, il brutto, il cattivo;Western;Sergio Leone;1966;161;12;7.50
2021-12-17;10:00;Klaus;Animation;Sergio Pablos;2019;96;6;8.00
2021-12-16;16:00;Star Trek II: The Wrath of Khan;Action;Nicholas Meyer;1982;113;0;8.00
2021-12-16;13:00;Kakushi-toride no san-akunin;Adventure;Akira Kurosawa;1958;139;12;7.00
2021-12-16;10:30;Aladdin;Animation;Ron Clements;1992;90;0;8.00
2021-12-15;15:30;Star Trek II: The Wrath of Khan;Action;Nicholas Meyer;1982;113;0;8.00
2021-12-15;13:00;Mimi wo sumaseba;Animation;Yoshifumi Kondô;1995;111;0;7.00
2021-12-15;10:30;Aladdin;Animation;Ron Clements;1992;90;0;7.50
2021-12-14;10:00;Predator;Action;John McTiernan;1987;107;12;8.50
2021-12-13;16:30;Cowboy Bebop: Tengoku no tobira;Animation;Shin'ichirô Watanabe;2001;115;0;8.00
2021-12-13;14:00;Paths of Glory;Drama;Stanley Kubrick;1957;88;12;7.00
2021-12-13;10:00;The Message;Biography;Moustapha Akkad;1976;177;6;8.00
2021-12-12;20:00;The Muppet Christmas Carol;Comedy;Brian Henson;1992;85;0;8.50
2021-12-12;15:00;Hamlet;Drama;Kenneth Branagh;1996;242;12;6.50
2021-12-12;10:30;Lagaan: Once Upon a Time in India;Adventure;Ashutosh Gowariker;2001;224;0;7.00
2021-12-11;18:30;Il postino;Biography;Michael Radford;1994;108;0;8.50
2021-12-11;15:30;True Romance;Crime;Tony Scott;1993;119;16;8.50
2021-12-11;12:30;Mississippi Burning;Crime;Alan Parker;1988;128;12;7.50
2021-12-11;10:00;Paths of Glory;Drama;Stanley Kubrick;1957;88;12;6.50
2021-12-10;12:30;The Straight Story;Biography;David Lynch;1999;112;0;7.00
2021-12-10;10:00;Cat on a Hot Tin Roof;Drama;Richard Brooks;1958;108;12;7.50
2021-12-09;17:00;Planet of the Apes;Adventure;Franklin J. Schaffner;1968;112;0;7.00
2021-12-09;13:30;The Message;Biography;Moustapha Akkad;1976;177;6;7.50
2021-12-09;10:30;Mimi wo sumaseba;Animation;Yoshifumi Kondô;1995;111;0;8.00
2021-12-08;12:30;Star Trek II: The Wrath of Khan;Action;Nicholas Meyer;1982;113;0;8.50
2021-12-08;10:00;Reservoir Dogs;Crime;Quentin Tarantino;1992;99;16;8.00
2021-12-07;10:00;Hamlet;Drama;Kenneth Branagh;1996;242;12;8.00
2021-12-06;15:00;Paths of Glory;Drama;Stanley Kubrick;1957;88;12;8.00
2021-12-06;10:30;Malcolm X;Biography;Spike Lee;1992;202;0;7.50
2021-12-05;17:30;Rosemary's Baby;Drama;Roman Polanski;1968;137;12;6.50
2021-12-05;15:30;The Muppet Christmas Carol;Comedy;Brian Henson;1992;85;0;7.50
2021-12-05;13:00;Klaus;Animation;Sergio Pablos;2019;96;6;7.00
2021-12-05;10:30;Ghostbusters;Action;Ivan Reitman;1984;105;12;7.50
2021-12-04;20:30;Malcolm X;Biography;Spike Lee;1992;202;0;9.00
2021-12-04;17:30;Mississippi Burning;Crime;Alan Parker;1988;128;12;6.50
2021-12-04;15:00;The Muppet Christmas Carol;Comedy;Brian Henson;1992;85;0;7.50
2021-12-04;10:00;Hamlet;Drama;Kenneth Branagh;1996;242;12;7.50
2021-12-03;16:00;JFK;Drama;Oliver Stone;1991;189;12;7.50
2021-12-03;13:00;Rosemary's Baby;Drama;Roman Polanski;1968;137;12;7.00
2021-12-03;10:00;Full Metal Jacket;Drama;Stanley Kubrick;1987;116;12;8.50
2021-12-02;15:30;Network;Drama;Sidney Lumet;1976;121;12;6.50
2021-12-02;13:30;The Muppet Christmas Carol;Comedy;Brian Henson;1992;85;0;6.50
2021-12-02;10:30;American Beauty;Drama;Sam Mendes;1999;122;12;8.50
2021-12-01;16:00;Kakushi-toride no san-akunin;Adventure;Akira Kurosawa;1958;139;12;8.00
2021-12-01;13:30;The Muppet Christmas Carol;Comedy;Brian Henson;1992;85;0;8.50
2021-12-01;10:30;Little Women;Drama;Greta Gerwig;2019;135;0;7.00
2021-11-30;10:30;Rosemary's Baby;Drama;Roman Polanski;1968;137;12;7.50
2021-11-29;15:30;The Message;Biography;Moustapha Akkad;1976;177;6;6.50
2021-11-29;13:00;12 Angry Men;Crime;Sidney Lumet;1957;96;0;7.50
2021-11-29;10:30;Il postino;Biography;Michael Radford;1994;108;0;7.50
2021-11-28;18:00;Lagaan: Once Upon a Time in India;Adventure;Ashutosh Gowariker;2001;224;0;10.00
2021-11-28;16:00;The Muppet Christmas Carol;Comedy;Brian Henson;1992;85;0;8.00
2021-11-28;13:30;Predator;Action;John McTiernan;1987;107;12;8.00
2021-11-28;10:30;Planet of the Apes;Adventure;Franklin J. Schaffner;1968;112;0;6.50
2021-11-27;15:30;Mississippi Burning;Crime;Alan Parker;1988;128;12;7.00
2021-11-27;12:30;Planet of the Apes;Adventure;Franklin J. Schaffner;1968;112;0;7.50
2021-11-27;10:00;Klaus;Animation;Sergio Pablos;2019;96;6;8.00
2021-11-26;16:30;Ghostbusters;Action;Ivan Reitman;1984;105;12;8.00
2021-11-26;14:00;Predator;Action;John McTiernan;1987;107;12;7.00
2021-11-26;10:30;Il buono, il brutto, il cattivo;Western;Sergio Leone;1966;161;12;8.50
2021-11-25;18:30;Planet of the Apes;Adventure;Franklin J. Schaffner;1968;112;0;8.50
2021-11-25;14:00;Lagaan: Once Upon a Time in India;Adventure;Ashutosh Gowariker;2001;224;0;7.00
2021-11-25;10:30;Il buono, il brutto, il cattivo;Western;Sergio Leone;1966;161;12;6.50
2021-11-24;15:00;The Shawshank Redemption;Drama;Frank Darabont;1994;142;12;7.00
2021-11-24;12:30;12 Angry Men;Crime;Sidney Lumet;1957;96;0;7.00
2021-11-24;10:00;Blowup;Drama;Michelangelo Antonioni;1966;111;12;7.50
2021-11-23;10:00;Il buono, il brutto, il cattivo;Western;Sergio Leone;1966;161;12;8.00
2021-11-22;16:30;Ferris Bueller's Day Off;Comedy;John Hughes;1986;103;0;8.50
2021-11-22;14:00;Predator;Action;John McTiernan;1987;107;12;8.00
2021-11-22;10:30;Il buono, il brutto, il cattivo;Western;Sergio Leone;1966;161;12;8.00
2021-11-21;21:00;Patton;Biography;Franklin J. Schaffner;1970;172;0;10.00
2021-11-21;18:00;The Lion in Winter;Biography;Anthony Harvey;1968;134;6;8.50
2021-11-21;15:30;Crimes and Misdemeanors;Comedy;Woody Allen;1989;104;12;6.50
2021-11-21;10:30;Hamlet;Drama;Kenneth Branagh;1996;242;12;7.00
2021-11-20;16:00;Höstsonaten;Drama;Ingmar Bergman;1978;99;0;7.00
2021-11-20;13:00;The Lion in Winter;Biography;Anthony Harvey;1968;134;6;7.50
2021-11-20;10:30;Reservoir Dogs;Crime;Quentin Tarantino;1992;99;16;8.00
2021-11-19;10:00;Das Boot;Adventure;Wolfgang Petersen;1981;149;16;7.50
2021-11-18;12:30;Il buono, il brutto, il cattivo;Western;Sergio Leone;1966;161;12;8.50
2021-11-18;10:00;Monsters, Inc.;Animation;Pete Docter;2001;92;0;7.00
2021-11-17;10:00;Höstsonaten;Drama;Ingmar Bergman;1978;99;0;8.00
2021-11-16;15:30;Il buono, il brutto, il cattivo;Western;Sergio Leone;1966;161;12;8.00
2021-11-16;12:30;Blowup;Drama;Michelangelo Antonioni;1966;111;12;8.00
2021-11-16;10:00;Klaus;Animation;Sergio Pablos;2019;96;6;7.00
2021-11-15;10:30;The Lion in Winter;Biography;Anthony Harvey;1968;134;6;8.00
2021-11-14;18:00;Platoon;Drama;Oliver Stone;1986;120;12;8.50
2021-11-14;15:30;Hana-bi;Crime;Takeshi Kitano;1997;103;12;8.50
2021-11-14;12:30;Full Metal Jacket;Drama;Stanley Kubrick;1987;116;12;8.50
2021-11-14;10:00;Full Metal Jacket;Drama;Stanley Kubrick;1987;116;12;7.00
2021-11-13;16:00;Network;Drama;Sidney Lumet;1976;121;12;7.00
2021-11-13;12:30;The Shawshank Redemption;Drama;Frank Darabont;1994;142;12;8.00
2021-11-13;10:00;Life of Brian;Comedy;Terry Jones;1979;94;16;7.00
2021-11-12;13:30;Malcolm X;Biography;Spike Lee;1992;202;0;7.50
2021-11-12;10:30;Full Metal Jacket;Drama;Stanley Kubrick;1987;116;12;7.50
2021-11-11;10:30;Andrei Rublev;Biography;Andrei Tarkovsky;1966;205;16;8.00
2021-11-10;12:30;Mississippi Burning;Crime;Alan Parker;1988;128;12;8.50
2021-11-10;10:00;Höstsonaten;Drama;Ingmar Bergman;1978;99;0;7.00
2021-11-09;13:30;Monsters, Inc.;Animation;Pete Docter;2001;92;0;8.00
2021-11-09;10:00;Mulholland Dr.;Drama;David Lynch;2001;147;16;7.00
2021-11-08;16:00;The Insider;Biography;Michael Mann;1999;157;12;6.50
2021-11-08;13:30;Höstsonaten;Drama;Ingmar Bergman;1978;99;0;7.00
2021-11-08;10:30;Little Women;Drama;Greta Gerwig;2019;135;0;6.50
2021-11-07;16:30;Das Boot;Adventure;Wolfgang Petersen;1981;149;16;6.50
2021-11-07;13:30;Mississippi Burning;Crime;Alan Parker;1988;128;12;8.50
2021-11-07;10:30;Mississippi Burning;Crime;Alan Parker;1988;128;12;6.50
2021-11-06;18:00;Höstsonaten;Drama;Ingmar Bergman;1978;99;0;8.50
2021-11-06;15:00;Platoon;Drama;Oliver Stone;1986;120;12;7.50
2021-11-06;10:30;Andrei Rublev;Biography;Andrei Tarkovsky;1966;205;16;7.50
2021-11-05;10:30;Patton;Biography;Franklin J. Schaffner;1970;172;0;8.50
2021-11-04;10:30;Mississippi Burning;Crime;Alan Parker;1988;128;12;8.50
2021-11-03;10:00;Hana-bi;Crime;Takeshi Kitano;1997;103;12;7.50
2021-11-02;17:30;Platoon;Drama;Oliver Stone;1986;120;12;8.50
2021-11-02;12:30;Gone with the Wind;Drama;Victor Fleming;1939;238;0;7.50
2021-11-02;10:00;Hana-bi;Crime;Takeshi Kitano;1997;103;12;6.50
2021-11-01;17:30;Höstsonaten;Drama;Ingmar Bergman;1978;99;0;8.50
2021-11-01;13:30;The Great Escape;Adventure;John Sturges;1963;172;0;7.00
2021-11-01;10:00;The Insider;Biography;Michael Mann;1999;157;12;8.50
2021-10-31;20:00;Patton;Biography;Franklin J. Schaffner;1970;172;0;9.00
2021-10-31;15:30;Andrei Rublev;Biography;Andrei Tarkovsky;1966;205;16;7.00
2021-10-31;13:00;Höstsonaten;Drama;Ingmar Bergman;1978;99;0;7.50
2021-10-31;10:30;Sabrina;Comedy;Billy Wilder;1954;113;12;7.50
2021-10-30;16:00;Höstsonaten;Drama;Ingmar Bergman;1978;99;0;7.00
2021-10-30;13:00;Network;Drama;Sidney Lumet;1976;121;12;6.50
2021-10-30;10:30;Reservoir Dogs;Crime;Quentin Tarantino;1992;99;16;8.50
2021-10-29;10:30;The Insider;Biography;Michael Mann;1999;157;12;7.00
2021-10-28;13:00;Reservoir Dogs;Crime;Quentin Tarantino;1992;99;16;6.50
2021-10-28;10:30;Crimes and Misdemeanors;Comedy;Woody Allen;1989;104;12;8.00
2021-10-27;10:00;Billy Elliot;Drama;Stephen Daldry;2000;110;16;8.00
2021-10-26;10:30;Little Women;Drama;Greta Gerwig;2019;135;0;8.50
2021-10-25;17:00;La haine;Crime;Mathieu Kassovitz;1995;98;12;8.00
2021-10-25;12:00;Gone with the Wind;Drama;Victor Fleming;1939;238;0;7.00
2021-10-25;10:30;Sherlock Jr.;Action;Buster Keaton;1924;45;12;7.00
2021-10-24;18:30;American Beauty;Drama;Sam Mendes;1999;122;12;10.00
2021-10-24;15:30;Platoon;Drama;Oliver Stone;1986;120;12;7.00
2021-10-24;10:30;Gone with the Wind;Drama;Victor Fleming;1939;238;0;8.50
2021-10-23;17:30;The Insider;Biography;Michael Mann;1999;157;12;6.50
2021-10-23;15:00;Goldfinger;Action;Guy Hamilton;1964;110;12;8.00
2021-10-23;10:00;Hamlet;Drama;Kenneth Branagh;1996;242;12;8.00
2021-10-22;10:00;Hamlet;Drama;Kenneth Branagh;1996;242;12;8.50
2021-10-21;10:00;Ferris Bueller's Day Off;Comedy;John Hughes;1986;103;0;7.00
2021-10-20;10:00;Mulholland Dr.;Drama;David Lynch;2001;147;16;8.00
2021-10-19;13:30;Miller's Crossing;Crime;Joel Coen;1990;115;16;7.00
2021-10-19;10:00;The Insider;Biography;Michael Mann;1999;157;12;8.50
2021-10-18;13:30;Goldfinger;Action;Guy Hamilton;1964;110;12;7.00
2021-10-18;10:30;The Verdict;Drama;Sidney Lumet;1982;129;0;7.50
2021-10-17;20:00;Mulholland Dr.;Drama;David Lynch;2001;147;16;10.00
2021-10-17;16:30;Soorarai Pottru;Drama;Sudha Kongara;2020;153;0;6.50
2021-10-17;13:00;Pulp Fiction;Crime;Quentin Tarantino;1994;154;12;8.50
2021-10-17;10:00;Das Experiment;Drama;Oliver Hirschbiegel;2001;120;16;7.00
2021-10-16;19:30;Just Mercy;Biography;Destin Daniel Cretton;2019;137;12;10.00
2021-10-16;16:30;Sense and Sensibility;Drama;Ang Lee;1995;136;0;7.00
2021-10-16;14:00;Notorious;Drama;Alfred Hitchcock;1946;102;0;6.50
2021-10-16;10:30;Patton;Biography;Franklin J. Schaffner;1970;172;0;8.00
2021-10-15;13:00;The Breakfast Club;Comedy;John Hughes;1985;97;12;7.00
2021-10-15;10:30;The Purple Rose of Cairo;Comedy;Woody Allen;1985;82;0;8.00
2021-10-14;10:00;Just Mercy;Biography;Destin Daniel Cretton;2019;137;12;7.00
2021-10-13;15:30;The Purple Rose of Cairo;Comedy;Woody Allen;1985;82;0;7.50
2021-10-13;12:30;Just Mercy;Biography;Destin Daniel Cretton;2019;137;12;8.00
2021-10-13;10:00;Monsters, Inc.;Animation;Pete Docter;2001;92;0;7.50
2021-10-12;10:30;Barton Fink;Comedy;Joel Coen;1991;116;0;7.00
2021-10-11;16:00;The Thing;Horror;John Carpenter;1982;109;12;7.50
2021-10-11;13:30;À bout de souffle;Crime;Jean-Luc Godard;1960;90;0;7.50
2021-10-11;10:00;Soorarai Pottru;Drama;Sudha Kongara;2020;153;0;7.00
2021-10-10;19:00;Höstsonaten;Drama;Ingmar Bergman;1978;99;0;8.50
2021-10-10;16:30;Shine;Biography;Scott Hicks;1996;105;0;7.50
2021-10-10;13:00;Gladiator;Action;Ridley Scott;2000;155;12;7.00
2021-10-10;10:00;Planet of the Apes;Adventure;Franklin J. Schaffner;1968;112;0;8.00
2021-10-09;21:00;Kaze no tani no Naushika;Animation;Hayao Miyazaki;1984;117;0;10.00
2021-10-09;18:00;Barton Fink;Comedy;Joel Coen;1991;116;0;9.50
2021-10-09;13:00;Hamlet;Drama;Kenneth Branagh;1996;242;12;7.00
2021-10-09;10:30;Monsters, Inc.;Animation;Pete Docter;2001;92;0;6.50
2021-10-08;13:30;Shine;Biography;Scott Hicks;1996;105;0;7.50
2021-10-08;10:30;Jojo Rabbit;Comedy;Taika Waititi;2019;108;12;7.00
2021-10-07;10:00;Bride of Frankenstein;Drama;James Whale;1935;75;12;8.50
2021-10-06;18:00;Pulp Fiction;Crime;Quentin Tarantino;1994;154;12;9.00
2021-10-06;14:00;Andrei Rublev;Biography;Andrei Tarkovsky;1966;205;16;7.00
2021-10-06;10:30;Ran;Action;Akira Kurosawa;1985;162;0;8.00
2021-10-05;12:00;The Little Mermaid;Animation;Ron Clements;1989;83;0;6.50
2021-10-05;10:00;Bronenosets Potemkin;Drama;Sergei M. Eisenstein;1925;75;12;8.50
2021-10-04;18:30;Bronenosets Potemkin;Drama;Sergei M. Eisenstein;1925;75;12;8.50
2021-10-04;13:30;Hamlet;Drama;Kenneth Branagh;1996;242;12;7.00
2021-10-04;10:30;The Verdict;Drama;Sidney Lumet;1982;129;0;8.00
2021-10-03;18:30;The Boondock Saints;Action;Troy Duffy;1999;108;16;9.50
2021-10-03;15:30;The Verdict;Drama;Sidney Lumet;1982;129;0;6.50
2021-10-03;12:30;Das Experiment;Drama;Oliver Hirschbiegel;2001;120;16;7.50
2021-10-03;10:00;Monsters, Inc.;Animation;Pete Docter;2001;92;0;6.50
2021-10-02;17:30;Platoon;Drama;Oliver Stone;1986;120;12;8.00
2021-10-02;15:00;Billy Elliot;Drama;Stephen Daldry;2000;110;16;6.50
2021-10-02;10:30;Andrei Rublev;Biography;Andrei Tarkovsky;1966;205;16;6.50
2021-10-01;16:00;The Shop Around the Corner;Comedy;Ernst Lubitsch;1940;99;12;7.00
2021-10-01;13:00;The Verdict;Drama;Sidney Lumet;1982;129;0;7.00
2021-10-01;10:30;The Muppet Movie;Adventure;James Frawley;1979;95;0;8.50
2021-09-30;16:00;Just Mercy;Biography;Destin Daniel Cretton;2019;137;12;6.50
2021-09-30;13:30;Kaze no tani no Naushika;Animation;Hayao Miyazaki;1984;117;0;8.00
2021-09-30;10:30;Platoon;Drama;Oliver Stone;1986;120;12;8.00
2021-09-29;10:00;The Little Mermaid;Animation;Ron Clements;1989;83;0;8.00
2021-09-28;15:30;Platoon;Drama;Oliver Stone;1986;120;12;7.00
2021-09-28;13:00;Sunset Blvd.;Drama;Billy Wilder;1950;110;12;8.00
2021-09-28;10:00;The Boondock Saints;Action;Troy Duffy;1999;108;16;7.00
2021-09-27;14:30;Pulp Fiction;Crime;Quentin Tarantino;1994;154;12;6.50
2021-09-27;10:00;Andrei Rublev;Biography;Andrei Tarkovsky;1966;205;16;8.00
2021-09-26;16:00;The Shop Around the Corner;Comedy;Ernst Lubitsch;1940;99;12;8.00
2021-09-26;13:00;Bonnie and Clyde;Action;Arthur Penn;1967;111;12;6.50
2021-09-26;10:30;Mad Max 2;Action;George Miller;1981;96;12;8.00
2021-09-25;15:30;Just Mercy;Biography;Destin Daniel Cretton;2019;137;12;8.50
2021-09-25;12:30;Brazil;Drama;Terry Gilliam;1985;132;0;8.00
2021-09-25;10:00;Sunset Blvd.;Drama;Billy Wilder;1950;110;12;6.50
2021-09-24;16:00;Miller's Crossing;Crime;Joel Coen;1990;115;16;7.50
2021-09-24;12:30;Pulp Fiction;Crime;Quentin Tarantino;1994;154;12;8.50
2021-09-24;10:00;The Muppet Movie;Adventure;James Frawley;1979;95;0;8.50
2021-09-23;15:00;À bout de souffle;Crime;Jean-Luc Godard;1960;90;0;6.50
2021-09-23;12:30;Taxi Driver;Crime;Martin Scorsese;1976;114;12;7.00
2021-09-23;10:00;The Thing;Horror;John Carpenter;1982;109;12;6.50
2021-09-22;15:30;Rear Window;Mystery;Alfred Hitchcock;1954;112;0;6.50
2021-09-22;13:00;Sunset Blvd.;Drama;Billy Wilder;1950;110;12;8.50
2021-09-22;10:30;Jojo Rabbit;Comedy;Taika Waititi;2019;108;12;7.00
2021-09-21;10:00;The Shop Around the Corner;Comedy;Ernst Lubitsch;1940;99;12;7.50
2021-09-20;13:00;Gongdong gyeongbi guyeok JSA;Action;Chan-wook Park;2000;110;12;7.50
2021-09-20;10:00;Brazil;Drama;Terry Gilliam;1985;132;0;7.00
2021-09-19;15:30;Invasion of the Body Snatchers;Drama;Don Siegel;1956;80;12;7.50
2021-09-19;13:00;The Muppet Movie;Adventure;James Frawley;1979;95;0;8.00
2021-09-19;10:30;Mad Max 2;Action;George Miller;1981;96;12;6.50
2021-09-18;16:00;Goldfinger;Action;Guy Hamilton;1964;110;12;7.50
2021-09-18;13:30;Goldfinger;Action;Guy Hamilton;1964;110;12;8.50
2021-09-18;10:30;The Apartment;Comedy;Billy Wilder;1960;125;0;8.50
2021-09-17;10:30;Brazil;Drama;Terry Gilliam;1985;132;0;6.50
2021-09-16;16:00;The Little Mermaid;Animation;Ron Clements;1989;83;0;7.00
2021-09-16;13:00;Rear Window;Mystery;Alfred Hitchcock;1954;112;0;7.00
2021-09-16;10:00;Sense and Sensibility;Drama;Ang Lee;1995;136;0;7.50
2021-09-15;12:30;Invasion of the Body Snatchers;Drama;Don Siegel;1956;80;12;7.50
2021-09-15;10:00;The Little Mermaid;Animation;Ron Clements;1989;83;0;7.00
2021-09-14;13:00;Goldfinger;Action;Guy Hamilton;1964;110;12;7.00
2021-09-14;10:00;The Apartment;Comedy;Billy Wilder;1960;125;0;7.00
2021-09-13;16:30;Invasion of the Body Snatchers;Drama;Don Siegel;1956;80;12;7.00
2021-09-13;13:00;Ran;Action;Akira Kurosawa;1985;162;0;6.50
2021-09-13;10:30;The Shop Around the Corner;Comedy;Ernst Lubitsch;1940;99;12;7.50
2021-09-12;18:30;Bride of Frankenstein;Drama;James Whale;1935;75;12;9.50
2021-09-12;15:30;Indiana Jones and the Last Crusade;Action;Steven Spielberg;1989;127;0;7.00
2021-09-12;13:00;The 39 Steps;Crime;Alfred Hitchcock;1935;86;12;8.00
2021-09-12;10:00;American Beauty;Drama;Sam Mendes;1999;122;12;8.00
2021-09-11;16:00;Sunset Blvd.;Drama;Billy Wilder;1950;110;12;6.50
2021-09-11;13:30;Kind Hearts and Coronets;Comedy;Robert Hamer;1949;106;0;8.50
2021-09-11;10:30;American Beauty;Drama;Sam Mendes;1999;122;12;8.50
2021-09-10;16:30;The Muppet Movie;Adventure;James Frawley;1979;95;0;7.00
2021-09-10;13:30;Miller's Crossing;Crime;Joel Coen;1990;115;16;6.50
2021-09-10;10:00;Ran;Action;Akira Kurosawa;1985;162;0;6.50
2021-09-09;10:30;Brazil;Drama;Terry Gilliam;1985;132;0;7.00
2021-09-08;16:00;The Godfather;Crime;Francis Ford Coppola;1972;175;12;6.50
2021-09-08;13:30;The Purple Rose of Cairo;Comedy;Woody Allen;1985;82;0;7.00
2021-09-08;10:30;Raging Bull;Biography;Martin Scorsese;1980;129;12;7.50
2021-09-07;12:00;The Boondock Saints;Action;Troy Duffy;1999;108;16;8.00
2021-09-07;10:00;The Killing;Crime;Stanley Kubrick;1956;84;12;8.00
2021-09-06;13:00;Rear Window;Mystery;Alfred Hitchcock;1954;112;0;7.00
2021-09-06;10:00;The Magnificent Seven;Action;John Sturges;1960;128;12;6.50
2021-09-05;18:30;The Boondock Saints;Action;Troy Duffy;1999;108;16;8.50
2021-09-05;16:00;Bonnie and Clyde;Action;Arthur Penn;1967;111;12;7.00
2021-09-05;13:00;Raging Bull;Biography;Martin Scorsese;1980;129;12;8.00
2021-09-05;10:00;Léon;Action;Luc Besson;1994;110;12;8.00
2021-09-04;17:00;The Thing;Horror;John Carpenter;1982;109;12;8.00
2021-09-04;13:00;The Godfather;Crime;Francis Ford Coppola;1972;175;12;8.00
2021-09-04;10:30;Léon;Action;Luc Besson;1994;110;12;7.50
2021-09-03;13:00;Serpico;Biography;Sidney Lumet;1973;130;12;7.00
2021-09-03;10:30;The Thing;Horror;John Carpenter;1982;109;12;7.00
2021-09-02;13:00;Toy Story 2;Animation;John Lasseter;1999;92;0;8.00
2021-09-02;10:00;The Thing;Horror;John Carpenter;1982;109;12;7.50
2021-09-01;15:30;La passion de Jeanne d'Arc;Biography;Carl Theodor Dreyer;1928;110;12;6.50
2021-09-01;13:30;The 39 Steps;Crime;Alfred Hitchcock;1935;86;12;7.50
2021-09-01;10:30;Léon;Action;Luc Besson;1994;110;12;8.00
2021-08-31;10:30;Sunset Blvd.;Drama;Billy Wilder;1950;110;12;7.50
2021-08-30;16:00;Taxi Driver;Crime;Martin Scorsese;1976;114;12;8.50
2021-08-30;13:00;Serpico;Biography;Sidney Lumet;1973;130;12;7.00
2021-08-30;10:30;The Thing;Horror;John Carpenter;1982;109;12;6.50
2021-08-29;18:30;Bonnie and Clyde;Action;Arthur Penn;1967;111;12;9.00
2021-08-29;16:00;Billy Elliot;Drama;Stephen Daldry;2000;110;16;7.00
2021-08-29;12:30;Andaz Apna Apna;Action;Rajkumar Santoshi;1994;160;0;6.50
2021-08-29;10:00;Harold and Maude;Comedy;Hal Ashby;1971;91;6;8.00
2021-08-28;16:30;The Boondock Saints;Action;Troy Duffy;1999;108;16;7.00
2021-08-28;13:30;The Magnificent Seven;Action;John Sturges;1960;128;12;8.50
2021-08-28;10:30;The Apartment;Comedy;Billy Wilder;1960;125;0;7.50
2021-08-27;10:00;Raging Bull;Biography;Martin Scorsese;1980;129;12;7.50
2021-08-26;10:30;Ran;Action;Akira Kurosawa;1985;162;0;8.00
2021-08-25;10:00;Ran;Action;Akira Kurosawa;1985;162;0;7.50
2021-08-24;10:30;Jojo Rabbit;Comedy;Taika Waititi;2019;108;12;6.50
2021-08-23;16:30;Taxi Driver;Crime;Martin Scorsese;1976;114;12;6.50
2021-08-23;14:00;The Truman Show;Comedy;Peter Weir;1998;103;0;7.50
2021-08-23;10:30;Nuovo Cinema Paradiso;Drama;Giuseppe Tornatore;1988;155;0;8.50
2021-08-22;18:30;Toy Story 2;Animation;John Lasseter;1999;92;0;8.50
2021-08-22;16:00;The Truman Show;Comedy;Peter Weir;1998;103;0;8.00
2021-08-22;12:30;Paris, Texas;Drama;Wim Wenders;1984;145;0;8.50
2021-08-22;10:00;Toy Story 2;Animation;John Lasseter;1999;92;0;6.50
2021-08-21;19:00;Toy Story 2;Animation;John Lasseter;1999;92;0;9.50
2021-08-21;16:30;Harold and Maude;Comedy;Hal Ashby;1971;91;6;6.50
2021-08-21;13:30;Serpico;Biography;Sidney Lumet;1973;130;12;7.50
2021-08-21;10:30;Raging Bull;Biography;Martin Scorsese;1980;129;12;8.00
2021-08-20;16:30;The Truman Show;Comedy;Peter Weir;1998;103;0;7.00
2021-08-20;12:30;La leggenda del pianista sull'oceano;Drama;Giuseppe Tornatore;1998;169;0;8.50
2021-08-20;10:00;Per un pugno di dollari;Action;Sergio Leone;1964;99;12;7.50
2021-08-19;14:00;Taxi Driver;Crime;Martin Scorsese;1976;114;12;7.00
2021-08-19;10:30;The Godfather;Crime;Francis Ford Coppola;1972;175;12;6.50
2021-08-18;16:00;Per un pugno di dollari;Action;Sergio Leone;1964;99;12;7.50
2021-08-18;13:00;Raging Bull;Biography;Martin Scorsese;1980;129;12;7.50
2021-08-18;10:00;Raging Bull;Biography;Martin Scorsese;1980;129;12;6.50
2021-08-17;10:30;Andaz Apna Apna;Action;Rajkumar Santoshi;1994;160;0;7.50
2021-08-16;10:30;La leggenda del pianista sull'oceano;Drama;Giuseppe Tornatore;1998;169;0;7.50
2021-08-15;16:00;Serpico;Biography;Sidney Lumet;1973;130;12;8.50
2021-08-15;13:30;Crimes and Misdemeanors;Comedy;Woody Allen;1989;104;12;8.50
2021-08-15;10:30;Raging Bull;Biography;Martin Scorsese;1980;129;12;7.00
2021-08-14;18:30;Nuovo Cinema Paradiso;Drama;Giuseppe Tornatore;1988;155;0;9.50
2021-08-14;16:00;Toy Story 2;Animation;John Lasseter;1999;92;0;8.00
2021-08-14;13:00;Indiana Jones and the Last Crusade;Action;Steven Spielberg;1989;127;0;6.50
2021-08-14;10:30;Sabrina;Comedy;Billy Wilder;1954;113;12;7.50
2021-08-13;10:00;I Am Sam;Drama;Jessie Nelson;2001;132;12;7.50
2021-08-12;10:00;This Is Spinal Tap;Comedy;Rob Reiner;1984;82;16;6.50
2021-08-11;13:00;Kind Hearts and Coronets;Comedy;Robert Hamer;1949;106;0;8.50
2021-08-11;10:30;The Third Man;Film-Noir;Carol Reed;1949;104;12;7.00
2021-08-10;10:00;La passion de Jeanne d'Arc;Biography;Carl Theodor Dreyer;1928;110;12;6.50
2021-08-09;10:30;Trainspotting;Drama;Danny Boyle;1996;93;12;8.50
2021-08-08;19:00;Witness for the Prosecution;Crime;Billy Wilder;1957;116;0;9.50
2021-08-08;15:30;La leggenda del pianista sull'oceano;Drama;Giuseppe Tornatore;1998;169;0;6.50
2021-08-08;12:30;Léon;Action;Luc Besson;1994;110;12;8.00
2021-08-08;10:00;The Killing;Crime;Stanley Kubrick;1956;84;12;6.50
2021-08-07;16:00;Crimes and Misdemeanors;Comedy;Woody Allen;1989;104;12;6.50
2021-08-07;13:30;Billy Elliot;Drama;Stephen Daldry;2000;110;16;8.00
2021-08-07;10:30;I Am Sam;Drama;Jessie Nelson;2001;132;12;7.00
2021-08-06;13:30;Lock, Stock and Two Smoking Barrels;Action;Guy Ritchie;1998;107;12;7.00
2021-08-06;10:30;Dà hóng denglong gaogao guà;Drama;Yimou Zhang;1991;125;6;7.50
2021-08-05;10:00;I Am Sam;Drama;Jessie Nelson;2001;132;12;8.00
2021-08-04;15:30;Sabrina;Comedy;Billy Wilder;1954;113;12;8.00
2021-08-04;13:00;Funny Games;Crime;Michael Haneke;1997;108;12;8.50
2021-08-04;10:00;Dà hóng denglong gaogao guà;Drama;Yimou Zhang;1991;125;6;7.50
2021-08-03;16:30;The Killing;Crime;Stanley Kubrick;1956;84;12;8.50
2021-08-03;13:30;It's a Wonderful Life;Drama;Frank Capra;1946;130;6;8.00
2021-08-03;10:30;Dà hóng denglong gaogao guà;Drama;Yimou Zhang;1991;125;6;8.50
2021-08-02;10:30;The Third Man;Film-Noir;Carol Reed;1949;104;12;8.50
2021-08-01;15:30;Paris, Texas;Drama;Wim Wenders;1984;145;0;7.00
2021-08-01;12:30;Indiana Jones and the Last Crusade;Action;Steven Spielberg;1989;127;0;6.50
2021-08-01;10:00;The Day the Earth Stood Still;Drama;Robert Wise;1951;92;0;8.00
2021-07-31;17:00;Indiana Jones and the Last Crusade;Action;Steven Spielberg;1989;127;0;7.00
2021-07-31;13:30;Gully Boy;Drama;Zoya Akhtar;2019;154;12;6.50
2021-07-31;10:30;I Am Sam;Drama;Jessie Nelson;2001;132;12;8.50
2021-07-30;16:00;Indiana Jones and the Last Crusade;Action;Steven Spielberg;1989;127;0;7.50
2021-07-30;13:00;Indiana Jones and the Last Crusade;Action;Steven Spielberg;1989;127;0;7.00
2021-07-30;10:00;I Am Sam;Drama;Jessie Nelson;2001;132;12;8.00
2021-07-29;10:00;This Is Spinal Tap;Comedy;Rob Reiner;1984;82;16;8.00
2021-07-28;15:30;Crimes and Misdemeanors;Comedy;Woody Allen;1989;104;12;7.00
2021-07-28;13:00;Lock, Stock and Two Smoking Barrels;Action;Guy Ritchie;1998;107;12;8.50
2021-07-28;10:30;Vampire Hunter D: Bloodlust;Animation;Yoshiaki Kawajiri;2000;103;0;8.00
2021-07-27;13:30;Arsenic and Old Lace;Comedy;Frank Capra;1942;118;12;7.00
2021-07-27;10:00;La leggenda del pianista sull'oceano;Drama;Giuseppe Tornatore;1998;169;0;7.50
2021-07-26;10:00;Lock, Stock and Two Smoking Barrels;Action;Guy Ritchie;1998;107;12;7.00
2021-07-25;16:30;Crimes and Misdemeanors;Comedy;Woody Allen;1989;104;12;6.50
2021-07-25;13:30;Dawn of the Dead;Action;George A. Romero;1978;127;12;8.50
2021-07-25;10:30;I Am Sam;Drama;Jessie Nelson;2001;132;12;6.50
2021-07-24;18:00;Short Cuts;Comedy;Robert Altman;1993;188;16;8.50
2021-07-24;15:30;Per un pugno di dollari;Action;Sergio Leone;1964;99;12;8.00
2021-07-24;13:30;This Is Spinal Tap;Comedy;Rob Reiner;1984;82;16;8.50
2021-07-24;10:30;Vertigo;Mystery;Alfred Hitchcock;1958;128;12;8.50
2021-07-23;15:30;Trois couleurs: Rouge;Drama;Krzysztof Kieslowski;1994;99;0;8.50
2021-07-23;12:30;Witness for the Prosecution;Crime;Billy Wilder;1957;116;0;8.00
2021-07-23;10:00;Dazed and Confused;Comedy;Richard Linklater;1993;102;0;7.50
2021-07-22;10:00;Crimes and Misdemeanors;Comedy;Woody Allen;1989;104;12;6.50
2021-07-21;15:00;The Day the Earth Stood Still;Drama;Robert Wise;1951;92;0;7.00
2021-07-21;10:30;Andrei Rublev;Biography;Andrei Tarkovsky;1966;205;16;7.50
2021-07-20;13:00;Soorarai Pottru;Drama;Sudha Kongara;2020;153;0;7.00
2021-07-20;10:30;The Day the Earth Stood Still;Drama;Robert Wise;1951;92;0;8.00
2021-07-19;10:00;Paris, Texas;Drama;Wim Wenders;1984;145;0;8.00
2021-07-18;16:00;Fried Green Tomatoes;Drama;Jon Avnet;1991;130;12;8.00
2021-07-18;13:30;This Is Spinal Tap;Comedy;Rob Reiner;1984;82;16;8.50
2021-07-18;10:30;Paris, Texas;Drama;Wim Wenders;1984;145;0;6.50
2021-07-17;19:00;No Man's Land;Comedy;Danis Tanovic;2001;98;16;9.50
2021-07-17;16:00;Fried Green Tomatoes;Drama;Jon Avnet;1991;130;12;7.00
2021-07-17;13:00;8½;Drama;Federico Fellini;1963;138;12;8.00
2021-07-17;10:30;Harold and Maude;Comedy;Hal Ashby;1971;91;6;8.50
2021-07-16;10:00;Once Upon a Time... in Hollywood;Comedy;Quentin Tarantino;2019;161;12;6.50
2021-07-15;14:00;Soorarai Pottru;Drama;Sudha Kongara;2020;153;0;7.00
2021-07-15;10:00;Sholay;Action;Ramesh Sippy;1975;204;0;8.00
2021-07-14;14:00;Where Eagles Dare;Action;Brian G. Hutton;1968;158;0;7.50
2021-07-14;10:30;Paris, Texas;Drama;Wim Wenders;1984;145;0;6.50
2021-07-13;10:00;Where Eagles Dare;Action;Brian G. Hutton;1968;158;0;6.50
2021-07-12;16:00;Vampire Hunter D: Bloodlust;Animation;Yoshiaki Kawajiri;2000;103;0;8.00
2021-07-12;13:30;Sabrina;Comedy;Billy Wilder;1954;113;12;7.00
2021-07-12;10:30;Vertigo;Mystery;Alfred Hitchcock;1958;128;12;7.00
2021-07-11;16:00;Where Eagles Dare;Action;Brian G. Hutton;1968;158;0;7.50
2021-07-11;13:00;Arsenic and Old Lace;Comedy;Frank Capra;1942;118;12;8.50
2021-07-11;10:30;Harold and Maude;Comedy;Hal Ashby;1971;91;6;8.00
2021-07-10;18:30;Dawn of the Dead;Action;George A. Romero;1978;127;12;9.00
2021-07-10;16:00;Trois couleurs: Rouge;Drama;Krzysztof Kieslowski;1994;99;0;7.50
2021-07-10;12:30;Scent of a Woman;Drama;Martin Brest;1992;156;12;7.00
2021-07-10;10:00;Per un pugno di dollari;Action;Sergio Leone;1964;99;12;7.00
2021-07-09;13:30;Crimes and Misdemeanors;Comedy;Woody Allen;1989;104;12;8.50
2021-07-09;10:30;Dawn of the Dead;Action;George A. Romero;1978;127;12;7.50
2021-07-08;10:00;Gully Boy;Drama;Zoya Akhtar;2019;154;12;8.00
2021-07-07;10:30;Once Upon a Time... in Hollywood;Comedy;Quentin Tarantino;2019;161;12;8.00
2021-07-06;10:00;Dazed and Confused;Comedy;Richard Linklater;1993;102;0;7.00
2021-07-05;16:00;In a Lonely Place;Drama;Nicholas Ray;1950;94;12;7.00
2021-07-05;13:00;Fried Green Tomatoes;Drama;Jon Avnet;1991;130;12;7.00
2021-07-05;10:30;Funny Games;Crime;Michael Haneke;1997;108;12;7.50
2021-07-04;15:30;In a Lonely Place;Drama;Nicholas Ray;1950;94;12;6.50
2021-07-04;13:30;Knockin' on Heaven's Door;Action;Thomas Jahn;1997;87;12;6.50
2021-07-04;10:00;Nuovo Cinema Paradiso;Drama;Giuseppe Tornatore;1988;155;0;7.50
2021-07-03;15:30;Once Upon a Time... in Hollywood;Comedy;Quentin Tarantino;2019;161;12;8.00
2021-07-03;13:00;Arsenic and Old Lace;Comedy;Frank Capra;1942;118;12;7.00
2021-07-03;10:30;Brief Encounter;Drama;David Lean;1945;86;0;8.00
2021-07-02;13:00;Ford v Ferrari;Action;James Mangold;2019;152;12;8.00
2021-07-02;10:30;Vampire Hunter D: Bloodlust;Animation;Yoshiaki Kawajiri;2000;103;0;7.00
2021-07-01;13:00;The Gold Rush;Adventure;Charles Chaplin;1925;95;12;6.50
2021-07-01;10:00;Crna macka, beli macor;Comedy;Emir Kusturica;1998;127;16;8.00
2021-06-30;15:30;Planes, Trains & Automobiles;Comedy;John Hughes;1987;93;0;7.50
2021-06-30;13:00;The Princess Bride;Adventure;Rob Reiner;1987;98;0;8.00
2021-06-30;10:30;Vampire Hunter D: Bloodlust;Animation;Yoshiaki Kawajiri;2000;103;0;8.00
2021-06-29;10:00;Brief Encounter;Drama;David Lean;1945;86;0;8.00
2021-06-28;16:00;Planes, Trains & Automobiles;Comedy;John Hughes;1987;93;0;6.50
2021-06-28;13:30;The Princess Bride;Adventure;Rob Reiner;1987;98;0;7.50
2021-06-28;10:30;Jaws;Adventure;Steven Spielberg;1975;124;12;6.50
2021-06-27;19:30;The Princess Bride;Adventure;Rob Reiner;1987;98;0;9.50
2021-06-27;16:00;Once Upon a Time... in Hollywood;Comedy;Quentin Tarantino;2019;161;12;7.50
2021-06-27;13:30;Trois couleurs: Rouge;Drama;Krzysztof Kieslowski;1994;99;0;8.50
2021-06-27;10:30;Alien;Horror;Ridley Scott;1979;117;16;8.50
2021-06-26;18:30;The Lost Weekend;Drama;Billy Wilder;1945;101;12;9.00
2021-06-26;16:00;Harold and Maude;Comedy;Hal Ashby;1971;91;6;8.00
2021-06-26;13:30;Sabrina;Comedy;Billy Wilder;1954;113;12;7.00
2021-06-26;10:30;Omohide poro poro;Animation;Isao Takahata;1991;118;0;8.50
2021-06-25;12:30;Planes, Trains & Automobiles;Comedy;John Hughes;1987;93;0;8.50
2021-06-25;10:00;Alien;Horror;Ridley Scott;1979;117;16;8.00
2021-06-24;13:00;Scarface: The Shame of the Nation;Action;Howard Hawks;1932;93;6;7.00
2021-06-24;10:00;Primal Fear;Crime;Gregory Hoblit;1996;129;12;8.50
2021-06-23;15:30;It's a Wonderful Life;Drama;Frank Capra;1946;130;6;8.00
2021-06-23;13:00;Dazed and Confused;Comedy;Richard Linklater;1993;102;0;8.50
2021-06-23;10:30;Dazed and Confused;Comedy;Richard Linklater;1993;102;0;7.50
2021-06-22;12:00;In a Lonely Place;Drama;Nicholas Ray;1950;94;12;6.50
2021-06-22;10:00;Invasion of the Body Snatchers;Drama;Don Siegel;1956;80;12;8.00
2021-06-21;13:30;Fried Green Tomatoes;Drama;Jon Avnet;1991;130;12;8.50
2021-06-21;10:30;8½;Drama;Federico Fellini;1963;138;12;8.50
2021-06-20;19:00;Where Eagles Dare;Action;Brian G. Hutton;1968;158;0;9.00
2021-06-20;15:30;Nuovo Cinema Paradiso;Drama;Giuseppe Tornatore;1988;155;0;6.50
2021-06-20;12:30;Crna macka, beli macor;Comedy;Emir Kusturica;1998;127;16;8.50
2021-06-20;10:00;Vampire Hunter D: Bloodlust;Animation;Yoshiaki Kawajiri;2000;103;0;7.00
2021-06-19;15:00;Y tu mamá también;Drama;Alfonso Cuarón;2001;106;12;8.50
2021-06-19;12:30;Scarface: The Shame of the Nation;Action;Howard Hawks;1932;93;6;8.50
2021-06-19;10:00;Dark City;Mystery;Alex Proyas;1998;100;12;8.50
2021-06-18;10:00;Harold and Maude;Comedy;Hal Ashby;1971;91;6;8.00
2021-06-17;15:30;Trois couleurs: Rouge;Drama;Krzysztof Kieslowski;1994;99;0;7.00
2021-06-17;13:00;Dazed and Confused;Comedy;Richard Linklater;1993;102;0;6.50
2021-06-17;10:00;Crna macka, beli macor;Comedy;Emir Kusturica;1998;127;16;8.50
2021-06-16;12:00;Brief Encounter;Drama;David Lean;1945;86;0;7.00
2021-06-16;10:00;Brief Encounter;Drama;David Lean;1945;86;0;7.50
2021-06-15;12:30;Gully Boy;Drama;Zoya Akhtar;2019;154;12;8.50
2021-06-15;10:00;Vizontele;Comedy;Yilmaz Erdogan;2001;110;12;7.00
2021-06-14;10:00;Omohide poro poro;Animation;Isao Takahata;1991;118;0;6.50
2021-06-13;20:30;Scent of a Woman;Drama;Martin Brest;1992;156;12;10.00
2021-06-13;17:30;Jaws;Adventure;Steven Spielberg;1975;124;12;8.50
2021-06-13;14:00;Gully Boy;Drama;Zoya Akhtar;2019;154;12;8.50
2021-06-13;10:30;Soorarai Pottru;Drama;Sudha Kongara;2020;153;0;7.00
2021-06-12;16:00;The Princess Bride;Adventure;Rob Reiner;1987;98;0;8.00
2021-06-12;12:30;Gully Boy;Drama;Zoya Akhtar;2019;154;12;6.50
2021-06-12;10:00;Trois couleurs: Rouge;Drama;Krzysztof Kieslowski;1994;99;0;7.50
2021-06-11;16:30;Vertigo;Mystery;Alfred Hitchcock;1958;128;12;8.50
2021-06-11;13:30;Vizontele;Comedy;Yilmaz Erdogan;2001;110;12;7.00
2021-06-11;10:00;Soorarai Pottru;Drama;Sudha Kongara;2020;153;0;8.50
2021-06-10;16:30;Singin' in the Rain;Comedy;Stanley Donen;1952;103;0;6.50
2021-06-10;13:00;Scent of a Woman;Drama;Martin Brest;1992;156;12;8.00
2021-06-10;10:30;Bacheha-Ye aseman;Drama;Majid Majidi;1997;89;6;7.00
2021-06-09;16:30;Jaws;Adventure;Steven Spielberg;1975;124;12;7.50
2021-06-09;13:00;Nuovo Cinema Paradiso;Drama;Giuseppe Tornatore;1988;155;0;8.50
2021-06-09;10:00;Alien;Horror;Ridley Scott;1979;117;16;6.50
2021-06-08;10:30;Ford v Ferrari;Action;James Mangold;2019;152;12;7.50
2021-06-07;10:00;Alien;Horror;Ridley Scott;1979;117;16;6.50
2021-06-06;15:30;Alien;Horror;Ridley Scott;1979;117;16;8.50
2021-06-06;13:00;Harvey;Comedy;Henry Koster;1950;104;12;8.50
2021-06-06;10:30;Dazed and Confused;Comedy;Richard Linklater;1993;102;0;8.50
2021-06-05;18:00;Dom za vesanje;Comedy;Emir Kusturica;1988;142;16;8.50
2021-06-05;15:30;On Golden Pond;Drama;Mark Rydell;1981;109;12;7.00
2021-06-05;13:00;Being John Malkovich;Comedy;Spike Jonze;1999;113;16;7.50
2021-06-05;10:00;Night on Earth;Comedy;Jim Jarmusch;1991;129;16;7.50
2021-06-04;10:30;Trois couleurs: Rouge;Drama;Krzysztof Kieslowski;1994;99;0;8.00
2021-06-03;14:00;Scent of a Woman;Drama;Martin Brest;1992;156;12;8.00
2021-06-03;10:00;Dances with Wolves;Adventure;Kevin Costner;1990;181;0;8.00
2021-06-02;16:30;Rupan sansei: Kariosutoro no shiro;Animation;Hayao Miyazaki;1979;100;0;6.50
2021-06-02;13:00;Dom za vesanje;Comedy;Emir Kusturica;1988;142;16;8.50
2021-06-02;10:00;It's a Wonderful Life;Drama;Frank Capra;1946;130;6;8.00
2021-06-01;13:00;Jaws;Adventure;Steven Spielberg;1975;124;12;8.00
2021-06-01;10:00;Dom za vesanje;Comedy;Emir Kusturica;1988;142;16;7.00
2021-05-31;12:30;Night on Earth;Comedy;Jim Jarmusch;1991;129;16;8.00
2021-05-31;10:00;On Golden Pond;Drama;Mark Rydell;1981;109;12;8.50
2021-05-30;17:00;Singin' in the Rain;Comedy;Stanley Donen;1952;103;0;8.50
2021-05-30;14:00;Amélie;Comedy;Jean-Pierre Jeunet;2001;122;0;8.00
2021-05-30;12:00;Duck Soup;Comedy;Leo McCarey;1933;69;12;8.00
2021-05-30;10:00;The Iron Giant;Animation;Brad Bird;1999;86;6;8.50
2021-05-29;18:30;Primal Fear;Crime;Gregory Hoblit;1996;129;12;10.00
2021-05-29;16:00;Vizontele;Comedy;Yilmaz Erdogan;2001;110;12;8.00
2021-05-29;13:00;Vizontele;Comedy;Yilmaz Erdogan;2001;110;12;8.00
2021-05-29;10:00;Ikiru;Drama;Akira Kurosawa;1952;143;12;6.50
2021-05-28;16:00;Todo sobre mi madre;Drama;Pedro Almodóvar;1999;101;16;7.00
2021-05-28;13:00;True Romance;Crime;Tony Scott;1993;119;16;6.50
2021-05-28;10:30;The Boondock Saints;Action;Troy Duffy;1999;108;16;7.50
2021-05-27;15:30;Planes, Trains & Automobiles;Comedy;John Hughes;1987;93;0;6.50
2021-05-27;12:30;Jaws;Adventure;Steven Spielberg;1975;124;12;8.50
2021-05-27;10:00;Planes, Trains & Automobiles;Comedy;John Hughes;1987;93;0;7.50
2021-05-26;16:30;Crna macka, beli macor;Comedy;Emir Kusturica;1998;127;16;8.00
2021-05-26;13:00;Pulp Fiction;Crime;Quentin Tarantino;1994;154;12;8.00
2021-05-26;10:30;The Truman Show;Comedy;Peter Weir;1998;103;0;8.50
2021-05-25;10:00;High Noon;Drama;Fred Zinnemann;1952;85;6;7.00
2021-05-24;16:00;Ford v Ferrari;Action;James Mangold;2019;152;12;7.00
2021-05-24;13:00;Unforgiven;Drama;Clint Eastwood;1992;130;12;8.00
2021-05-24;10:30;The Princess Bride;Adventure;Rob Reiner;1987;98;0;7.00
2021-05-23;18:00;Bacheha-Ye aseman;Drama;Majid Majidi;1997;89;6;8.50
2021-05-23;15:30;Sunset Blvd.;Drama;Billy Wilder;1950;110;12;8.50
2021-05-23;12:30;It's a Wonderful Life;Drama;Frank Capra;1946;130;6;6.50
2021-05-23;10:00;The Iron Giant;Animation;Brad Bird;1999;86;6;7.50
2021-05-22;18:30;Amélie;Comedy;Jean-Pierre Jeunet;2001;122;0;9.50
2021-05-22;16:00;Todo sobre mi madre;Drama;Pedro Almodóvar;1999;101;16;8.50
2021-05-22;13:00;Jaws;Adventure;Steven Spielberg;1975;124;12;7.00
2021-05-22;10:30;Being John Malkovich;Comedy;Spike Jonze;1999;113;16;7.00
2021-05-21;16:30;Bacheha-Ye aseman;Drama;Majid Majidi;1997;89;6;7.00
2021-05-21;13:00;Ikiru;Drama;Akira Kurosawa;1952;143;12;7.50
2021-05-21;10:00;Primal Fear;Crime;Gregory Hoblit;1996;129;12;6.50
2021-05-20;10:30;The Boondock Saints;Action;Troy Duffy;1999;108;16;7.00
2021-05-19;13:30;Dances with Wolves;Adventure;Kevin Costner;1990;181;0;7.50
2021-05-19;10:00;Ford v Ferrari;Action;James Mangold;2019;152;12;7.50
2021-05-18;13:00;Pulp Fiction;Crime;Quentin Tarantino;1994;154;12;7.00
2021-05-18;10:00;Primal Fear;Crime;Gregory Hoblit;1996;129;12;7.00
2021-05-17;16:00;Harvey;Comedy;Henry Koster;1950;104;12;8.50
2021-05-17;13:00;Amélie;Comedy;Jean-Pierre Jeunet;2001;122;0;8.50
2021-05-17;10:30;The Princess Bride;Adventure;Rob Reiner;1987;98;0;8.00
2021-05-16;18:00;Unforgiven;Drama;Clint Eastwood;1992;130;12;8.50
2021-05-16;15:00;Jaws;Adventure;Steven Spielberg;1975;124;12;7.00
2021-05-16;12:30;The Princess Bride;Adventure;Rob Reiner;1987;98;0;8.00
2021-05-16;10:00;The Princess Bride;Adventure;Rob Reiner;1987;98;0;8.00
2021-05-15;17:30;Duck Soup;Comedy;Leo McCarey;1933;69;12;8.00
2021-05-15;15:00;Being John Malkovich;Comedy;Spike Jonze;1999;113;16;7.50
2021-05-15;12:30;The Sandlot;Comedy;David Mickey Evans;1993;101;0;8.00
2021-05-15;10:00;The Princess Bride;Adventure;Rob Reiner;1987;98;0;7.50
2021-05-14;10:00;Primal Fear;Crime;Gregory Hoblit;1996;129;12;6.50
2021-05-13;13:30;Ford v Ferrari;Action;James Mangold;2019;152;12;7.00
2021-05-13;10:30;Primal Fear;Crime;Gregory Hoblit;1996;129;12;8.00
2021-05-12;13:30;Sunset Blvd.;Drama;Billy Wilder;1950;110;12;8.50
2021-05-12;10:30;True Romance;Crime;Tony Scott;1993;119;16;6.50
2021-05-11;10:00;Ford v Ferrari;Action;James Mangold;2019;152;12;7.00
2021-05-10;10:00;Ford v Ferrari;Action;James Mangold;2019;152;12;7.50
2021-05-09;15:30;Duck Soup;Comedy;Leo McCarey;1933;69;12;8.50
2021-05-09;13:30;Duck Soup;Comedy;Leo McCarey;1933;69;12;7.00
2021-05-09;10:30;Dead Poets Society;Comedy;Peter Weir;1989;128;0;6.50
2021-05-08;16:00;Being John Malkovich;Comedy;Spike Jonze;1999;113;16;6.50
2021-05-08;13:00;True Romance;Crime;Tony Scott;1993;119;16;6.50
2021-05-08;10:30;The Peanut Butter Falcon;Adventure;Tyler Nilson;2019;97;12;8.50
2021-05-07;13:30;The Sandlot;Comedy;David Mickey Evans;1993;101;0;8.00
2021-05-07;10:30;It's a Wonderful Life;Drama;Frank Capra;1946;130;6;7.50
2021-05-06;12:30;Dead Poets Society;Comedy;Peter Weir;1989;128;0;8.50
2021-05-06;10:00;The Truman Show;Comedy;Peter Weir;1998;103;0;7.00
2021-05-05;10:30;Y tu mamá también;Drama;Alfonso Cuarón;2001;106;12;8.00
2021-05-04;15:30;Harvey;Comedy;Henry Koster;1950;104;12;7.50
2021-05-04;13:00;The Truman Show;Comedy;Peter Weir;1998;103;0;7.00
2021-05-04;10:00;Sunset Blvd.;Drama;Billy Wilder;1950;110;12;6.50
2021-05-03;17:30;Being There;Comedy;Hal Ashby;1979;130;6;7.00
2021-05-03;14:30;Tengoku to jigoku;Crime;Akira Kurosawa;1963;143;12;8.50
2021-05-03;10:30;Dances with Wolves;Adventure;Kevin Costner;1990;181;0;7.50
2021-05-02;15:00;The Truman Show;Comedy;Peter Weir;1998;103;0;6.50
2021-05-02;13:00;Duck Soup;Comedy;Leo McCarey;1933;69;12;8.50
2021-05-02;10:30;Y tu mamá también;Drama;Alfonso Cuarón;2001;106;12;7.50
2021-05-01;14:00;Il conformista;Drama;Bernardo Bertolucci;1970;113;12;8.00
2021-05-01;12:00;Batman: Mask of the Phantasm;Animation;Kevin Altieri;1993;76;6;6.50
2021-05-01;10:00;Duck Soup;Comedy;Leo McCarey;1933;69;12;8.00
2021-04-30;15:30;Dances with Wolves;Adventure;Kevin Costner;1990;181;0;6.50
2021-04-30;13:00;The Sandlot;Comedy;David Mickey Evans;1993;101;0;8.50
2021-04-30;10:30;The Searchers;Adventure;John Ford;1956;119;12;6.50
2021-04-29;10:30;Bacheha-Ye aseman;Drama;Majid Majidi;1997;89;6;7.00
2021-04-28;16:30;Trois couleurs: Blanc;Comedy;Krzysztof Kieslowski;1994;92;0;7.00
2021-04-28;13:30;True Romance;Crime;Tony Scott;1993;119;16;8.50
2021-04-28;10:30;Blow;Biography;Ted Demme;2001;124;16;7.50
2021-04-27;10:30;The Boondock Saints;Action;Troy Duffy;1999;108;16;6.50
2021-04-26;12:00;Blow;Biography;Ted Demme;2001;124;16;7.50
2021-04-26;10:00;Batman: Mask of the Phantasm;Animation;Kevin Altieri;1993;76;6;8.50
2021-04-25;17:30;Il conformista;Drama;Bernardo Bertolucci;1970;113;12;7.00
2021-04-25;15:00;Trois couleurs: Blanc;Comedy;Krzysztof Kieslowski;1994;92;0;7.50
2021-04-25;12:30;Le notti di Cabiria;Drama;Federico Fellini;1957;110;12;8.50
2021-04-25;10:00;The Boondock Saints;Action;Troy Duffy;1999;108;16;6.50
2021-04-24;16:30;Il conformista;Drama;Bernardo Bertolucci;1970;113;12;7.00
2021-04-24;13:30;Les diaboliques;Crime;Henri-Georges Clouzot;1955;117;12;8.50
2021-04-24;10:30;Il conformista;Drama;Bernardo Bertolucci;1970;113;12;7.50
2021-04-23;15:30;Il conformista;Drama;Bernardo Bertolucci;1970;113;12;8.50
2021-04-23;12:30;Network;Drama;Sidney Lumet;1976;121;12;8.00
2021-04-23;10:00;Sunset Blvd.;Drama;Billy Wilder;1950;110;12;6.50
2021-04-22;10:30;The Boondock Saints;Action;Troy Duffy;1999;108;16;7.50
2021-04-21;15:30;The Nightmare Before Christmas;Animation;Henry Selick;1993;76;0;8.00
2021-04-21;13:00;The Sandlot;Comedy;David Mickey Evans;1993;101;0;8.50
2021-04-21;10:00;The Shawshank Redemption;Drama;Frank Darabont;1994;142;12;6.50
2021-04-20;13:00;Dead Poets Society;Comedy;Peter Weir;1989;128;0;8.00
2021-04-20;10:30;Toy Story 4;Animation;Josh Cooley;2019;100;0;8.50
2021-04-19;16:00;Blow;Biography;Ted Demme;2001;124;16;7.50
2021-04-19;13:00;Being There;Comedy;Hal Ashby;1979;130;6;8.00
2021-04-19;10:30;Bacheha-Ye aseman;Drama;Majid Majidi;1997;89;6;7.50
2021-04-18;15:00;The Searchers;Adventure;John Ford;1956;119;12;8.00
2021-04-18;12:30;Y tu mamá también;Drama;Alfonso Cuarón;2001;106;12;6.50
2021-04-18;10:00;The French Connection;Action;William Friedkin;1971;104;12;8.00
2021-04-17;19:00;Trois couleurs: Blanc;Comedy;Krzysztof Kieslowski;1994;92;0;9.00
2021-04-17;16:30;Dip huet seung hung;Action;John Woo;1989;111;16;7.50
2021-04-17;13:30;Alien;Horror;Ridley Scott;1979;117;16;6.50
2021-04-17;10:30;E.T. the Extra-Terrestrial;Family;Steven Spielberg;1982;115;0;6.50
2021-04-16;12:30;E.T. the Extra-Terrestrial;Family;Steven Spielberg;1982;115;0;6.50
2021-04-16;10:00;Il conformista;Drama;Bernardo Bertolucci;1970;113;12;6.50
2021-04-15;16:00;E.T. the Extra-Terrestrial;Family;Steven Spielberg;1982;115;0;7.50
2021-04-15;13:30;Office Space;Comedy;Mike Judge;1999;89;16;7.50
2021-04-15;10:30;Being There;Comedy;Hal Ashby;1979;130;6;7.00
2021-04-14;16:30;Chung Hing sam lam;Comedy;Kar-Wai Wong;1994;102;0;8.00
2021-04-14;13:30;The Trial of the Chicago 7;Drama;Aaron Sorkin;2020;129;16;8.50
2021-04-14;10:30;Being There;Comedy;Hal Ashby;1979;130;6;6.50
2021-04-13;16:00;La vita è bella;Comedy;Roberto Benigni;1997;116;0;8.00
2021-04-13;13:00;Being There;Comedy;Hal Ashby;1979;130;6;6.50
2021-04-13;10:00;Remember the Titans;Biography;Boaz Yakin;2000;113;0;7.50
2021-04-12;15:30;La battaglia di Algeri;Drama;Gillo Pontecorvo;1966;121;12;7.50
2021-04-12;13:00;Sunset Blvd.;Drama;Billy Wilder;1950;110;12;6.50
2021-04-12;10:30;Chung Hing sam lam;Comedy;Kar-Wai Wong;1994;102;0;8.00
2021-04-11;18:30;Lifeboat;Drama;Alfred Hitchcock;1944;97;12;9.50
2021-04-11;16:00;Toy Story 4;Animation;Josh Cooley;2019;100;0;7.50
2021-04-11;13:00;Dead Poets Society;Comedy;Peter Weir;1989;128;0;7.00
2021-04-11;10:30;Chung Hing sam lam;Comedy;Kar-Wai Wong;1994;102;0;7.00
2021-04-10;16:00;The Trial of the Chicago 7;Drama;Aaron Sorkin;2020;129;16;6.50
2021-04-10;13:00;E.T. the Extra-Terrestrial;Family;Steven Spielberg;1982;115;0;8.50
2021-04-10;10:30;Jûbê ninpûchô;Animation;Yoshiaki Kawajiri;1993;94;12;7.50
2021-04-09;10:30;La vita è bella;Comedy;Roberto Benigni;1997;116;0;7.00
2021-04-08;13:30;Harvey;Comedy;Henry Koster;1950;104;12;7.50
2021-04-08;10:30;Dead Poets Society;Comedy;Peter Weir;1989;128;0;8.00
2021-04-07;15:30;Toy Story 4;Animation;Josh Cooley;2019;100;0;7.50
2021-04-07;13:00;Lifeboat;Drama;Alfred Hitchcock;1944;97;12;8.50
2021-04-07;10:30;La vita è bella;Comedy;Roberto Benigni;1997;116;0;8.50
2021-04-06;10:00;E.T. the Extra-Terrestrial;Family;Steven Spielberg;1982;115;0;7.00
2021-04-05;13:30;Toy Story 4;Animation;Josh Cooley;2019;100;0;8.50
2021-04-05;10:00;The Shawshank Redemption;Drama;Frank Darabont;1994;142;12;6.50
2021-04-04;18:30;The Peanut Butter Falcon;Adventure;Tyler Nilson;2019;97;12;8.50
2021-04-04;16:00;La passion de Jeanne d'Arc;Biography;Carl Theodor Dreyer;1928;110;12;8.00
2021-04-04;13:00;The Shawshank Redemption;Drama;Frank Darabont;1994;142;12;7.00
2021-04-04;10:30;Y tu mamá también;Drama;Alfonso Cuarón;2001;106;12;7.50
2021-04-03;16:30;Jûbê ninpûchô;Animation;Yoshiaki Kawajiri;1993;94;12;6.50
2021-04-03;14:00;The Peanut Butter Falcon;Adventure;Tyler Nilson;2019;97;12;6.50
2021-04-03;10:30;Hamilton;Biography;Thomas Kail;2020;160;12;7.00
2021-04-02;12:30;The Trial of the Chicago 7;Drama;Aaron Sorkin;2020;129;16;7.00
2021-04-02;10:00;La passion de Jeanne d'Arc;Biography;Carl Theodor Dreyer;1928;110;12;8.50
2021-04-01;15:00;Toy Story 4;Animation;Josh Cooley;2019;100;0;8.00
2021-04-01;12:30;Sunset Blvd.;Drama;Billy Wilder;1950;110;12;7.50
2021-04-01;10:00;Remember the Titans;Biography;Boaz Yakin;2000;113;0;7.00
2021-03-31;10:00;Office Space;Comedy;Mike Judge;1999;89;16;6.50
2021-03-30;13:30;Le notti di Cabiria;Drama;Federico Fellini;1957;110;12;8.50
2021-03-30;10:30;Dog Day Afternoon;Biography;Sidney Lumet;1975;125;0;6.50
2021-03-29;10:00;La battaglia di Algeri;Drama;Gillo Pontecorvo;1966;121;12;8.00
2021-03-28;15:30;Lat sau san taam;Action;John Woo;1992;128;16;7.50
2021-03-28;13:00;Trois couleurs: Blanc;Comedy;Krzysztof Kieslowski;1994;92;0;8.00
2021-03-28;10:30;The Innocents;Horror;Jack Clayton;1961;100;12;7.50
2021-03-27;16:00;The Searchers;Adventure;John Ford;1956;119;12;8.50
2021-03-27;13:30;The French Connection;Action;William Friedkin;1971;104;12;7.50
2021-03-27;10:30;The Searchers;Adventure;John Ford;1956;119;12;7.00
2021-03-26;15:30;Y tu mamá también;Drama;Alfonso Cuarón;2001;106;12;8.50
2021-03-26;12:30;Der Name der Rose;Crime;Jean-Jacques Annaud;1986;130;16;8.00
2021-03-26;10:00;Lifeboat;Drama;Alfred Hitchcock;1944;97;12;6.50
2021-03-25;14:30;La dolce vita;Comedy;Federico Fellini;1960;174;12;8.00
2021-03-25;12:00;The French Connection;Action;William Friedkin;1971;104;12;8.50
2021-03-25;10:00;Rope;Crime;Alfred Hitchcock;1948;80;12;8.50
2021-03-24;15:30;8½;Drama;Federico Fellini;1963;138;12;6.50
2021-03-24;13:00;Lifeboat;Drama;Alfred Hitchcock;1944;97;12;7.00
2021-03-24;10:00;Remember the Titans;Biography;Boaz Yakin;2000;113;0;7.50
2021-03-23;10:00;Y tu mamá también;Drama;Alfonso Cuarón;2001;106;12;7.00
2021-03-22;13:00;Toy Story 4;Animation;Josh Cooley;2019;100;0;8.00
2021-03-22;10:00;Dog Day Afternoon;Biography;Sidney Lumet;1975;125;0;7.50
2021-03-21;20:00;Dog Day Afternoon;Biography;Sidney Lumet;1975;125;0;9.00
2021-03-21;17:30;Jûbê ninpûchô;Animation;Yoshiaki Kawajiri;1993;94;12;6.50
2021-03-21;14:30;Network;Drama;Sidney Lumet;1976;121;12;7.00
2021-03-21;10:30;Braveheart;Biography;Mel Gibson;1995;178;12;7.00
2021-03-20;17:30;The French Connection;Action;William Friedkin;1971;104;12;6.50
2021-03-20;15:00;The French Connection;Action;William Friedkin;1971;104;12;7.50
2021-03-20;12:30;Cape Fear;Drama;J. Lee Thompson;1962;106;12;7.50
2021-03-20;10:00;Lifeboat;Drama;Alfred Hitchcock;1944;97;12;6.50
2021-03-19;15:00;La passion de Jeanne d'Arc;Biography;Carl Theodor Dreyer;1928;110;12;6.50
2021-03-19;12:30;Jûbê ninpûchô;Animation;Yoshiaki Kawajiri;1993;94;12;8.50
2021-03-19;10:00;The French Connection;Action;William Friedkin;1971;104;12;7.50
2021-03-18;10:00;Dirty Harry;Action;Don Siegel;1971;102;12;8.50
2021-03-17;13:00;Braveheart;Biography;Mel Gibson;1995;178;12;7.50
2021-03-17;10:00;E.T. the Extra-Terrestrial;Family;Steven Spielberg;1982;115;0;7.00
2021-03-16;10:30;Remember the Titans;Biography;Boaz Yakin;2000;113;0;6.50
2021-03-15;13:00;The Ten Commandments;Adventure;Cecil B. DeMille;1956;220;0;7.00
2021-03-15;10:30;The Last of the Mohicans;Action;Michael Mann;1992;112;12;7.00
2021-03-14;17:00;The Searchers;Adventure;John Ford;1956;119;12;6.50
2021-03-14;14:00;8½;Drama;Federico Fellini;1963;138;12;8.50
2021-03-14;10:30;Fitzcarraldo;Adventure;Werner Herzog;1982;158;16;8.00
2021-03-13;15:30;La dolce vita;Comedy;Federico Fellini;1960;174;12;8.50
2021-03-13;13:00;The Innocents;Horror;Jack Clayton;1961;100;12;8.00
2021-03-13;10:30;Cape Fear;Drama;J. Lee Thompson;1962;106;12;6.50
2021-03-12;13:30;Dog Day Afternoon;Biography;Sidney Lumet;1975;125;0;7.50
2021-03-12;10:00;Amores perros;Drama;Alejandro G. Iñárritu;2000;154;12;7.00
2021-03-11;10:30;Amores perros;Drama;Alejandro G. Iñárritu;2000;154;12;6.50
2021-03-10;13:00;The Last of the Mohicans;Action;Michael Mann;1992;112;12;8.50
2021-03-10;10:00;La passion de Jeanne d'Arc;Biography;Carl Theodor Dreyer;1928;110;12;8.50
2021-03-09;15:30;The Jungle Book;Animation;Wolfgang Reitherman;1967;78;0;7.00
2021-03-09;13:00;Cape Fear;Drama;J. Lee Thompson;1962;106;12;7.50
2021-03-09;10:00;E.T. the Extra-Terrestrial;Family;Steven Spielberg;1982;115;0;7.50
2021-03-08;13:00;Lat sau san taam;Action;John Woo;1992;128;16;8.50
2021-03-08;10:00;Network;Drama;Sidney Lumet;1976;121;12;6.50
2021-03-07;16:00;Harry Potter and the Sorcerer's Stone;Adventure;Chris Columbus;2001;152;0;7.50
2021-03-07;13:00;Lat sau san taam;Action;John Woo;1992;128;16;8.50
2021-03-07;10:00;Lat sau san taam;Action;John Woo;1992;128;16;8.50
2021-03-06;17:00;Toy Story 4;Animation;Josh Cooley;2019;100;0;7.50
2021-03-06;15:00;Persona;Drama;Ingmar Bergman;1966;85;12;8.50
2021-03-06;12:30;Aguirre, der Zorn Gottes;Action;Werner Herzog;1972;95;12;7.50
2021-03-06;10:00;The Last of the Mohicans;Action;Michael Mann;1992;112;12;7.00
2021-03-05;13:00;Jûbê ninpûchô;Animation;Yoshiaki Kawajiri;1993;94;12;7.50
2021-03-05;10:00;Rebecca;Drama;Alfred Hitchcock;1940;130;12;8.00
2021-03-04;16:30;La battaglia di Algeri;Drama;Gillo Pontecorvo;1966;121;12;8.00
2021-03-04;13:00;Hamilton;Biography;Thomas Kail;2020;160;12;7.00
2021-03-04;10:30;The Last of the Mohicans;Action;Michael Mann;1992;112;12;8.00
2021-03-03;15:30;Boyz n the Hood;Crime;John Singleton;1991;112;12;7.00
2021-03-03;13:00;Cape Fear;Drama;J. Lee Thompson;1962;106;12;7.50
2021-03-03;10:30;Cape Fear;Drama;J. Lee Thompson;1962;106;12;7.50
2021-03-02;12:30;8½;Drama;Federico Fellini;1963;138;12;8.50
2021-03-02;10:00;Jûbê ninpûchô;Animation;Yoshiaki Kawajiri;1993;94;12;7.50
2021-03-01;13:00;Rebecca;Drama;Alfred Hitchcock;1940;130;12;8.50
2021-03-01;10:30;Aguirre, der Zorn Gottes;Action;Werner Herzog;1972;95;12;8.00
2021-02-28;20:00;Stalag 17;Comedy;Billy Wilder;1953;120;12;8.50
2021-02-28;17:00;Rebecca;Drama;Alfred Hitchcock;1940;130;12;8.50
2021-02-28;13:30;Harry Potter and the Sorcerer's Stone;Adventure;Chris Columbus;2001;152;0;7.00
2021-02-28;10:00;8½;Drama;Federico Fellini;1963;138;12;7.50
2021-02-27;20:00;The Magnificent Seven;Action;John Sturges;1960;128;12;8.50
2021-02-27;16:30;Fitzcarraldo;Adventure;Werner Herzog;1982;158;16;7.00
2021-02-27;13:30;Le salaire de la peur;Adventure;Henri-Georges Clouzot;1953;131;0;6.50
2021-02-27;10:30;Stalag 17;Comedy;Billy Wilder;1953;120;12;6.50
2021-02-26;15:00;Amores perros;Drama;Alejandro G. Iñárritu;2000;154;12;8.00
2021-02-26;12:30;The Philadelphia Story;Comedy;George Cukor;1940;112;12;8.00
2021-02-26;10:30;Office Space;Comedy;Mike Judge;1999;89;16;8.00
2021-02-25;10:30;Seppuku;Action;Masaki Kobayashi;1962;133;12;8.00
2021-02-24;10:00;Braveheart;Biography;Mel Gibson;1995;178;12;7.50
2021-02-23;12:30;The Ten Commandments;Adventure;Cecil B. DeMille;1956;220;0;7.00
2021-02-23;10:00;Persona;Drama;Ingmar Bergman;1966;85;12;7.50
2021-02-22;16:00;Jûbê ninpûchô;Animation;Yoshiaki Kawajiri;1993;94;12;8.50
2021-02-22;13:00;Rebecca;Drama;Alfred Hitchcock;1940;130;12;7.00
2021-02-22;10:00;Le salaire de la peur;Adventure;Henri-Georges Clouzot;1953;131;0;7.50
2021-02-21;20:00;Snatch;Comedy;Guy Ritchie;2000;104;12;10.00
2021-02-21;16:30;La dolce vita;Comedy;Federico Fellini;1960;174;12;8.50
2021-02-21;13:00;Fitzcarraldo;Adventure;Werner Herzog;1982;158;16;7.00
2021-02-21;10:00;All About Eve;Drama;Joseph L. Mankiewicz;1950;138;12;7.50
2021-02-20;16:30;October Sky;Biography;Joe Johnston;1999;108;6;8.50
2021-02-20;13:30;Lat sau san taam;Action;John Woo;1992;128;16;7.50
2021-02-20;10:30;Lat sau san taam;Action;John Woo;1992;128;16;7.00
2021-02-19;10:00;Paper Moon;Comedy;Peter Bogdanovich;1973;102;0;7.00
2021-02-18;16:30;Snatch;Comedy;Guy Ritchie;2000;104;12;8.50
2021-02-18;13:30;Seppuku;Action;Masaki Kobayashi;1962;133;12;8.00
2021-02-18;10:30;Tôkyô monogatari;Drama;Yasujirô Ozu;1953;136;0;8.50
2021-02-17;15:30;Rope;Crime;Alfred Hitchcock;1948;80;12;8.50
2021-02-17;13:00;Aguirre, der Zorn Gottes;Action;Werner Herzog;1972;95;12;8.50
2021-02-17;10:00;What Ever Happened to Baby Jane?;Drama;Robert Aldrich;1962;134;12;8.00
2021-02-16;16:00;Persona;Drama;Ingmar Bergman;1966;85;12;6.50
2021-02-16;13:30;October Sky;Biography;Joe Johnston;1999;108;6;7.00
2021-02-16;10:30;Seppuku;Action;Masaki Kobayashi;1962;133;12;6.50
2021-02-15;16:00;Persona;Drama;Ingmar Bergman;1966;85;12;8.50
2021-02-15;13:00;All That Jazz;Drama;Bob Fosse;1979;123;12;6.50
2021-02-15;10:00;Tôkyô monogatari;Drama;Yasujirô Ozu;1953;136;0;7.00
2021-02-14;18:00;All About Eve;Drama;Joseph L. Mankiewicz;1950;138;12;8.50
2021-02-14;15:00;Lost Highway;Mystery;David Lynch;1997;134;12;7.00
2021-02-14;12:30;The Last of the Mohicans;Action;Michael Mann;1992;112;12;7.50
2021-02-14;10:00;Sunrise: A Song of Two Humans;Drama;F.W. Murnau;1927;94;12;8.50
2021-02-13;18:00;La dolce vita;Comedy;Federico Fellini;1960;174;12;9.50
2021-02-13;15:00;In the Heat of the Night;Crime;Norman Jewison;1967;110;0;6.50
2021-02-13;12:30;October Sky;Biography;Joe Johnston;1999;108;6;7.00
2021-02-13;10:00;Aguirre, der Zorn Gottes;Action;Werner Herzog;1972;95;12;7.50
2021-02-12;12:30;In the Heat of the Night;Crime;Norman Jewison;1967;110;0;8.50
2021-02-12;10:00;Rope;Crime;Alfred Hitchcock;1948;80;12;7.50
2021-02-11;15:30;It's a Wonderful Life;Drama;Frank Capra;1946;130;6;6.50
2021-02-11;13:00;Persona;Drama;Ingmar Bergman;1966;85;12;6.50
2021-02-11;10:00;Lost Highway;Mystery;David Lynch;1997;134;12;6.50
2021-02-10;14:00;Dog Day Afternoon;Biography;Sidney Lumet;1975;125;0;8.00
2021-02-10;10:30;Saving Private Ryan;Drama;Steven Spielberg;1998;169;16;6.50
2021-02-09;15:30;Office Space;Comedy;Mike Judge;1999;89;16;7.00
2021-02-09;12:30;Seppuku;Action;Masaki Kobayashi;1962;133;12;8.00
2021-02-09;10:00;Aguirre, der Zorn Gottes;Action;Werner Herzog;1972;95;12;7.00
2021-02-08;12:30;Seppuku;Action;Masaki Kobayashi;1962;133;12;7.00
2021-02-08;10:00;In the Heat of the Night;Crime;Norman Jewison;1967;110;0;7.00
2021-02-07;19:30;Boyz n the Hood;Crime;John Singleton;1991;112;12;9.00
2021-02-07;17:00;Scarface: The Shame of the Nation;Action;Howard Hawks;1932;93;6;7.50
2021-02-07;14:00;Stalag 17;Comedy;Billy Wilder;1953;120;12;7.50
2021-02-07;10:30;Apocalypse Now;Drama;Francis Ford Coppola;1979;147;16;8.50
2021-02-06;16:00;Sunrise: A Song of Two Humans;Drama;F.W. Murnau;1927;94;12;8.00
2021-02-06;13:00;Lost Highway;Mystery;David Lynch;1997;134;12;8.50
2021-02-06;10:00;The Trial of the Chicago 7;Drama;Aaron Sorkin;2020;129;16;7.00
2021-02-05;10:00;Boyz n the Hood;Crime;John Singleton;1991;112;12;6.50
2021-02-04;10:00;Sunrise: A Song of Two Humans;Drama;F.W. Murnau;1927;94;12;7.50
2021-02-03;15:30;Apocalypse Now;Drama;Francis Ford Coppola;1979;147;16;7.50
2021-02-03;13:00;Scarface: The Shame of the Nation;Action;Howard Hawks;1932;93;6;8.50
2021-02-03;10:30;The Jungle Book;Animation;Wolfgang Reitherman;1967;78;0;7.50
2021-02-02;15:30;Paper Moon;Comedy;Peter Bogdanovich;1973;102;0;7.50
2021-02-02;13:00;Central do Brasil;Drama;Walter Salles;1998;110;16;7.00
2021-02-02;10:30;Aguirre, der Zorn Gottes;Action;Werner Herzog;1972;95;12;8.50
2021-02-01;10:30;Cabaret;Drama;Bob Fosse;1972;124;12;8.00
2021-01-31;17:30;Sunrise: A Song of Two Humans;Drama;F.W. Murnau;1927;94;12;7.50
2021-01-31;13:00;The Ten Commandments;Adventure;Cecil B. DeMille;1956;220;0;8.50
2021-01-31;10:30;Central do Brasil;Drama;Walter Salles;1998;110;16;6.50
2021-01-30;18:00;Office Space;Comedy;Mike Judge;1999;89;16;9.50
2021-01-30;15:00;La Grande Illusion;Drama;Jean Renoir;1937;113;12;8.50
2021-01-30;10:30;The Ten Commandments;Adventure;Cecil B. DeMille;1956;220;0;8.00
2021-01-29;10:00;Marriage Story;Comedy;Noah Baumbach;2019;137;0;8.00
2021-01-28;12:30;Das Cabinet des Dr. Caligari;Fantasy;Robert Wiene;1920;76;12;7.00
2021-01-28;10:00;Sunrise: A Song of Two Humans;Drama;F.W. Murnau;1927;94;12;8.00
2021-01-27;10:30;Le salaire de la peur;Adventure;Henri-Georges Clouzot;1953;131;0;7.50
2021-01-26;15:30;Marriage Story;Comedy;Noah Baumbach;2019;137;0;7.50
2021-01-26;13:00;Central do Brasil;Drama;Walter Salles;1998;110;16;8.50
2021-01-26;10:30;The Peanut Butter Falcon;Adventure;Tyler Nilson;2019;97;12;7.00
2021-01-25;13:30;The Ten Commandments;Adventure;Cecil B. DeMille;1956;220;0;7.00
2021-01-25;10:00;Dancer in the Dark;Crime;Lars von Trier;2000;140;0;7.00
2021-01-24;20:00;All That Jazz;Drama;Bob Fosse;1979;123;12;8.50
2021-01-24;17:30;Boyz n the Hood;Crime;John Singleton;1991;112;12;6.50
2021-01-24;15:00;Office Space;Comedy;Mike Judge;1999;89;16;8.00
2021-01-24;10:30;Andrei Rublev;Biography;Andrei Tarkovsky;1966;205;16;8.50
2021-01-23;16:30;Scarface: The Shame of the Nation;Action;Howard Hawks;1932;93;6;8.50
2021-01-23;13:30;Tôkyô monogatari;Drama;Yasujirô Ozu;1953;136;0;8.00
2021-01-23;10:30;It's a Wonderful Life;Drama;Frank Capra;1946;130;6;7.50
2021-01-22;13:00;The Peanut Butter Falcon;Adventure;Tyler Nilson;2019;97;12;8.00
2021-01-22;10:00;It's a Wonderful Life;Drama;Frank Capra;1946;130;6;7.50
2021-01-21;10:00;Dancer in the Dark;Crime;Lars von Trier;2000;140;0;7.00
2021-01-20;13:00;Marriage Story;Comedy;Noah Baumbach;2019;137;0;8.50
2021-01-20;10:00;Knives Out;Comedy;Rian Johnson;2019;130;12;8.50
2021-01-19;10:00;October Sky;Biography;Joe Johnston;1999;108;6;7.50
2021-01-18;13:00;Sunrise: A Song of Two Humans;Drama;F.W. Murnau;1927;94;12;8.00
2021-01-18;10:30;Predator;Action;John McTiernan;1987;107;12;8.00
2021-01-17;16:00;North by Northwest;Adventure;Alfred Hitchcock;1959;136;0;8.00
2021-01-17;13:00;The Conversation;Drama;Francis Ford Coppola;1974;113;0;8.00
2021-01-17;10:00;The Trial of the Chicago 7;Drama;Aaron Sorkin;2020;129;16;7.50
2021-01-16;20:30;Stalag 17;Comedy;Billy Wilder;1953;120;12;10.00
2021-01-16;17:30;Marriage Story;Comedy;Noah Baumbach;2019;137;0;8.00
2021-01-16;13:00;Andrei Rublev;Biography;Andrei Tarkovsky;1966;205;16;6.50
2021-01-16;10:00;Blowup;Drama;Michelangelo Antonioni;1966;111;12;6.50
2021-01-15;12:30;North by Northwest;Adventure;Alfred Hitchcock;1959;136;0;7.00
2021-01-15;10:00;The Conversation;Drama;Francis Ford Coppola;1974;113;0;8.50
2021-01-14;10:00;Toy Story 2;Animation;John Lasseter;1999;92;0;7.50
2021-01-13;10:30;Das Cabinet des Dr. Caligari;Fantasy;Robert Wiene;1920;76;12;8.50
2021-01-12;10:00;Dil Bechara;Comedy;Mukesh Chhabra;2020;101;12;8.50
2021-01-11;10:30;Marriage Story;Comedy;Noah Baumbach;2019;137;0;8.00
2021-01-10;16:00;Dancer in the Dark;Crime;Lars von Trier;2000;140;0;6.50
2021-01-10;13:00;The Trial of the Chicago 7;Drama;Aaron Sorkin;2020;129;16;8.50
2021-01-10;10:00;Se7en;Crime;David Fincher;1995;127;12;7.00
2021-01-09;19:30;Predator;Action;John McTiernan;1987;107;12;9.50
2021-01-09;16:00;Saving Private Ryan;Drama;Steven Spielberg;1998;169;16;7.50
2021-01-09;13:00;Cast Away;Adventure;Robert Zemeckis;2000;143;12;8.50
2021-01-09;10:30;Touch of Evil;Crime;Orson Welles;1958;95;12;7.00
2021-01-08;17:30;Sunrise: A Song of Two Humans;Drama;F.W. Murnau;1927;94;12;7.00
2021-01-08;13:00;Spartacus;Adventure;Stanley Kubrick;1960;197;12;8.50
2021-01-08;10:00;Rebecca;Drama;Alfred Hitchcock;1940;130;12;8.00
2021-01-07;17:00;Psycho;Horror;Alfred Hitchcock;1960;109;12;8.50
2021-01-07;14:00;North by Northwest;Adventure;Alfred Hitchcock;1959;136;0;6.50
2021-01-07;10:30;Apocalypse Now;Drama;Francis Ford Coppola;1979;147;16;7.00
2021-01-06;10:00;Spartacus;Adventure;Stanley Kubrick;1960;197;12;7.00
2021-01-05;10:30;October Sky;Biography;Joe Johnston;1999;108;6;8.50
2021-01-04;17:00;Rebecca;Drama;Alfred Hitchcock;1940;130;12;7.50
2021-01-04;13:00;Avengers: Endgame;Action;Anthony Russo;2019;181;12;8.50
2021-01-04;10:30;October Sky;Biography;Joe Johnston;1999;108;6;6.50
2021-01-03;15:30;Saving Private Ryan;Drama;Steven Spielberg;1998;169;16;7.00
2021-01-03;13:00;The Third Man;Film-Noir;Carol Reed;1949;104;12;7.00
2021-01-03;10:30;October Sky;Biography;Joe Johnston;1999;108;6;7.50
2021-01-02;17:00;Predator;Action;John McTiernan;1987;107;12;7.50
2021-01-02;14:30;Toy Story 2;Animation;John Lasseter;1999;92;0;7.00
2021-01-02;10:30;The Green Mile;Crime;Frank Darabont;1999;189;12;6.50
2021-01-01;16:30;The Third Man;Film-Noir;Carol Reed;1949;104;12;6.50
2021-01-01;13:30;Mononoke-hime;Animation;Hayao Miyazaki;1997;134;0;7.00
2021-01-01;10:30;Knives Out;Comedy;Rian Johnson;2019;130;12;6.50
2020-12-31;10:00;Central do Brasil;Drama;Walter Salles;1998;110;16;6.50
2020-12-30;13:00;Das Cabinet des Dr. Caligari;Fantasy;Robert Wiene;1920;76;12;8.00
2020-12-30;10:30;Laura;Drama;Otto Preminger;1944;88;12;6.50
2020-12-29;12:30;Das Cabinet des Dr. Caligari;Fantasy;Robert Wiene;1920;76;12;7.50
2020-12-29;10:00;Sanjuro;Action;Akira Kurosawa;1962;96;0;7.00
2020-12-28;10:00;Saving Private Ryan;Drama;Steven Spielberg;1998;169;16;7.50
2020-12-27;16:30;Das Cabinet des Dr. Caligari;Fantasy;Robert Wiene;1920;76;12;8.50
2020-12-27;13:30;Knives Out;Comedy;Rian Johnson;2019;130;12;7.50
2020-12-27;10:30;Mononoke-hime;Animation;Hayao Miyazaki;1997;134;0;8.50
2020-12-26;17:00;Marriage Story;Comedy;Noah Baumbach;2019;137;0;8.00
2020-12-26;14:00;La Grande Illusion;Drama;Jean Renoir;1937;113;12;7.50
2020-12-26;10:00;The Green Mile;Crime;Frank Darabont;1999;189;12;6.50
2020-12-25;13:00;Glory;Biography;Edward Zwick;1989;122;16;6.50
2020-12-25;10:30;The Breakfast Club;Comedy;John Hughes;1985;97;12;8.00
2020-12-24;10:30;Dil Bechara;Comedy;Mukesh Chhabra;2020;101;12;7.00
2020-12-23;13:00;Predator;Action;John McTiernan;1987;107;12;6.50
2020-12-23;10:30;Trainspotting;Drama;Danny Boyle;1996;93;12;6.50
2020-12-22;16:00;La Grande Illusion;Drama;Jean Renoir;1937;113;12;6.50
2020-12-22;13:30;The Third Man;Film-Noir;Carol Reed;1949;104;12;7.00
2020-12-22;10:30;Jurassic Park;Action;Steven Spielberg;1993;127;12;7.50
2020-12-21;17:00;Repulsion;Drama;Roman Polanski;1965;105;12;6.50
2020-12-21;13:00;Spartacus;Adventure;Stanley Kubrick;1960;197;12;8.00
2020-12-21;10:00;The Red Shoes;Drama;Michael Powell;1948;135;12;8.00
2020-12-20;16:00;Snatch;Comedy;Guy Ritchie;2000;104;12;7.00
2020-12-20;13:30;Jojo Rabbit;Comedy;Taika Waititi;2019;108;12;8.50
2020-12-20;10:30;Mononoke-hime;Animation;Hayao Miyazaki;1997;134;0;7.00
2020-12-19;20:00;Central do Brasil;Drama;Walter Salles;1998;110;16;8.50
2020-12-19;17:00;Marriage Story;Comedy;Noah Baumbach;2019;137;0;8.50
2020-12-19;14:00;Marriage Story;Comedy;Noah Baumbach;2019;137;0;8.50
2020-12-19;10:30;Saving Private Ryan;Drama;Steven Spielberg;1998;169;16;7.00
2020-12-18;10:30;Glory;Biography;Edward Zwick;1989;122;16;8.50
2020-12-17;15:30;Rebecca;Drama;Alfred Hitchcock;1940;130;12;8.00
2020-12-17;12:30;A Man for All Seasons;Biography;Fred Zinnemann;1966;120;0;7.50
2020-12-17;10:00;Repulsion;Drama;Roman Polanski;1965;105;12;6.50
2020-12-16;15:00;Todo sobre mi madre;Drama;Pedro Almodóvar;1999;101;16;7.00
2020-12-16;12:00;Rebecca;Drama;Alfred Hitchcock;1940;130;12;7.50
2020-12-16;10:00;Laura;Drama;Otto Preminger;1944;88;12;6.50
2020-12-15;10:00;Jurassic Park;Action;Steven Spielberg;1993;127;12;7.00
2020-12-14;10:30;La Grande Illusion;Drama;Jean Renoir;1937;113;12;7.50
2020-12-13;21:00;Roma;Drama;Alfonso Cuarón;2018;135;16;10.00
2020-12-13;17:00;The Green Mile;Crime;Frank Darabont;1999;189;12;6.50
2020-12-13;14:00;Lat sau san taam;Action;John Woo;1992;128;16;8.50
2020-12-13;10:30;Amores perros;Drama;Alejandro G. Iñárritu;2000;154;12;7.00
2020-12-12;19:00;Repulsion;Drama;Roman Polanski;1965;105;12;9.50
2020-12-12;16:30;Toy Story 2;Animation;John Lasseter;1999;92;0;8.50
2020-12-12;14:00;Touch of Evil;Crime;Orson Welles;1958;95;12;8.00
2020-12-12;10:00;Avengers: Endgame;Action;Anthony Russo;2019;181;12;7.50
2020-12-11;16:00;Amores perros;Drama;Alejandro G. Iñárritu;2000;154;12;8.50
2020-12-11;13:00;Se7en;Crime;David Fincher;1995;127;12;8.00
2020-12-11;10:00;Rebecca;Drama;Alfred Hitchcock;1940;130;12;7.50
2020-12-10;13:30;Todo sobre mi madre;Drama;Pedro Almodóvar;1999;101;16;8.50
2020-12-10;10:30;Se7en;Crime;David Fincher;1995;127;12;7.00
2020-12-09;13:30;Touch of Evil;Crime;Orson Welles;1958;95;12;8.50
2020-12-09;10:30;The Conversation;Drama;Francis Ford Coppola;1974;113;0;8.00
2020-12-08;12:30;Psycho;Horror;Alfred Hitchcock;1960;109;12;8.00
2020-12-08;10:00;Glengarry Glen Ross;Crime;James Foley;1992;100;16;8.50
2020-12-07;10:30;Snatch;Comedy;Guy Ritchie;2000;104;12;6.50
2020-12-06;18:30;Amores perros;Drama;Alejandro G. Iñárritu;2000;154;12;10.00
2020-12-06;16:00;Dil Bechara;Comedy;Mukesh Chhabra;2020;101;12;8.50
2020-12-06;12:30;Amores perros;Drama;Alejandro G. Iñárritu;2000;154;12;7.50
2020-12-06;10:00;Sanjuro;Action;Akira Kurosawa;1962;96;0;8.50
2020-12-05;15:30;Bonnie and Clyde;Action;Arthur Penn;1967;111;12;6.50
2020-12-05;12:30;Roma;Drama;Alfonso Cuarón;2018;135;16;8.50
2020-12-05;10:00;Jojo Rabbit;Comedy;Taika Waititi;2019;108;12;7.00
2020-12-04;15:00;Underground;Comedy;Emir Kusturica;1995;170;12;6.50
2020-12-04;12:30;The Breakfast Club;Comedy;John Hughes;1985;97;12;6.50
2020-12-04;10:00;The Gold Rush;Adventure;Charles Chaplin;1925;95;12;8.50
2020-12-03;10:00;Groundhog Day;Comedy;Harold Ramis;1993;101;0;7.00
2020-12-02;15:00;The Breakfast Club;Comedy;John Hughes;1985;97;12;6.50
2020-12-02;12:30;Todo sobre mi madre;Drama;Pedro Almodóvar;1999;101;16;7.50
2020-12-02;10:00;Snatch;Comedy;Guy Ritchie;2000;104;12;8.00
2020-12-01;13:00;Marriage Story;Comedy;Noah Baumbach;2019;137;0;7.00
2020-12-01;10:00;Jurassic Park;Action;Steven Spielberg;1993;127;12;8.50
2020-11-30;10:00;Do the Right Thing;Comedy;Spike Lee;1989;120;16;8.00
2020-11-29;15:30;The Breakfast Club;Comedy;John Hughes;1985;97;12;8.00
2020-11-29;12:30;The Magnificent Seven;Action;John Sturges;1960;128;12;8.00
2020-11-29;10:00;The Breakfast Club;Comedy;John Hughes;1985;97;12;6.50
2020-11-28;19:00;The Third Man;Film-Noir;Carol Reed;1949;104;12;8.50
2020-11-28;16:00;Spider-Man: Into the Spider-Verse;Animation;Bob Persichetti;2018;117;0;8.50
2020-11-28;13:00;Lat sau san taam;Action;John Woo;1992;128;16;7.00
2020-11-28;10:00;Roma;Drama;Alfonso Cuarón;2018;135;16;7.00
2020-11-27;15:30;Roma;Drama;Alfonso Cuarón;2018;135;16;8.00
2020-11-27;12:30;Spider-Man: Into the Spider-Verse;Animation;Bob Persichetti;2018;117;0;8.50
2020-11-27;10:00;Gongdong gyeongbi guyeok JSA;Action;Chan-wook Park;2000;110;12;8.50
2020-11-26;16:30;Empire of the Sun;Action;Steven Spielberg;1987;153;0;8.00
2020-11-26;13:00;Empire of the Sun;Action;Steven Spielberg;1987;153;0;8.50
2020-11-26;10:00;Jurassic Park;Action;Steven Spielberg;1993;127;12;8.00
2020-11-25;10:00;Groundhog Day;Comedy;Harold Ramis;1993;101;0;8.00
2020-11-24;16:00;Groundhog Day;Comedy;Harold Ramis;1993;101;0;6.50
2020-11-24;13:30;Sanjuro;Action;Akira Kurosawa;1962;96;0;8.50
2020-11-24;10:30;Glory;Biography;Edward Zwick;1989;122;16;6.50
2020-11-23;17:00;The Breakfast Club;Comedy;John Hughes;1985;97;12;8.00
2020-11-23;13:00;The Godfather;Crime;Francis Ford Coppola;1972;175;12;7.50
2020-11-23;10:30;Dil Bechara;Comedy;Mukesh Chhabra;2020;101;12;7.50
2020-11-22;16:30;Avengers: Endgame;Action;Anthony Russo;2019;181;12;7.50
2020-11-22;14:00;The Lost Weekend;Drama;Billy Wilder;1945;101;12;6.50
2020-11-22;10:30;Ran;Action;Akira Kurosawa;1985;162;0;8.50
2020-11-21;18:30;The Red Shoes;Drama;Michael Powell;1948;135;12;8.50
2020-11-21;16:30;The Nightmare Before Christmas;Animation;Henry Selick;1993;76;0;7.00
2020-11-21;13:00;Empire of the Sun;Action;Steven Spielberg;1987;153;0;8.50
2020-11-21;10:00;Spider-Man: Into the Spider-Verse;Animation;Bob Persichetti;2018;117;0;8.50
2020-11-20;10:30;Todo sobre mi madre;Drama;Pedro Almodóvar;1999;101;16;6.50
2020-11-19;10:00;Todo sobre mi madre;Drama;Pedro Almodóvar;1999;101;16;8.50
2020-11-18;13:00;Marriage Story;Comedy;Noah Baumbach;2019;137;0;7.00
2020-11-18;10:00;The Magnificent Seven;Action;John Sturges;1960;128;12;8.50
2020-11-17;10:30;Ran;Action;Akira Kurosawa;1985;162;0;7.00
2020-11-16;17:00;Glory;Biography;Edward Zwick;1989;122;16;7.50
2020-11-16;13:00;Scarface;Crime;Brian De Palma;1983;170;12;8.50
2020-11-16;10:00;M - Eine Stadt sucht einen Mörder;Crime;Fritz Lang;1931;117;12;8.00
2020-11-15;21:00;The Bridge on the River Kwai;Adventure;David Lean;1957;161;6;9.00
2020-11-15;17:00;Fanny och Alexander;Drama;Ingmar Bergman;1982;188;12;8.50
2020-11-15;13:30;The Bridge on the River Kwai;Adventure;David Lean;1957;161;6;8.50
2020-11-15;10:30;The Red Shoes;Drama;Michael Powell;1948;135;12;6.50
2020-11-14;18:00;The Lost Weekend;Drama;Billy Wilder;1945;101;12;8.50
2020-11-14;15:00;Do the Right Thing;Comedy;Spike Lee;1989;120;16;7.00
2020-11-14;12:30;Sanjuro;Action;Akira Kurosawa;1962;96;0;8.50
2020-11-14;10:00;Glengarry Glen Ross;Crime;James Foley;1992;100;16;8.50
2020-11-13;15:30;Empire of the Sun;Action;Steven Spielberg;1987;153;0;6.50
2020-11-13;12:30;Roma;Drama;Alfonso Cuarón;2018;135;16;8.00
2020-11-13;10:00;American Psycho;Comedy;Mary Harron;2000;101;12;7.50
2020-11-12;15:30;Roma;Drama;Alfonso Cuarón;2018;135;16;7.50
2020-11-12;13:00;M - Eine Stadt sucht einen Mörder;Crime;Fritz Lang;1931;117;12;7.50
2020-11-12;10:00;Marriage Story;Comedy;Noah Baumbach;2019;137;0;6.50
2020-11-11;16:30;Gongdong gyeongbi guyeok JSA;Action;Chan-wook Park;2000;110;12;7.50
2020-11-11;13:30;Do the Right Thing;Comedy;Spike Lee;1989;120;16;8.00
2020-11-11;10:30;M - Eine Stadt sucht einen Mörder;Crime;Fritz Lang;1931;117;12;8.50
2020-11-10;13:30;The Godfather;Crime;Francis Ford Coppola;1972;175;12;6.50
2020-11-10;10:30;Roma;Drama;Alfonso Cuarón;2018;135;16;8.00
2020-11-09;10:30;The Nightmare Before Christmas;Animation;Henry Selick;1993;76;0;6.50
2020-11-08;16:00;Empire of the Sun;Action;Steven Spielberg;1987;153;0;7.00
2020-11-08;13:00;A Man for All Seasons;Biography;Fred Zinnemann;1966;120;0;8.50
2020-11-08;10:00;Star Wars: Episode VI - Return of the Jedi;Action;Richard Marquand;1983;131;0;6.50
2020-11-07;16:30;Marriage Story;Comedy;Noah Baumbach;2019;137;0;6.50
2020-11-07;13:30;All That Jazz;Drama;Bob Fosse;1979;123;12;7.50
2020-11-07;10:30;The Big Sleep;Crime;Howard Hawks;1946;114;12;6.50
2020-11-06;10:30;Gongdong gyeongbi guyeok JSA;Action;Chan-wook Park;2000;110;12;8.50
2020-11-05;17:00;Empire of the Sun;Action;Steven Spielberg;1987;153;0;8.50
2020-11-05;13:00;Fanny och Alexander;Drama;Ingmar Bergman;1982;188;12;8.00
2020-11-05;10:30;Spider-Man: Into the Spider-Verse;Animation;Bob Persichetti;2018;117;0;8.00
2020-11-04;13:00;The Muppet Movie;Adventure;James Frawley;1979;95;0;6.50
2020-11-04;10:00;The Magnificent Seven;Action;John Sturges;1960;128;12;7.00
2020-11-03;10:30;Star Wars: Episode VI - Return of the Jedi;Action;Richard Marquand;1983;131;0;8.50
2020-11-02;13:30;Kramer vs. Kramer;Drama;Robert Benton;1979;105;12;7.50
2020-11-02;10:30;Se7en;Crime;David Fincher;1995;127;12;8.00
2020-11-01;17:30;Fargo;Crime;Joel Coen;1996;98;12;8.00
2020-11-01;15:30;The Nightmare Before Christmas;Animation;Henry Selick;1993;76;0;8.00
2020-11-01;13:00;Glengarry Glen Ross;Crime;James Foley;1992;100;16;7.50
2020-11-01;10:00;Glory;Biography;Edward Zwick;1989;122;16;8.50
2020-10-31;19:00;Se7en;Crime;David Fincher;1995;127;12;9.50
2020-10-31;16:30;The Princess Bride;Adventure;Rob Reiner;1987;98;0;8.50
2020-10-31;13:30;Se7en;Crime;David Fincher;1995;127;12;7.50
2020-10-31;10:30;The Magnificent Seven;Action;John Sturges;1960;128;12;7.50
2020-10-30;14:00;Glengarry Glen Ross;Crime;James Foley;1992;100;16;7.50
2020-10-30;10:30;Where Eagles Dare;Action;Brian G. Hutton;1968;158;0;8.50
2020-10-29;16:00;Kramer vs. Kramer;Drama;Robert Benton;1979;105;12;8.00
2020-10-29;13:00;The Magnificent Seven;Action;John Sturges;1960;128;12;7.00
2020-10-29;10:30;Todo sobre mi madre;Drama;Pedro Almodóvar;1999;101;16;7.00
2020-10-28;12:30;The Last of the Mohicans;Action;Michael Mann;1992;112;12;6.50
2020-10-28;10:00;Glengarry Glen Ross;Crime;James Foley;1992;100;16;7.00
2020-10-27;10:00;Blazing Saddles;Comedy;Mel Brooks;1974;93;12;6.50
2020-10-26;10:00;All That Jazz;Drama;Bob Fosse;1979;123;12;7.00
2020-10-25;17:00;The Big Sleep;Crime;Howard Hawks;1946;114;12;8.50
2020-10-25;13:00;The Godfather;Crime;Francis Ford Coppola;1972;175;12;8.50
2020-10-25;10:30;The Muppet Movie;Adventure;James Frawley;1979;95;0;6.50
2020-10-24;17:00;Kramer vs. Kramer;Drama;Robert Benton;1979;105;12;8.00
2020-10-24;14:00;All That Jazz;Drama;Bob Fosse;1979;123;12;8.00
2020-10-24;10:30;Mission: Impossible - Fallout;Action;Christopher McQuarrie;2018;147;12;7.00
2020-10-23;12:30;Per un pugno di dollari;Action;Sergio Leone;1964;99;12;7.50
2020-10-23;10:00;The Last of the Mohicans;Action;Michael Mann;1992;112;12;8.50
2020-10-22;14:00;Per un pugno di dollari;Action;Sergio Leone;1964;99;12;6.50
2020-10-22;10:30;Scarface;Crime;Brian De Palma;1983;170;12;6.50
2020-10-21;13:30;Il buono, il brutto, il cattivo;Western;Sergio Leone;1966;161;12;8.00
2020-10-21;10:00;Il buono, il brutto, il cattivo;Western;Sergio Leone;1966;161;12;8.50
2020-10-20;10:30;In the Name of the Father;Biography;Jim Sheridan;1993;133;12;7.00
2020-10-19;14:00;Star Wars: Episode VI - Return of the Jedi;Action;Richard Marquand;1983;131;0;6.50
2020-10-19;10:30;The Insider;Biography;Michael Mann;1999;157;12;8.50
2020-10-18;16:00;The Muppet Movie;Adventure;James Frawley;1979;95;0;8.50
2020-10-18;13:30;Kramer vs. Kramer;Drama;Robert Benton;1979;105;12;6.50
2020-10-18;10:00;Il buono, il brutto, il cattivo;Western;Sergio Leone;1966;161;12;8.50
2020-10-17;16:30;Marriage Story;Comedy;Noah Baumbach;2019;137;0;8.00
2020-10-17;13:30;Glory;Biography;Edward Zwick;1989;122;16;8.50
2020-10-17;10:30;Goodfellas;Biography;Martin Scorsese;1990;146;12;7.00
2020-10-16;13:30;Rushmore;Comedy;Wes Anderson;1998;93;12;8.50
2020-10-16;10:00;The Insider;Biography;Michael Mann;1999;157;12;6.50
2020-10-15;13:30;Fanny och Alexander;Drama;Ingmar Bergman;1982;188;12;7.00
2020-10-15;10:00;Il buono, il brutto, il cattivo;Western;Sergio Leone;1966;161;12;7.50
2020-10-14;10:00;The Last of the Mohicans;Action;Michael Mann;1992;112;12;7.50
2020-10-13;14:00;Gandhi;Biography;Richard Attenborough;1982;191;0;7.00
2020-10-13;10:00;Fanny och Alexander;Drama;Ingmar Bergman;1982;188;12;8.00
2020-10-12;16:00;Where Eagles Dare;Action;Brian G. Hutton;1968;158;0;8.00
2020-10-12;13:30;Midnight Cowboy;Drama;John Schlesinger;1969;113;12;7.00
2020-10-12;10:30;M - Eine Stadt sucht einen Mörder;Crime;Fritz Lang;1931;117;12;8.00
2020-10-11;21:30;Casino;Crime;Martin Scorsese;1995;178;12;8.50
2020-10-11;18:00;The Bridge on the River Kwai;Adventure;David Lean;1957;161;6;8.50
2020-10-11;14:00;Titanic;Drama;James Cameron;1997;194;12;8.50
2020-10-11;10:00;Spartacus;Adventure;Stanley Kubrick;1960;197;12;7.50
2020-10-10;15:30;Spider-Man: Into the Spider-Verse;Animation;Bob Persichetti;2018;117;0;8.50
2020-10-10;13:00;Rushmore;Comedy;Wes Anderson;1998;93;12;7.00
2020-10-10;10:30;Kramer vs. Kramer;Drama;Robert Benton;1979;105;12;8.50
2020-10-09;13:00;Philadelphia;Drama;Jonathan Demme;1993;125;12;7.50
2020-10-09;10:00;M - Eine Stadt sucht einen Mörder;Crime;Fritz Lang;1931;117;12;8.50
2020-10-08;13:30;Spider-Man: Into the Spider-Verse;Animation;Bob Persichetti;2018;117;0;7.00
2020-10-08;10:30;A Few Good Men;Drama;Rob Reiner;1992;138;0;8.50
2020-10-07;16:30;The Last of the Mohicans;Action;Michael Mann;1992;112;12;8.50
2020-10-07;14:00;The Muppet Movie;Adventure;James Frawley;1979;95;0;8.00
2020-10-07;10:30;Where Eagles Dare;Action;Brian G. Hutton;1968;158;0;7.50
2020-10-06;13:00;A Christmas Story;Comedy;Bob Clark;1983;93;0;7.50
2020-10-06;10:30;Dil Bechara;Comedy;Mukesh Chhabra;2020;101;12;7.00
2020-10-05;10:30;Se7en;Crime;David Fincher;1995;127;12;8.00
2020-10-04;16:30;Dil Bechara;Comedy;Mukesh Chhabra;2020;101;12;7.00
2020-10-04;13:30;A Few Good Men;Drama;Rob Reiner;1992;138;0;7.00
2020-10-04;10:30;In the Name of the Father;Biography;Jim Sheridan;1993;133;12;7.50
2020-10-03;16:30;Kurenai no buta;Animation;Hayao Miyazaki;1992;94;0;7.50
2020-10-03;14:30;The Nightmare Before Christmas;Animation;Henry Selick;1993;76;0;6.50
2020-10-03;12:00;The Muppet Movie;Adventure;James Frawley;1979;95;0;7.00
2020-10-03;10:00;South Park: Bigger, Longer & Uncut;Animation;Trey Parker;1999;81;12;8.50
2020-10-02;10:00;Blue Velvet;Drama;David Lynch;1986;120;12;6.50
2020-10-01;10:30;Reservoir Dogs;Crime;Quentin Tarantino;1992;99;16;7.50
2020-09-30;10:30;The Graduate;Comedy;Mike Nichols;1967;106;12;8.00
2020-09-29;10:30;Uri: The Surgical Strike;Action;Aditya Dhar;2018;138;12;8.00
2020-09-28;10:00;In the Name of the Father;Biography;Jim Sheridan;1993;133;12;6.50
2020-09-27;14:30;Fargo;Crime;Joel Coen;1996;98;12;7.50
2020-09-27;12:00;The Graduate;Comedy;Mike Nichols;1967;106;12;7.50
2020-09-27;10:00;South Park: Bigger, Longer & Uncut;Animation;Trey Parker;1999;81;12;6.50
2020-09-26;15:30;The Last of the Mohicans;Action;Michael Mann;1992;112;12;6.50
2020-09-26;13:00;The Muppet Movie;Adventure;James Frawley;1979;95;0;8.50
2020-09-26;10:30;Trois couleurs: Bleu;Drama;Krzysztof Kieslowski;1993;94;0;6.50
2020-09-25;13:00;Trois couleurs: Bleu;Drama;Krzysztof Kieslowski;1993;94;0;8.50
2020-09-25;10:00;Midnight Cowboy;Drama;John Schlesinger;1969;113;12;7.50
2020-09-24;10:30;Dil Bechara;Comedy;Mukesh Chhabra;2020;101;12;8.00
2020-09-23;15:00;Dil Bechara;Comedy;Mukesh Chhabra;2020;101;12;8.00
2020-09-23;12:30;Dil Bechara;Comedy;Mukesh Chhabra;2020;101;12;7.00
2020-09-23;10:00;The Last of the Mohicans;Action;Michael Mann;1992;112;12;6.50
2020-09-22;14:00;In the Name of the Father;Biography;Jim Sheridan;1993;133;12;7.50
2020-09-22;10:30;2001: A Space Odyssey;Adventure;Stanley Kubrick;1968;149;0;6.50
2020-09-21;13:00;A Few Good Men;Drama;Rob Reiner;1992;138;0;7.50
2020-09-21;10:30;Reservoir Dogs;Crime;Quentin Tarantino;1992;99;16;8.00
2020-09-20;15:30;Fargo;Crime;Joel Coen;1996;98;12;6.50
2020-09-20;13:00;Kurenai no buta;Animation;Hayao Miyazaki;1992;94;0;7.50
2020-09-20;10:00;In the Name of the Father;Biography;Jim Sheridan;1993;133;12;8.00
2020-09-19;18:30;In the Name of the Father;Biography;Jim Sheridan;1993;133;12;10.00
2020-09-19;15:30;A Few Good Men;Drama;Rob Reiner;1992;138;0;7.50
2020-09-19;12:30;A Few Good Men;Drama;Rob Reiner;1992;138;0;8.00
2020-09-19;10:00;The Last of the Mohicans;Action;Michael Mann;1992;112;12;7.50
2020-09-18;10:30;Kurenai no buta;Animation;Hayao Miyazaki;1992;94;0;6.50
2020-09-17;12:30;The Graduate;Comedy;Mike Nichols;1967;106;12;7.50
2020-09-17;10:30;South Park: Bigger, Longer & Uncut;Animation;Trey Parker;1999;81;12;7.50
2020-09-16;10:00;The Graduate;Comedy;Mike Nichols;1967;106;12;7.00
2020-09-15;16:30;Rashômon;Crime;Akira Kurosawa;1950;88;12;6.50
2020-09-15;14:30;The General;Action;Clyde Bruckman;1926;67;12;8.50
2020-09-15;10:30;Magnolia;Drama;Paul Thomas Anderson;1999;188;16;6.50
2020-09-14;15:30;Gandhi;Biography;Richard Attenborough;1982;191;0;8.50
2020-09-14;13:00;Kurenai no buta;Animation;Hayao Miyazaki;1992;94;0;8.00
2020-09-14;10:00;Philadelphia;Drama;Jonathan Demme;1993;125;12;7.00
2020-09-13;19:00;Breakfast at Tiffany's;Comedy;Blake Edwards;1961;115;12;8.50
2020-09-13;16:30;Reservoir Dogs;Crime;Quentin Tarantino;1992;99;16;6.50
2020-09-13;13:00;Goodfellas;Biography;Martin Scorsese;1990;146;12;8.50
2020-09-13;10:00;A Few Good Men;Drama;Rob Reiner;1992;138;0;7.50
2020-09-12;16:30;Magnolia;Drama;Paul Thomas Anderson;1999;188;16;8.00
2020-09-12;13:30;Shadow of a Doubt;Film-Noir;Alfred Hitchcock;1943;108;6;7.00
2020-09-12;10:30;Blue Velvet;Drama;David Lynch;1986;120;12;7.00
2020-09-11;17:30;Sabrina;Comedy;Billy Wilder;1954;113;12;7.50
2020-09-11;13:30;Magnolia;Drama;Paul Thomas Anderson;1999;188;16;7.50
2020-09-11;10:30;The Long Goodbye;Comedy;Robert Altman;1973;112;12;8.50
2020-09-10;10:30;Goodfellas;Biography;Martin Scorsese;1990;146;12;8.50
2020-09-09;17:30;The Graduate;Comedy;Mike Nichols;1967;106;12;7.00
2020-09-09;13:30;Gandhi;Biography;Richard Attenborough;1982;191;0;6.50
2020-09-09;10:00;Where Eagles Dare;Action;Brian G. Hutton;1968;158;0;8.50
2020-09-08;10:00;A Few Good Men;Drama;Rob Reiner;1992;138;0;6.50
2020-09-07;10:00;Midnight Cowboy;Drama;John Schlesinger;1969;113;12;8.00
2020-09-06;17:30;Trois couleurs: Bleu;Drama;Krzysztof Kieslowski;1993;94;0;8.50
2020-09-06;15:00;Reservoir Dogs;Crime;Quentin Tarantino;1992;99;16;8.50
2020-09-06;12:30;Rashômon;Crime;Akira Kurosawa;1950;88;12;8.50
2020-09-06;10:00;Rashômon;Crime;Akira Kurosawa;1950;88;12;7.50
2020-09-05;19:30;Reservoir Dogs;Crime;Quentin Tarantino;1992;99;16;9.50
2020-09-05;16:00;Mission: Impossible - Fallout;Action;Christopher McQuarrie;2018;147;12;8.50
2020-09-05;12:30;Mission: Impossible - Fallout;Action;Christopher McQuarrie;2018;147;12;8.00
2020-09-05;10:30;The General;Action;Clyde Bruckman;1926;67;12;8.50
2020-09-04;13:30;Goodfellas;Biography;Martin Scorsese;1990;146;12;8.50
2020-09-04;10:30;La Strada;Drama;Federico Fellini;1954;108;12;7.00
2020-09-03;14:00;The Graduate;Comedy;Mike Nichols;1967;106;12;8.50
2020-09-03;10:00;Magnolia;Drama;Paul Thomas Anderson;1999;188;16;8.00
2020-09-02;13:00;The Naked Gun: From the Files of Police Squad!;Comedy;David Zucker;1988;85;0;8.00
2020-09-02;10:30;Breakfast at Tiffany's;Comedy;Blake Edwards;1961;115;12;8.00
2020-09-01;10:30;A Few Good Men;Drama;Rob Reiner;1992;138;0;8.00
2020-08-31;15:30;Crna macka, beli macor;Comedy;Emir Kusturica;1998;127;16;7.50
2020-08-31;13:00;The Naked Gun: From the Files of Police Squad!;Comedy;David Zucker;1988;85;0;7.50
2020-08-31;10:00;Sense and Sensibility;Drama;Ang Lee;1995;136;0;7.00
2020-08-30;18:30;Uri: The Surgical Strike;Action;Aditya Dhar;2018;138;12;9.50
2020-08-30;15:30;Der Himmel über Berlin;Drama;Wim Wenders;1987;128;0;8.00
2020-08-30;12:30;Philadelphia;Drama;Jonathan Demme;1993;125;12;8.00
2020-08-30;10:00;Gattaca;Drama;Andrew Niccol;1997;106;12;6.50
2020-08-29;17:30;Mission: Impossible - Fallout;Action;Christopher McQuarrie;2018;147;12;8.00
2020-08-29;13:30;Barry Lyndon;Adventure;Stanley Kubrick;1975;185;6;8.50
2020-08-29;10:30;A Few Good Men;Drama;Rob Reiner;1992;138;0;8.50
2020-08-28;10:00;Magnolia;Drama;Paul Thomas Anderson;1999;188;16;8.50
2020-08-27;13:30;Shadow of a Doubt;Film-Noir;Alfred Hitchcock;1943;108;6;7.00
2020-08-27;10:30;East of Eden;Drama;Elia Kazan;1955;118;0;7.50
2020-08-26;15:30;Kaze no tani no Naushika;Animation;Hayao Miyazaki;1984;117;0;8.50
2020-08-26;12:30;Philadelphia;Drama;Jonathan Demme;1993;125;12;8.50
2020-08-26;10:00;Shadow of a Doubt;Film-Noir;Alfred Hitchcock;1943;108;6;8.00
2020-08-25;13:00;East of Eden;Drama;Elia Kazan;1955;118;0;8.50
2020-08-25;10:00;Philadelphia;Drama;Jonathan Demme;1993;125;12;8.00
2020-08-24;10:00;Kaze no tani no Naushika;Animation;Hayao Miyazaki;1984;117;0;8.00
2020-08-23;16:00;Love and Death;Comedy;Woody Allen;1975;85;6;8.00
2020-08-23;13:00;The Remains of the Day;Drama;James Ivory;1993;134;0;8.00
2020-08-23;10:00;Sense and Sensibility;Drama;Ang Lee;1995;136;0;7.00
2020-08-22;15:30;Love and Death;Comedy;Woody Allen;1975;85;6;8.50
2020-08-22;13:30;The Naked Gun: From the Files of Police Squad!;Comedy;David Zucker;1988;85;0;8.00
2020-08-22;10:00;A Few Good Men;Drama;Rob Reiner;1992;138;0;7.00
2020-08-21;15:30;L.A. Confidential;Crime;Curtis Hanson;1997;138;12;8.00
2020-08-21;12:30;Der Himmel über Berlin;Drama;Wim Wenders;1987;128;0;7.00
2020-08-21;10:00;East of Eden;Drama;Elia Kazan;1955;118;0;7.50
2020-08-20;13:00;Mission: Impossible - Fallout;Action;Christopher McQuarrie;2018;147;12;8.50
2020-08-20;10:00;Sense and Sensibility;Drama;Ang Lee;1995;136;0;8.50
2020-08-19;12:30;Love and Death;Comedy;Woody Allen;1975;85;6;6.50
2020-08-19;10:00;Scarface: The Shame of the Nation;Action;Howard Hawks;1932;93;6;8.50
2020-08-18;10:30;The Ladykillers;Comedy;Alexander Mackendrick;1955;91;12;8.50
2020-08-17;13:30;The Remains of the Day;Drama;James Ivory;1993;134;0;7.50
2020-08-17;10:30;Dancer in the Dark;Crime;Lars von Trier;2000;140;0;7.00
2020-08-16;16:30;Star Wars;Action;George Lucas;1977;121;12;8.50
2020-08-16;13:30;Bohemian Rhapsody;Biography;Bryan Singer;2018;134;12;8.00
2020-08-16;10:30;Bohemian Rhapsody;Biography;Bryan Singer;2018;134;12;8.50
2020-08-15;16:00;Kaze no tani no Naushika;Animation;Hayao Miyazaki;1984;117;0;7.00
2020-08-15;12:30;Dancer in the Dark;Crime;Lars von Trier;2000;140;0;7.50
2020-08-15;10:00;Nueve reinas;Crime;Fabián Bielinsky;2000;114;16;7.00
2020-08-14;12:30;The Long Goodbye;Comedy;Robert Altman;1973;112;12;8.00
2020-08-14;10:00;La Strada;Drama;Federico Fellini;1954;108;12;8.50
2020-08-13;15:30;The Long Goodbye;Comedy;Robert Altman;1973;112;12;6.50
2020-08-13;12:30;Sense and Sensibility;Drama;Ang Lee;1995;136;0;8.50
2020-08-13;10:00;Taxi Driver;Crime;Martin Scorsese;1976;114;12;7.50
2020-08-12;13:30;Knives Out;Comedy;Rian Johnson;2019;130;12;6.50
2020-08-12;10:30;Crna macka, beli macor;Comedy;Emir Kusturica;1998;127;16;8.00
2020-08-11;16:00;Crna macka, beli macor;Comedy;Emir Kusturica;1998;127;16;8.50
2020-08-11;13:00;The Long Goodbye;Comedy;Robert Altman;1973;112;12;7.50
2020-08-11;10:00;Bohemian Rhapsody;Biography;Bryan Singer;2018;134;12;8.50
2020-08-10;16:30;Kaze no tani no Naushika;Animation;Hayao Miyazaki;1984;117;0;8.50
2020-08-10;13:00;The Message;Biography;Moustapha Akkad;1976;177;6;6.50
2020-08-10;10:00;Der Himmel über Berlin;Drama;Wim Wenders;1987;128;0;7.00
2020-08-09;16:00;Tôkyô monogatari;Drama;Yasujirô Ozu;1953;136;0;7.00
2020-08-09;13:00;Taxi Driver;Crime;Martin Scorsese;1976;114;12;7.50
2020-08-09;10:00;Nueve reinas;Crime;Fabián Bielinsky;2000;114;16;6.50
2020-08-08;15:30;L.A. Confidential;Crime;Curtis Hanson;1997;138;12;8.50
2020-08-08;13:00;Taxi Driver;Crime;Martin Scorsese;1976;114;12;7.00
2020-08-08;10:00;The Long Goodbye;Comedy;Robert Altman;1973;112;12;6.50
2020-08-07;16:00;Love and Death;Comedy;Woody Allen;1975;85;6;7.50
2020-08-07;13:30;Scarface: The Shame of the Nation;Action;Howard Hawks;1932;93;6;7.00
2020-08-07;10:30;Sense and Sensibility;Drama;Ang Lee;1995;136;0;7.00
2020-08-06;12:30;Spoorloos;Mystery;George Sluizer;1988;107;12;8.50
2020-08-06;10:30;Love and Death;Comedy;Woody Allen;1975;85;6;8.00
2020-08-05;13:00;The Message;Biography;Moustapha Akkad;1976;177;6;8.00
2020-08-05;10:00;Jurassic Park;Action;Steven Spielberg;1993;127;12;7.50
2020-08-04;10:00;Der Himmel über Berlin;Drama;Wim Wenders;1987;128;0;8.00
2020-08-03;13:30;Der Himmel über Berlin;Drama;Wim Wenders;1987;128;0;7.50
2020-08-03;10:30;Jurassic Park;Action;Steven Spielberg;1993;127;12;8.00
2020-08-02;19:30;Home Alone;Comedy;Chris Columbus;1990;103;0;8.50
2020-08-02;16:30;Dead Man;Adventure;Jim Jarmusch;1995;121;16;8.00
2020-08-02;13:30;The Red Shoes;Drama;Michael Powell;1948;135;12;7.50
2020-08-02;10:30;Citizen Kane;Drama;Orson Welles;1941;119;12;8.00
2020-08-01;16:30;Deadpool 2;Action;David Leitch;2018;119;16;6.50
2020-08-01;13:30;Mary Poppins;Comedy;Robert Stevenson;1964;139;0;7.00
2020-08-01;10:30;Spoorloos;Mystery;George Sluizer;1988;107;12;8.00
2020-07-31;13:30;Kaze no tani no Naushika;Animation;Hayao Miyazaki;1984;117;0;7.00
2020-07-31;10:30;Star Wars;Action;George Lucas;1977;121;12;6.50
2020-07-30;16:00;The Ladykillers;Comedy;Alexander Mackendrick;1955;91;12;7.50
2020-07-30;13:30;Kaze no tani no Naushika;Animation;Hayao Miyazaki;1984;117;0;7.00
2020-07-30;10:30;Citizen Kane;Drama;Orson Welles;1941;119;12;8.50
2020-07-29;10:00;Bohemian Rhapsody;Biography;Bryan Singer;2018;134;12;7.50
2020-07-28;10:30;A Few Good Men;Drama;Rob Reiner;1992;138;0;7.00
2020-07-27;10:00;Scarface: The Shame of the Nation;Action;Howard Hawks;1932;93;6;7.00
2020-07-26;19:00;Crna macka, beli macor;Comedy;Emir Kusturica;1998;127;16;10.00
2020-07-26;16:00;Tôkyô monogatari;Drama;Yasujirô Ozu;1953;136;0;8.50
2020-07-26;13:00;Tôkyô monogatari;Drama;Yasujirô Ozu;1953;136;0;6.50
2020-07-26;10:30;Kaze no tani no Naushika;Animation;Hayao Miyazaki;1984;117;0;8.00
2020-07-25;19:00;Blood Simple;Crime;Joel Coen;1984;99;12;8.50
2020-07-25;15:30;The Sound of Music;Biography;Robert Wise;1965;172;0;7.50
2020-07-25;13:00;Vampire Hunter D: Bloodlust;Animation;Yoshiaki Kawajiri;2000;103;0;8.00
2020-07-25;10:00;Star Wars;Action;George Lucas;1977;121;12;7.00
2020-07-24;14:30;Taxi Driver;Crime;Martin Scorsese;1976;114;12;8.00
2020-07-24;12:00;Il postino;Biography;Michael Radford;1994;108;0;7.50
2020-07-24;10:00;The Naked Gun: From the Files of Police Squad!;Comedy;David Zucker;1988;85;0;7.00
2020-07-23;16:00;Taxi Driver;Crime;Martin Scorsese;1976;114;12;7.50
2020-07-23;12:00;Barry Lyndon;Adventure;Stanley Kubrick;1975;185;6;6.50
2020-07-23;10:00;Vivre sa vie: Film en douze tableaux;Drama;Jean-Luc Godard;1962;80;12;7.50
2020-07-22;13:00;Barry Lyndon;Adventure;Stanley Kubrick;1975;185;6;6.50
2020-07-22;10:30;Kaze no tani no Naushika;Animation;Hayao Miyazaki;1984;117;0;6.50
2020-07-21;10:30;Mary Poppins;Comedy;Robert Stevenson;1964;139;0;8.50
2020-07-20;10:30;A Few Good Men;Drama;Rob Reiner;1992;138;0;6.50
2020-07-19;15:30;Gandhi;Biography;Richard Attenborough;1982;191;0;6.50
2020-07-19;13:00;Dr. Strangelove or: How I Learned to Stop Worrying and Love the Bomb;Comedy;Stanley Kubrick;1964;95;12;6.50
2020-07-19;10:00;Der Himmel über Berlin;Drama;Wim Wenders;1987;128;0;8.50
2020-07-18;18:30;The Remains of the Day;Drama;James Ivory;1993;134;0;9.00
2020-07-18;15:30;Jurassic Park;Action;Steven Spielberg;1993;127;12;6.50
2020-07-18;13:00;Blood Simple;Crime;Joel Coen;1984;99;12;8.00
2020-07-18;10:00;Knives Out;Comedy;Rian Johnson;2019;130;12;6.50
2020-07-17;10:30;Tôkyô monogatari;Drama;Yasujirô Ozu;1953;136;0;8.50
2020-07-16;13:30;Deadpool 2;Action;David Leitch;2018;119;16;7.00
2020-07-16;10:30;Tôkyô monogatari;Drama;Yasujirô Ozu;1953;136;0;7.50
2020-07-15;13:00;Vampire Hunter D: Bloodlust;Animation;Yoshiaki Kawajiri;2000;103;0;6.50
2020-07-15;10:30;Life of Brian;Comedy;Terry Jones;1979;94;16;7.00
2020-07-14;16:00;Il postino;Biography;Michael Radford;1994;108;0;7.00
2020-07-14;13:00;Mission: Impossible - Fallout;Action;Christopher McQuarrie;2018;147;12;8.00
2020-07-14;10:30;Home Alone;Comedy;Chris Columbus;1990;103;0;6.50
2020-07-13;12:30;Dances with Wolves;Adventure;Kevin Costner;1990;181;0;6.50
2020-07-13;10:00;Vampire Hunter D: Bloodlust;Animation;Yoshiaki Kawajiri;2000;103;0;8.50
2020-07-12;18:00;Life of Brian;Comedy;Terry Jones;1979;94;16;9.00
2020-07-12;15:30;The Gentlemen;Action;Guy Ritchie;2019;113;12;7.50
2020-07-12;13:00;Scarface: The Shame of the Nation;Action;Howard Hawks;1932;93;6;7.50
2020-07-12;10:30;Spoorloos;Mystery;George Sluizer;1988;107;12;7.50
2020-07-11;17:30;Home Alone;Comedy;Chris Columbus;1990;103;0;8.00
2020-07-11;15:00;Harvey;Comedy;Henry Koster;1950;104;12;7.50
2020-07-11;12:30;The Naked Gun: From the Files of Police Squad!;Comedy;David Zucker;1988;85;0;7.50
2020-07-11;10:30;Bride of Frankenstein;Drama;James Whale;1935;75;12;8.00
2020-07-10;15:30;Il postino;Biography;Michael Radford;1994;108;0;7.00
2020-07-10;12:30;Charade;Comedy;Stanley Donen;1963;113;0;8.00
2020-07-10;10:00;Life of Brian;Comedy;Terry Jones;1979;94;16;8.00
2020-07-09;10:00;Harvey;Comedy;Henry Koster;1950;104;12;7.50
2020-07-08;16:00;Vivre sa vie: Film en douze tableaux;Drama;Jean-Luc Godard;1962;80;12;8.50
2020-07-08;13:00;Knives Out;Comedy;Rian Johnson;2019;130;12;8.50
2020-07-08;10:30;Harold and Maude;Comedy;Hal Ashby;1971;91;6;8.50
2020-07-07;10:00;The Day the Earth Stood Still;Drama;Robert Wise;1951;92;0;8.00
2020-07-06;16:00;Gladiator;Action;Ridley Scott;2000;155;12;8.00
2020-07-06;14:00;Bride of Frankenstein;Drama;James Whale;1935;75;12;7.50
2020-07-06;10:00;Dances with Wolves;Adventure;Kevin Costner;1990;181;0;8.50
2020-07-05;18:00;Home Alone;Comedy;Chris Columbus;1990;103;0;10.00
2020-07-05;15:30;Ferris Bueller's Day Off;Comedy;John Hughes;1986;103;0;7.00
2020-07-05;13:00;October Sky;Biography;Joe Johnston;1999;108;6;8.00
2020-07-05;10:30;Home Alone;Comedy;Chris Columbus;1990;103;0;7.50
2020-07-04;19:00;October Sky;Biography;Joe Johnston;1999;108;6;8.50
2020-07-04;16:30;October Sky;Biography;Joe Johnston;1999;108;6;7.50
2020-07-04;13:30;Jurassic Park;Action;Steven Spielberg;1993;127;12;7.50
2020-07-04;10:30;Der Name der Rose;Crime;Jean-Jacques Annaud;1986;130;16;7.00
2020-07-03;13:00;Arsenic and Old Lace;Comedy;Frank Capra;1942;118;12;7.00
2020-07-03;10:30;Harold and Maude;Comedy;Hal Ashby;1971;91;6;7.50
2020-07-02;13:00;Harvey;Comedy;Henry Koster;1950;104;12;7.50
2020-07-02;10:30;The Gentlemen;Action;Guy Ritchie;2019;113;12;8.00
2020-07-01;14:00;The Matrix;Action;Lana Wachowski;1999;136;12;7.50
2020-07-01;10:00;Ba wang bie ji;Drama;Kaige Chen;1993;171;16;6.50
2020-06-30;13:00;Home Alone;Comedy;Chris Columbus;1990;103;0;8.50
2020-06-30;10:30;Bringing Up Baby;Comedy;Howard Hawks;1938;102;12;6.50
2020-06-29;10:30;Gladiator;Action;Ridley Scott;2000;155;12;6.50
2020-06-28;17:00;October Sky;Biography;Joe Johnston;1999;108;6;8.00
2020-06-28;14:30;October Sky;Biography;Joe Johnston;1999;108;6;7.50
2020-06-28;12:00;Life of Brian;Comedy;Terry Jones;1979;94;16;7.50
2020-06-28;10:00;Freaks;Drama;Tod Browning;1932;64;12;7.00
2020-06-27;16:30;Gandhi;Biography;Richard Attenborough;1982;191;0;8.50
2020-06-27;13:30;Billy Elliot;Drama;Stephen Daldry;2000;110;16;7.50
2020-06-27;10:30;Jurassic Park;Action;Steven Spielberg;1993;127;12;8.00
2020-06-26;13:30;Bringing Up Baby;Comedy;Howard Hawks;1938;102;12;8.00
2020-06-26;10:30;The Red Shoes;Drama;Michael Powell;1948;135;12;6.50
2020-06-25;10:00;Bride of Frankenstein;Drama;James Whale;1935;75;12;8.00
2020-06-24;10:30;Jurassic Park;Action;Steven Spielberg;1993;127;12;7.00
2020-06-23;16:30;Jurassic Park;Action;Steven Spielberg;1993;127;12;6.50
2020-06-23;13:00;Gladiator;Action;Ridley Scott;2000;155;12;8.50
2020-06-23;10:30;Ferris Bueller's Day Off;Comedy;John Hughes;1986;103;0;6.50
2020-06-22;14:00;Green Book;Biography;Peter Farrelly;2018;130;12;7.50
2020-06-22;10:30;Hera Pheri;Action;Priyadarshan;2000;156;0;7.50
2020-06-21;15:30;The Thin Red Line;Drama;Terrence Malick;1998;170;12;8.00
2020-06-21;13:00;October Sky;Biography;Joe Johnston;1999;108;6;6.50
2020-06-21;10:00;Inherit the Wind;Biography;Stanley Kramer;1960;128;12;8.00
2020-06-20;15:30;Green Book;Biography;Peter Farrelly;2018;130;12;7.00
2020-06-20;12:30;The Matrix;Action;Lana Wachowski;1999;136;12;7.00
2020-06-20;10:00;Dil Bechara;Comedy;Mukesh Chhabra;2020;101;12;6.50
2020-06-19;10:00;Andhadhun;Crime;Sriram Raghavan;2018;139;12;7.00
2020-06-18;10:00;Who Framed Roger Rabbit;Animation;Robert Zemeckis;1988;104;0;8.50
2020-06-17;15:00;Titanic;Drama;James Cameron;1997;194;12;8.00
2020-06-17;13:00;Bride of Frankenstein;Drama;James Whale;1935;75;12;8.50
2020-06-17;10:30;Life of Brian;Comedy;Terry Jones;1979;94;16;7.50
2020-06-16;15:00;Ed Wood;Biography;Tim Burton;1994;127;0;7.00
2020-06-16;12:30;Charade;Comedy;Stanley Donen;1963;113;0;7.50
2020-06-16;10:00;Billy Elliot;Drama;Stephen Daldry;2000;110;16;7.50
2020-06-15;16:30;Gandhi;Biography;Richard Attenborough;1982;191;0;6.50
2020-06-15;14:00;The Gentlemen;Action;Guy Ritchie;2019;113;12;8.00
2020-06-15;10:30;Gladiator;Action;Ridley Scott;2000;155;12;8.00
2020-06-14;16:30;Life of Brian;Comedy;Terry Jones;1979;94;16;7.50
2020-06-14;14:30;Bride of Frankenstein;Drama;James Whale;1935;75;12;8.50
2020-06-14;10:30;Gandhi;Biography;Richard Attenborough;1982;191;0;8.00
2020-06-13;16:00;Billy Elliot;Drama;Stephen Daldry;2000;110;16;8.00
2020-06-13;13:00;Der Name der Rose;Crime;Jean-Jacques Annaud;1986;130;16;6.50
2020-06-13;10:30;Bringing Up Baby;Comedy;Howard Hawks;1938;102;12;8.50
2020-06-12;10:30;Breakfast at Tiffany's;Comedy;Blake Edwards;1961;115;12;6.50
2020-06-11;14:30;Andhadhun;Crime;Sriram Raghavan;2018;139;12;6.50
2020-06-11;12:30;Freaks;Drama;Tod Browning;1932;64;12;8.50
2020-06-11;10:00;Bringing Up Baby;Comedy;Howard Hawks;1938;102;12;7.50
2020-06-10;12:30;Dances with Wolves;Adventure;Kevin Costner;1990;181;0;8.00
2020-06-10;10:00;Bringing Up Baby;Comedy;Howard Hawks;1938;102;12;8.00
2020-06-09;13:00;Titanic;Drama;James Cameron;1997;194;12;8.50
2020-06-09;10:30;Life of Brian;Comedy;Terry Jones;1979;94;16;8.50
2020-06-08;10:30;The Matrix;Action;Lana Wachowski;1999;136;12;7.00
2020-06-07;19:00;City Lights;Comedy;Charles Chaplin;1931;87;0;8.50
2020-06-07;16:00;Breakfast at Tiffany's;Comedy;Blake Edwards;1961;115;12;7.00
2020-06-07;13:00;Der Name der Rose;Crime;Jean-Jacques Annaud;1986;130;16;7.50
2020-06-07;10:00;Inherit the Wind;Biography;Stanley Kramer;1960;128;12;6.50
2020-06-06;16:00;Freaks;Drama;Tod Browning;1932;64;12;7.00
2020-06-06;13:30;Life of Brian;Comedy;Terry Jones;1979;94;16;6.50
2020-06-06;10:30;Inherit the Wind;Biography;Stanley Kramer;1960;128;12;8.50
2020-06-05;16:30;Ferris Bueller's Day Off;Comedy;John Hughes;1986;103;0;7.50
2020-06-05;13:30;Der Name der Rose;Crime;Jean-Jacques Annaud;1986;130;16;7.50
2020-06-05;10:30;Inherit the Wind;Biography;Stanley Kramer;1960;128;12;7.50
2020-06-04;13:00;Breakfast at Tiffany's;Comedy;Blake Edwards;1961;115;12;7.50
2020-06-04;10:30;American History X;Drama;Tony Kaye;1998;119;16;7.50
2020-06-03;15:30;American History X;Drama;Tony Kaye;1998;119;16;6.50
2020-06-03;13:00;Who Framed Roger Rabbit;Animation;Robert Zemeckis;1988;104;0;6.50
2020-06-03;10:00;The Matrix;Action;Lana Wachowski;1999;136;12;8.50
2020-06-02;10:00;Inherit the Wind;Biography;Stanley Kramer;1960;128;12;6.50
2020-06-01;13:00;Hera Pheri;Action;Priyadarshan;2000;156;0;7.00
2020-06-01;10:00;Ed Wood;Biography;Tim Burton;1994;127;0;6.50
2020-05-31;16:00;O Brother, Where Art Thou?;Adventure;Joel Coen;2000;107;0;7.00
2020-05-31;13:00;The Matrix;Action;Lana Wachowski;1999;136;12;6.50
2020-05-31;10:30;O Brother, Where Art Thou?;Adventure;Joel Coen;2000;107;0;7.50
2020-05-30;17:00;Who Framed Roger Rabbit;Animation;Robert Zemeckis;1988;104;0;7.50
2020-05-30;13:30;The Thin Red Line;Drama;Terrence Malick;1998;170;12;7.50
2020-05-30;10:30;Andhadhun;Crime;Sriram Raghavan;2018;139;12;7.00
2020-05-29;17:00;Portrait de la jeune fille en feu;Drama;Céline Sciamma;2019;122;16;7.50
2020-05-29;14:30;Sanjuro;Action;Akira Kurosawa;1962;96;0;8.50
2020-05-29;10:30;Fanny och Alexander;Drama;Ingmar Bergman;1982;188;12;8.00
2020-05-28;10:30;Ferris Bueller's Day Off;Comedy;John Hughes;1986;103;0;7.00
2020-05-27;16:00;American History X;Drama;Tony Kaye;1998;119;16;7.00
2020-05-27;13:30;City Lights;Comedy;Charles Chaplin;1931;87;0;6.50
2020-05-27;10:30;Arsenic and Old Lace;Comedy;Frank Capra;1942;118;12;8.00
2020-05-26;15:00;Titanic;Drama;James Cameron;1997;194;12;8.00
2020-05-26;12:30;Ferris Bueller's Day Off;Comedy;John Hughes;1986;103;0;7.00
2020-05-26;10:00;American History X;Drama;Tony Kaye;1998;119;16;8.00
2020-05-25;10:00;Rosemary's Baby;Drama;Roman Polanski;1968;137;12;8.50
2020-05-24;19:00;Fanny och Alexander;Drama;Ingmar Bergman;1982;188;12;8.50
2020-05-24;16:30;Modern Times;Comedy;Charles Chaplin;1936;87;0;7.50
2020-05-24;13:30;Rosemary's Baby;Drama;Roman Polanski;1968;137;12;7.50
2020-05-24;10:30;Portrait de la jeune fille en feu;Drama;Céline Sciamma;2019;122;16;6.50
2020-05-23;17:00;Titanic;Drama;James Cameron;1997;194;12;8.50
2020-05-23;14:00;Der Name der Rose;Crime;Jean-Jacques Annaud;1986;130;16;8.00
2020-05-23;10:30;Hera Pheri;Action;Priyadarshan;2000;156;0;8.50
2020-05-22;13:00;Sanjuro;Action;Akira Kurosawa;1962;96;0;8.00
2020-05-22;10:30;Double Indemnity;Crime;Billy Wilder;1944;107;12;7.00
2020-05-21;18:00;Rosemary's Baby;Drama;Roman Polanski;1968;137;12;9.50
2020-05-21;14:30;Hera Pheri;Action;Priyadarshan;2000;156;0;8.50
2020-05-21;10:00;The Ten Commandments;Adventure;Cecil B. DeMille;1956;220;0;8.50
2020-05-20;14:00;Ferris Bueller's Day Off;Comedy;John Hughes;1986;103;0;8.50
2020-05-20;10:30;Breaking the Waves;Drama;Lars von Trier;1996;159;16;8.50
2020-05-19;16:00;The Manchurian Candidate;Drama;John Frankenheimer;1962;126;12;6.50
2020-05-19;13:30;La double vie de Véronique;Drama;Krzysztof Kieslowski;1991;98;16;7.50
2020-05-19;10:00;Breaking the Waves;Drama;Lars von Trier;1996;159;16;8.50
2020-05-18;10:00;The French Connection;Action;William Friedkin;1971;104;12;7.00
2020-05-17;16:30;La règle du jeu;Comedy;Jean Renoir;1939;110;12;7.00
2020-05-17;13:30;American History X;Drama;Tony Kaye;1998;119;16;7.00
2020-05-17;10:00;Breaking the Waves;Drama;Lars von Trier;1996;159;16;7.50
2020-05-16;14:30;Young Frankenstein;Comedy;Mel Brooks;1974;106;12;8.00
2020-05-16;12:30;Le dîner de cons;Comedy;Francis Veber;1998;80;12;8.00
2020-05-16;10:00;Dil Bechara;Comedy;Mukesh Chhabra;2020;101;12;7.50
2020-05-15;13:00;Double Indemnity;Crime;Billy Wilder;1944;107;12;8.00
2020-05-15;10:30;La double vie de Véronique;Drama;Krzysztof Kieslowski;1991;98;16;7.50
2020-05-14;16:00;Rosemary's Baby;Drama;Roman Polanski;1968;137;12;6.50
2020-05-14;13:00;American History X;Drama;Tony Kaye;1998;119;16;7.00
2020-05-14;10:30;Dil Bechara;Comedy;Mukesh Chhabra;2020;101;12;8.50
2020-05-13;15:30;Modern Times;Comedy;Charles Chaplin;1936;87;0;8.50
2020-05-13;13:00;Who Framed Roger Rabbit;Animation;Robert Zemeckis;1988;104;0;7.50
2020-05-13;10:30;Ferris Bueller's Day Off;Comedy;John Hughes;1986;103;0;8.00
2020-05-12;10:30;Fanny och Alexander;Drama;Ingmar Bergman;1982;188;12;8.00
2020-05-11;10:00;Sanjuro;Action;Akira Kurosawa;1962;96;0;8.00
2020-05-10;20:00;The Invisible Man;Horror;James Whale;1933;71;12;8.50
2020-05-10;16:00;Titanic;Drama;James Cameron;1997;194;12;7.00
2020-05-10;12:30;Metropolis;Drama;Fritz Lang;1927;153;12;8.50
2020-05-10;10:00;Sanjuro;Action;Akira Kurosawa;1962;96;0;8.50
2020-05-09;18:00;Freaks;Drama;Tod Browning;1932;64;12;9.50
2020-05-09;16:00;Modern Times;Comedy;Charles Chaplin;1936;87;0;8.50
2020-05-09;13:00;Die Hard: With a Vengeance;Action;John McTiernan;1995;128;12;8.00
2020-05-09;10:00;Rosemary's Baby;Drama;Roman Polanski;1968;137;12;8.50
2020-05-08;13:30;Rosemary's Baby;Drama;Roman Polanski;1968;137;12;8.50
2020-05-08;10:30;The Manchurian Candidate;Drama;John Frankenheimer;1962;126;12;6.50
2020-05-07;12:30;The Ten Commandments;Adventure;Cecil B. DeMille;1956;220;0;7.00
2020-05-07;10:00;Crimes and Misdemeanors;Comedy;Woody Allen;1989;104;12;6.50
2020-05-06;10:30;Fanny och Alexander;Drama;Ingmar Bergman;1982;188;12;6.50
2020-05-05;13:00;La double vie de Véronique;Drama;Krzysztof Kieslowski;1991;98;16;8.00
2020-05-05;10:30;Home Alone;Comedy;Chris Columbus;1990;103;0;7.50
2020-05-04;10:00;Die Hard: With a Vengeance;Action;John McTiernan;1995;128;12;7.50
2020-05-03;15:30;Metropolis;Drama;Fritz Lang;1927;153;12;7.00
2020-05-03;13:00;Rupan sansei: Kariosutoro no shiro;Animation;Hayao Miyazaki;1979;100;0;8.50
2020-05-03;10:30;Annie Hall;Comedy;Woody Allen;1977;93;12;6.50
2020-05-02;15:30;Home Alone;Comedy;Chris Columbus;1990;103;0;8.50
2020-05-02;12:30;O Brother, Where Art Thou?;Adventure;Joel Coen;2000;107;0;7.50
2020-05-02;10:00;O Brother, Where Art Thou?;Adventure;Joel Coen;2000;107;0;7.50
2020-05-01;15:00;La double vie de Véronique;Drama;Krzysztof Kieslowski;1991;98;16;8.00
2020-05-01;13:00;Freaks;Drama;Tod Browning;1932;64;12;8.00
2020-05-01;10:30;Double Indemnity;Crime;Billy Wilder;1944;107;12;8.50
2020-04-30;13:00;Breaking the Waves;Drama;Lars von Trier;1996;159;16;7.50
2020-04-30;10:00;Die Hard: With a Vengeance;Action;John McTiernan;1995;128;12;7.00
2020-04-29;10:00;Rosemary's Baby;Drama;Roman Polanski;1968;137;12;8.00
2020-04-28;10:30;Festen;Drama;Thomas Vinterberg;1998;105;16;8.50
2020-04-27;16:00;Double Indemnity;Crime;Billy Wilder;1944;107;12;8.00
2020-04-27;13:00;Rosemary's Baby;Drama;Roman Polanski;1968;137;12;7.50
2020-04-27;10:00;Die Hard: With a Vengeance;Action;John McTiernan;1995;128;12;6.50
2020-04-26;15:30;Breaking the Waves;Drama;Lars von Trier;1996;159;16;7.00
2020-04-26;12:30;The Man Who Shot Liberty Valance;Drama;John Ford;1962;123;12;6.50
2020-04-26;10:00;Home Alone;Comedy;Chris Columbus;1990;103;0;8.00
2020-04-25;17:30;O Brother, Where Art Thou?;Adventure;Joel Coen;2000;107;0;8.50
2020-04-25;14:30;The Manchurian Candidate;Drama;John Frankenheimer;1962;126;12;6.50
2020-04-25;12:00;Toy Story;Animation;John Lasseter;1995;81;0;7.00
2020-04-25;10:00;Freaks;Drama;Tod Browning;1932;64;12;8.50
2020-04-24;10:00;Rupan sansei: Kariosutoro no shiro;Animation;Hayao Miyazaki;1979;100;0;7.50
2020-04-23;13:30;Solaris;Drama;Andrei Tarkovsky;1972;167;6;6.50
2020-04-23;10:30;Die Hard: With a Vengeance;Action;John McTiernan;1995;128;12;7.50
2020-04-22;10:30;Manbiki kazoku;Crime;Hirokazu Koreeda;2018;121;12;7.50
2020-04-21;15:30;Stagecoach;Adventure;John Ford;1939;96;12;8.00
2020-04-21;13:30;Freaks;Drama;Tod Browning;1932;64;12;7.00
2020-04-21;10:30;The Man Who Shot Liberty Valance;Drama;John Ford;1962;123;12;7.50
2020-04-20;17:00;Festen;Drama;Thomas Vinterberg;1998;105;16;6.50
2020-04-20;13:00;JFK;Drama;Oliver Stone;1991;189;12;7.50
2020-04-20;10:30;Crimes and Misdemeanors;Comedy;Woody Allen;1989;104;12;8.50
2020-04-19;18:00;Metropolis;Drama;Fritz Lang;1927;153;12;10.00
2020-04-19;15:00;The Man Who Shot Liberty Valance;Drama;John Ford;1962;123;12;8.00
2020-04-19;12:30;Double Indemnity;Crime;Billy Wilder;1944;107;12;8.50
2020-04-19;10:00;The French Connection;Action;William Friedkin;1971;104;12;7.00
2020-04-18;17:30;Double Indemnity;Crime;Billy Wilder;1944;107;12;7.00
2020-04-18;15:30;Freaks;Drama;Tod Browning;1932;64;12;8.50
2020-04-18;13:00;Home Alone;Comedy;Chris Columbus;1990;103;0;6.50
2020-04-18;10:00;The Manchurian Candidate;Drama;John Frankenheimer;1962;126;12;8.50
2020-04-17;10:30;Blade Runner;Action;Ridley Scott;1982;117;12;7.50
2020-04-16;13:30;The Manchurian Candidate;Drama;John Frankenheimer;1962;126;12;6.50
2020-04-16;10:30;Dead Man;Adventure;Jim Jarmusch;1995;121;16;8.50
2020-04-15;17:30;Dead Man;Adventure;Jim Jarmusch;1995;121;16;8.50
2020-04-15;15:00;Crimes and Misdemeanors;Comedy;Woody Allen;1989;104;12;8.50
2020-04-15;10:30;The Ten Commandments;Adventure;Cecil B. DeMille;1956;220;0;7.00
2020-04-14;10:00;Kagemusha;Drama;Akira Kurosawa;1980;180;0;8.50
2020-04-13;13:30;The French Connection;Action;William Friedkin;1971;104;12;7.50
2020-04-13;10:30;Manbiki kazoku;Crime;Hirokazu Koreeda;2018;121;12;8.50
2020-04-12;18:30;Blade Runner;Action;Ridley Scott;1982;117;12;8.50
2020-04-12;15:30;The Man Who Shot Liberty Valance;Drama;John Ford;1962;123;12;6.50
2020-04-12;12:30;Batoru rowaiaru;Action;Kinji Fukasaku;2000;114;12;8.50
2020-04-12;10:00;Rupan sansei: Kariosutoro no shiro;Animation;Hayao Miyazaki;1979;100;0;7.00
2020-04-11;16:00;Annie Hall;Comedy;Woody Allen;1977;93;12;7.50
2020-04-11;13:00;Dead Man;Adventure;Jim Jarmusch;1995;121;16;7.50
2020-04-11;10:30;Double Indemnity;Crime;Billy Wilder;1944;107;12;6.50
2020-04-10;17:00;Double Indemnity;Crime;Billy Wilder;1944;107;12;7.50
2020-04-10;13:30;Metropolis;Drama;Fritz Lang;1927;153;12;7.50
2020-04-10;10:30;Amarcord;Comedy;Federico Fellini;1973;123;16;8.00
2020-04-09;16:30;Double Indemnity;Crime;Billy Wilder;1944;107;12;7.00
2020-04-09;13:00;Metropolis;Drama;Fritz Lang;1927;153;12;8.50
2020-04-09;10:00;Amarcord;Comedy;Federico Fellini;1973;123;16;7.00
2020-04-08;10:30;Mr. Smith Goes to Washington;Comedy;Frank Capra;1939;129;12;8.00
2020-04-07;10:00;Festen;Drama;Thomas Vinterberg;1998;105;16;8.50
2020-04-06;12:30;Annie Hall;Comedy;Woody Allen;1977;93;12;7.00
2020-04-06;10:00;Festen;Drama;Thomas Vinterberg;1998;105;16;8.50
2020-04-05;18:30;Home Alone;Comedy;Chris Columbus;1990;103;0;9.50
2020-04-05;15:30;Batoru rowaiaru;Action;Kinji Fukasaku;2000;114;12;7.00
2020-04-05;13:00;Trois couleurs: Rouge;Drama;Krzysztof Kieslowski;1994;99;0;6.50
2020-04-05;10:30;The French Connection;Action;William Friedkin;1971;104;12;6.50
2020-04-04;19:30;The Ten Commandments;Adventure;Cecil B. DeMille;1956;220;0;10.00
2020-04-04;16:30;White Heat;Action;Raoul Walsh;1949;114;12;7.50
2020-04-04;13:00;Solaris;Drama;Andrei Tarkovsky;1972;167;6;6.50
2020-04-04;10:00;Double Indemnity;Crime;Billy Wilder;1944;107;12;7.50
2020-04-03;17:00;JFK;Drama;Oliver Stone;1991;189;12;6.50
2020-04-03;13:00;JFK;Drama;Oliver Stone;1991;189;12;8.00
2020-04-03;10:00;The Man Who Shot Liberty Valance;Drama;John Ford;1962;123;12;8.00
2020-04-02;13:30;Freaks;Drama;Tod Browning;1932;64;12;6.50
2020-04-02;10:30;The Lion in Winter;Biography;Anthony Harvey;1968;134;6;7.00
2020-04-01;10:00;Stagecoach;Adventure;John Ford;1939;96;12;6.50
2020-03-31;15:00;The Manchurian Candidate;Drama;John Frankenheimer;1962;126;12;6.50
2020-03-31;13:00;Freaks;Drama;Tod Browning;1932;64;12;8.00
2020-03-31;10:00;Sling Blade;Drama;Billy Bob Thornton;1996;135;16;6.50
2020-03-30;10:30;La vita è bella;Comedy;Roberto Benigni;1997;116;0;7.00
2020-03-29;18:00;Festen;Drama;Thomas Vinterberg;1998;105;16;10.00
2020-03-29;15:30;Annie Hall;Comedy;Woody Allen;1977;93;12;8.00
2020-03-29;13:00;Crimes and Misdemeanors;Comedy;Woody Allen;1989;104;12;7.00
2020-03-29;10:30;Blade Runner;Action;Ridley Scott;1982;117;12;8.50
2020-03-28;19:30;The Sixth Sense;Drama;M. Night Shyamalan;1999;107;12;9.50
2020-03-28;17:00;Blade Runner;Action;Ridley Scott;1982;117;12;7.00
2020-03-28;14:00;The Lion in Winter;Biography;Anthony Harvey;1968;134;6;8.00
2020-03-28;10:00;JFK;Drama;Oliver Stone;1991;189;12;8.00
2020-03-27;10:00;White Heat;Action;Raoul Walsh;1949;114;12;7.00
2020-03-26;13:00;Toy Story;Animation;John Lasseter;1995;81;0;8.00
2020-03-26;10:30;The Shop Around the Corner;Comedy;Ernst Lubitsch;1940;99;12;8.50
2020-03-25;15:30;Sling Blade;Drama;Billy Bob Thornton;1996;135;16;7.00
2020-03-25;13:00;Stagecoach;Adventure;John Ford;1939;96;12;7.50
2020-03-25;10:30;The Sixth Sense;Drama;M. Night Shyamalan;1999;107;12;8.50
2020-03-24;18:00;The Sixth Sense;Drama;M. Night Shyamalan;1999;107;12;10.00
2020-03-24;14:00;JFK;Drama;Oliver Stone;1991;189;12;8.00
2020-03-24;10:00;Kagemusha;Drama;Akira Kurosawa;1980;180;0;6.50
2020-03-23;13:30;Mr. Smith Goes to Washington;Comedy;Frank Capra;1939;129;12;7.50
2020-03-23;10:30;Batoru rowaiaru;Action;Kinji Fukasaku;2000;114;12;8.50
2020-03-22;15:00;Glengarry Glen Ross;Crime;James Foley;1992;100;16;8.50
2020-03-22;12:30;Blade Runner;Action;Ridley Scott;1982;117;12;7.00
2020-03-22;10:00;Sweet Smell of Success;Drama;Alexander Mackendrick;1957;96;12;8.00
2020-03-21;20:00;Groundhog Day;Comedy;Harold Ramis;1993;101;0;10.00
2020-03-21;17:30;White Heat;Action;Raoul Walsh;1949;114;12;8.50
2020-03-21;14:30;Sling Blade;Drama;Billy Bob Thornton;1996;135;16;8.00
2020-03-21;10:30;JFK;Drama;Oliver Stone;1991;189;12;8.00
2020-03-20;10:30;A Bronx Tale;Crime;Robert De Niro;1993;121;16;8.00
2020-03-19;13:30;White Heat;Action;Raoul Walsh;1949;114;12;6.50
2020-03-19;10:30;The Lion in Winter;Biography;Anthony Harvey;1968;134;6;7.50
2020-03-18;15:30;Mr. Smith Goes to Washington;Comedy;Frank Capra;1939;129;12;7.50
2020-03-18;13:00;Festen;Drama;Thomas Vinterberg;1998;105;16;7.50
2020-03-18;10:00;Sling Blade;Drama;Billy Bob Thornton;1996;135;16;7.00
2020-03-17;15:30;The Shop Around the Corner;Comedy;Ernst Lubitsch;1940;99;12;7.00
2020-03-17;12:30;Sling Blade;Drama;Billy Bob Thornton;1996;135;16;7.50
2020-03-17;10:00;Groundhog Day;Comedy;Harold Ramis;1993;101;0;8.00
2020-03-16;10:00;White Heat;Action;Raoul Walsh;1949;114;12;8.00
2020-03-15;18:30;Sweet Smell of Success;Drama;Alexander Mackendrick;1957;96;12;9.50
2020-03-15;16:00;Festen;Drama;Thomas Vinterberg;1998;105;16;7.00
2020-03-15;13:00;La battaglia di Algeri;Drama;Gillo Pontecorvo;1966;121;12;6.50
2020-03-15;10:30;The Adventures of Robin Hood;Action;Michael Curtiz;1938;102;6;7.00
2020-03-14;16:00;Sling Blade;Drama;Billy Bob Thornton;1996;135;16;8.00
2020-03-14;13:30;Festen;Drama;Thomas Vinterberg;1998;105;16;7.50
2020-03-14;10:30;Blade Runner;Action;Ridley Scott;1982;117;12;7.50
2020-03-13;13:00;Blade Runner;Action;Ridley Scott;1982;117;12;7.50
2020-03-13;10:00;Batoru rowaiaru;Action;Kinji Fukasaku;2000;114;12;7.50
2020-03-12;17:00;La battaglia di Algeri;Drama;Gillo Pontecorvo;1966;121;12;6.50
2020-03-12;13:00;JFK;Drama;Oliver Stone;1991;189;12;8.00
2020-03-12;10:30;Sweet Smell of Success;Drama;Alexander Mackendrick;1957;96;12;7.00
2020-03-11;16:00;L.A. Confidential;Crime;Curtis Hanson;1997;138;12;7.50
2020-03-11;13:00;Blade Runner;Action;Ridley Scott;1982;117;12;7.50
2020-03-11;10:30;Kurenai no buta;Animation;Hayao Miyazaki;1992;94;0;7.50
2020-03-10;17:00;Mr. Smith Goes to Washington;Comedy;Frank Capra;1939;129;12;8.00
2020-03-10;13:00;JFK;Drama;Oliver Stone;1991;189;12;6.50
2020-03-10;10:30;The Sixth Sense;Drama;M. Night Shyamalan;1999;107;12;7.00
2020-03-09;17:00;Manbiki kazoku;Crime;Hirokazu Koreeda;2018;121;12;6.50
2020-03-09;14:30;The Shop Around the Corner;Comedy;Ernst Lubitsch;1940;99;12;8.50
2020-03-09;10:30;Kagemusha;Drama;Akira Kurosawa;1980;180;0;7.00
2020-03-08;20:00;La battaglia di Algeri;Drama;Gillo Pontecorvo;1966;121;12;8.50
2020-03-08;17:30;Sweet Smell of Success;Drama;Alexander Mackendrick;1957;96;12;8.00
2020-03-08;13:30;JFK;Drama;Oliver Stone;1991;189;12;6.50
2020-03-08;10:30;L.A. Confidential;Crime;Curtis Hanson;1997;138;12;7.00
2020-03-07;15:30;La battaglia di Algeri;Drama;Gillo Pontecorvo;1966;121;12;6.50
2020-03-07;13:00;Festen;Drama;Thomas Vinterberg;1998;105;16;7.00
2020-03-07;10:00;Batoru rowaiaru;Action;Kinji Fukasaku;2000;114;12;7.50
2020-03-06;17:00;The Lion in Winter;Biography;Anthony Harvey;1968;134;6;7.50
2020-03-06;13:00;JFK;Drama;Oliver Stone;1991;189;12;7.00
2020-03-06;10:00;La battaglia di Algeri;Drama;Gillo Pontecorvo;1966;121;12;6.50
2020-03-05;10:30;Braveheart;Biography;Mel Gibson;1995;178;12;8.00
2020-03-04;13:00;JFK;Drama;Oliver Stone;1991;189;12;8.00
2020-03-04;10:00;Mr. Smith Goes to Washington;Comedy;Frank Capra;1939;129;12;7.50
2020-03-03;12:00;A Clockwork Orange;Crime;Stanley Kubrick;1971;136;12;7.50
2020-03-03;10:00;Vivre sa vie: Film en douze tableaux;Drama;Jean-Luc Godard;1962;80;12;7.00
2020-03-02;15:00;Sweet Smell of Success;Drama;Alexander Mackendrick;1957;96;12;8.00
2020-03-02;12:30;Crimes and Misdemeanors;Comedy;Woody Allen;1989;104;12;8.00
2020-03-02;10:00;Crimes and Misdemeanors;Comedy;Woody Allen;1989;104;12;8.50
2020-03-01;19:30;A Bronx Tale;Crime;Robert De Niro;1993;121;16;10.00
2020-03-01;16:00;Once Upon a Time... in Hollywood;Comedy;Quentin Tarantino;2019;161;12;7.00
2020-03-01;13:00;The Manchurian Candidate;Drama;John Frankenheimer;1962;126;12;6.50
2020-03-01;10:30;Sweet Smell of Success;Drama;Alexander Mackendrick;1957;96;12;7.50
2020-02-29;20:00;Kagemusha;Drama;Akira Kurosawa;1980;180;0;9.00
2020-02-29;17:00;Dancer in the Dark;Crime;Lars von Trier;2000;140;0;8.50
2020-02-29;13:00;Kagemusha;Drama;Akira Kurosawa;1980;180;0;8.50
2020-02-29;10:00;A Clockwork Orange;Crime;Stanley Kubrick;1971;136;12;8.00
2020-02-28;15:00;La vita è bella;Comedy;Roberto Benigni;1997;116;0;8.00
2020-02-28;12:30;Groundhog Day;Comedy;Harold Ramis;1993;101;0;7.50
2020-02-28;10:00;Bonnie and Clyde;Action;Arthur Penn;1967;111;12;7.00
2020-02-27;10:30;Batoru rowaiaru;Action;Kinji Fukasaku;2000;114;12;6.50
2020-02-26;16:00;Les quatre cents coups;Crime;François Truffaut;1959;99;12;7.00
2020-02-26;13:00;The Lion in Winter;Biography;Anthony Harvey;1968;134;6;7.50
2020-02-26;10:30;La vita è bella;Comedy;Roberto Benigni;1997;116;0;7.50
2020-02-25;14:30;Il conformista;Drama;Bernardo Bertolucci;1970;113;12;8.50
2020-02-25;10:30;Braveheart;Biography;Mel Gibson;1995;178;12;7.50
2020-02-24;10:00;Manbiki kazoku;Crime;Hirokazu Koreeda;2018;121;12;7.50
2020-02-23;16:30;Il conformista;Drama;Bernardo Bertolucci;1970;113;12;7.50
2020-02-23;12:30;Braveheart;Biography;Mel Gibson;1995;178;12;7.50
2020-02-23;10:00;La vita è bella;Comedy;Roberto Benigni;1997;116;0;7.50
2020-02-22;17:00;L.A. Confidential;Crime;Curtis Hanson;1997;138;12;6.50
2020-02-22;13:00;Braveheart;Biography;Mel Gibson;1995;178;12;8.00
2020-02-22;10:00;White Heat;Action;Raoul Walsh;1949;114;12;8.00
2020-02-21;15:30;Les quatre cents coups;Crime;François Truffaut;1959;99;12;7.50
2020-02-21;13:00;Groundhog Day;Comedy;Harold Ramis;1993;101;0;6.50
2020-02-21;10:00;A Bronx Tale;Crime;Robert De Niro;1993;121;16;6.50
2020-02-20;12:30;Lost Highway;Mystery;David Lynch;1997;134;12;6.50
2020-02-20;10:00;Kurenai no buta;Animation;Hayao Miyazaki;1992;94;0;7.00
2020-02-19;10:30;The Godfather: Part II;Crime;Francis Ford Coppola;1974;202;12;8.00
2020-02-18;13:00;Les quatre cents coups;Crime;François Truffaut;1959;99;12;8.00
2020-02-18;10:00;Il conformista;Drama;Bernardo Bertolucci;1970;113;12;7.50
2020-02-17;16:00;Planes, Trains & Automobiles;Comedy;John Hughes;1987;93;0;7.00
2020-02-17;13:00;A Bronx Tale;Crime;Robert De Niro;1993;121;16;8.00
2020-02-17;10:30;Sweet Smell of Success;Drama;Alexander Mackendrick;1957;96;12;7.50
2020-02-16;16:30;Kurenai no buta;Animation;Hayao Miyazaki;1992;94;0;7.00
2020-02-16;13:30;A Clockwork Orange;Crime;Stanley Kubrick;1971;136;12;8.50
2020-02-16;10:30;Lost Highway;Mystery;David Lynch;1997;134;12;7.00
2020-02-15;18:00;Lost Highway;Mystery;David Lynch;1997;134;12;9.00
2020-02-15;14:30;La dolce vita;Comedy;Federico Fellini;1960;174;12;8.50
2020-02-15;10:00;The Godfather: Part II;Crime;Francis Ford Coppola;1974;202;12;7.00
2020-02-14;13:30;The Matrix;Action;Lana Wachowski;1999;136;12;7.50
2020-02-14;10:00;Once Upon a Time... in Hollywood;Comedy;Quentin Tarantino;2019;161;12;6.50
2020-02-13;10:30;Il conformista;Drama;Bernardo Bertolucci;1970;113;12;6.50
2020-02-12;15:30;Bonnie and Clyde;Action;Arthur Penn;1967;111;12;8.50
2020-02-12;13:00;The Adventures of Robin Hood;Action;Michael Curtiz;1938;102;6;8.50
2020-02-12;10:30;Badlands;Action;Terrence Malick;1973;94;6;8.00
2020-02-11;14:00;The Little Mermaid;Animation;Ron Clements;1989;83;0;6.50
2020-02-11;10:30;Once Upon a Time... in Hollywood;Comedy;Quentin Tarantino;2019;161;12;7.00
2020-02-10;15:30;Lawrence of Arabia;Adventure;David Lean;1962;228;0;7.50
2020-02-10;13:00;Bringing Up Baby;Comedy;Howard Hawks;1938;102;12;7.00
2020-02-10;10:00;The Game;Action;David Fincher;1997;129;12;7.50
2020-02-09;17:30;Kurenai no buta;Animation;Hayao Miyazaki;1992;94;0;8.50
2020-02-09;13:00;Lawrence of Arabia;Adventure;David Lean;1962;228;0;7.00
2020-02-09;10:30;Lock, Stock and Two Smoking Barrels;Action;Guy Ritchie;1998;107;12;7.00
2020-02-08;17:00;Kurenai no buta;Animation;Hayao Miyazaki;1992;94;0;8.50
2020-02-08;13:30;Once Upon a Time... in Hollywood;Comedy;Quentin Tarantino;2019;161;12;6.50
2020-02-08;10:30;The Matrix;Action;Lana Wachowski;1999;136;12;6.50
2020-02-07;16:00;Frankenstein;Drama;James Whale;1931;70;12;8.00
2020-02-07;13:30;Cat on a Hot Tin Roof;Drama;Richard Brooks;1958;108;12;8.00
2020-02-07;10:30;A Clockwork Orange;Crime;Stanley Kubrick;1971;136;12;7.00
2020-02-06;13:00;Bonnie and Clyde;Action;Arthur Penn;1967;111;12;8.00
2020-02-06;10:00;Green Book;Biography;Peter Farrelly;2018;130;12;7.50
2020-02-05;13:30;A Clockwork Orange;Crime;Stanley Kubrick;1971;136;12;7.50
2020-02-05;10:00;La dolce vita;Comedy;Federico Fellini;1960;174;12;8.00
2020-02-04;10:00;Lock, Stock and Two Smoking Barrels;Action;Guy Ritchie;1998;107;12;7.00
2020-02-03;17:30;The Matrix;Action;Lana Wachowski;1999;136;12;6.50
2020-02-03;13:00;Lawrence of Arabia;Adventure;David Lean;1962;228;0;8.00
2020-02-03;10:30;Lock, Stock and Two Smoking Barrels;Action;Guy Ritchie;1998;107;12;8.50
2020-02-02;19:30;Il conformista;Drama;Bernardo Bertolucci;1970;113;12;9.50
2020-02-02;15:00;Lawrence of Arabia;Adventure;David Lean;1962;228;0;7.00
2020-02-02;12:30;Kurenai no buta;Animation;Hayao Miyazaki;1992;94;0;7.00
2020-02-02;10:00;Bringing Up Baby;Comedy;Howard Hawks;1938;102;12;8.50
2020-02-01;15:00;The Matrix;Action;Lana Wachowski;1999;136;12;6.50
2020-02-01;12:30;Bonnie and Clyde;Action;Arthur Penn;1967;111;12;8.00
2020-02-01;10:00;Lock, Stock and Two Smoking Barrels;Action;Guy Ritchie;1998;107;12;7.50
2020-01-31;13:00;Bonnie and Clyde;Action;Arthur Penn;1967;111;12;7.50
2020-01-31;10:00;Dom za vesanje;Comedy;Emir Kusturica;1988;142;16;6.50
2020-01-30;14:30;Les quatre cents coups;Crime;François Truffaut;1959;99;12;7.50
2020-01-30;12:00;Cat on a Hot Tin Roof;Drama;Richard Brooks;1958;108;12;8.00
2020-01-30;10:00;Frankenstein;Drama;James Whale;1931;70;12;8.00
2020-01-29;15:00;Ford v Ferrari;Action;James Mangold;2019;152;12;7.50
2020-01-29;12:00;The Matrix;Action;Lana Wachowski;1999;136;12;6.50
2020-01-29;10:00;Vivre sa vie: Film en douze tableaux;Drama;Jean-Luc Godard;1962;80;12;7.00
2020-01-28;15:00;Green Book;Biography;Peter Farrelly;2018;130;12;6.50
2020-01-28;13:00;Frankenstein;Drama;James Whale;1931;70;12;7.50
2020-01-28;10:00;The Matrix;Action;Lana Wachowski;1999;136;12;8.00
2020-01-27;10:00;The Little Mermaid;Animation;Ron Clements;1989;83;0;6.50
2020-01-26;16:30;Ford v Ferrari;Action;James Mangold;2019;152;12;8.00
2020-01-26;13:00;Ran;Action;Akira Kurosawa;1985;162;0;7.00
2020-01-26;10:00;The Matrix;Action;Lana Wachowski;1999;136;12;8.00
2020-01-25;16:00;The Matrix;Action;Lana Wachowski;1999;136;12;7.00
2020-01-25;13:30;Kurenai no buta;Animation;Hayao Miyazaki;1992;94;0;8.50
2020-01-25;10:00;Dom za vesanje;Comedy;Emir Kusturica;1988;142;16;7.00
2020-01-24;10:00;Bonnie and Clyde;Action;Arthur Penn;1967;111;12;8.00
2020-01-23;18:30;Bonnie and Clyde;Action;Arthur Penn;1967;111;12;9.00
2020-01-23;14:00;Lawrence of Arabia;Adventure;David Lean;1962;228;0;8.50
2020-01-23;10:00;Casino;Crime;Martin Scorsese;1995;178;12;8.50
2020-01-22;10:00;Mad Max 2;Action;George Miller;1981;96;12;8.50
2020-01-21;14:30;The Little Mermaid;Animation;Ron Clements;1989;83;0;7.50
2020-01-21;12:30;The Little Mermaid;Animation;Ron Clements;1989;83;0;6.50
2020-01-21;10:00;Lock, Stock and Two Smoking Barrels;Action;Guy Ritchie;1998;107;12;6.50
2020-01-20;10:00;A Few Good Men;Drama;Rob Reiner;1992;138;0;7.50
2020-01-19;16:00;To Kill a Mockingbird;Crime;Robert Mulligan;1962;129;0;7.00
2020-01-19;13:00;Green Book;Biography;Peter Farrelly;2018;130;12;8.00
2020-01-19;10:00;Zulu;Drama;Cy Endfield;1964;138;0;8.00
2020-01-18;20:00;The Matrix;Action;Lana Wachowski;1999;136;12;8.50
2020-01-18;16:30;Ford v Ferrari;Action;James Mangold;2019;152;12;6.50
2020-01-18;13:30;The Matrix;Action;Lana Wachowski;1999;136;12;6.50
2020-01-18;10:30;Mary Poppins;Comedy;Robert Stevenson;1964;139;0;6.50
2020-01-17;10:00;Secrets & Lies;Comedy;Mike Leigh;1996;136;0;8.50
2020-01-16;10:00;Avengers: Infinity War;Action;Anthony Russo;2018;149;12;8.50
2020-01-15;17:00;The Longest Day;Action;Ken Annakin;1962;178;0;8.50
2020-01-15;14:00;Bonnie and Clyde;Action;Arthur Penn;1967;111;12;8.50
2020-01-15;10:00;The Longest Day;Action;Ken Annakin;1962;178;0;6.50
2020-01-14;13:00;Home Alone;Comedy;Chris Columbus;1990;103;0;8.00
2020-01-14;10:30;Mad Max 2;Action;George Miller;1981;96;12;7.00
2020-01-13;17:00;Secrets & Lies;Comedy;Mike Leigh;1996;136;0;8.50
2020-01-13;14:30;Lock, Stock and Two Smoking Barrels;Action;Guy Ritchie;1998;107;12;8.00
2020-01-13;10:30;The Longest Day;Action;Ken Annakin;1962;178;0;6.50
2020-01-12;17:30;The Nightmare Before Christmas;Animation;Henry Selick;1993;76;0;8.00
2020-01-12;14:00;Ford v Ferrari;Action;James Mangold;2019;152;12;8.50
2020-01-12;10:30;Ran;Action;Akira Kurosawa;1985;162;0;7.50
2020-01-11;19:30;Mary Poppins;Comedy;Robert Stevenson;1964;139;0;9.50
2020-01-11;16:30;October Sky;Biography;Joe Johnston;1999;108;6;6.50
2020-01-11;14:00;Mad Max 2;Action;George Miller;1981;96;12;6.50
2020-01-11;10:30;Zulu;Drama;Cy Endfield;1964;138;0;8.00
2020-01-10;14:00;Bringing Up Baby;Comedy;Howard Hawks;1938;102;12;7.50
2020-01-10;10:00;Casino;Crime;Martin Scorsese;1995;178;12;8.50
2020-01-09;16:30;Casino;Crime;Martin Scorsese;1995;178;12;7.50
2020-01-09;14:00;Mad Max 2;Action;George Miller;1981;96;12;6.50
2020-01-09;10:30;Ford v Ferrari;Action;James Mangold;2019;152;12;7.00
2020-01-08;12:30;Cat on a Hot Tin Roof;Drama;Richard Brooks;1958;108;12;6.50
2020-01-08;10:30;Frankenstein;Drama;James Whale;1931;70;12;8.50
2020-01-07;16:30;To Kill a Mockingbird;Crime;Robert Mulligan;1962;129;0;7.00
2020-01-07;13:30;A Few Good Men;Drama;Rob Reiner;1992;138;0;8.00
2020-01-07;10:30;Avengers: Infinity War;Action;Anthony Russo;2018;149;12;7.50
2020-01-06;13:00;Avengers: Infinity War;Action;Anthony Russo;2018;149;12;8.00
2020-01-06;10:30;Home Alone;Comedy;Chris Columbus;1990;103;0;8.00
2020-01-05;20:00;Bringing Up Baby;Comedy;Howard Hawks;1938;102;12;10.00
2020-01-05;17:00;Withnail & I;Comedy;Bruce Robinson;1987;107;16;8.50
2020-01-05;13:30;Ran;Action;Akira Kurosawa;1985;162;0;7.50
2020-01-05;10:00;Ran;Action;Akira Kurosawa;1985;162;0;8.50
2020-01-04;16:00;Lola rennt;Crime;Tom Tykwer;1998;81;12;6.50
2020-01-04;13:30;Lola rennt;Crime;Tom Tykwer;1998;81;12;8.50
2020-01-04;10:30;The Outlaw Josey Wales;Western;Clint Eastwood;1976;135;12;8.00
2020-01-03;10:30;Ran;Action;Akira Kurosawa;1985;162;0;7.50
2020-01-02;13:00;American History X;Drama;Tony Kaye;1998;119;16;8.00
2020-01-02;10:30;Gattaca;Drama;Andrew Niccol;1997;106;12;7.00
2020-01-01;13:30;To Kill a Mockingbird;Crime;Robert Mulligan;1962;129;0;6.50
2020-01-01;10:00;Zulu;Drama;Cy Endfield;1964;138;0;7.00
2019-12-31;14:00;Lola rennt;Crime;Tom Tykwer;1998;81;12;6.50
2019-12-31;10:00;The Longest Day;Action;Ken Annakin;1962;178;0;8.50
2019-12-30;17:00;Bonnie and Clyde;Action;Arthur Penn;1967;111;12;6.50
2019-12-30;13:30;Ran;Action;Akira Kurosawa;1985;162;0;8.50
2019-12-30;10:30;A Few Good Men;Drama;Rob Reiner;1992;138;0;6.50
2019-12-29;19:30;To Kill a Mockingbird;Crime;Robert Mulligan;1962;129;0;9.50
2019-12-29;16:00;Ran;Action;Akira Kurosawa;1985;162;0;6.50
2019-12-29;13:00;Zulu;Drama;Cy Endfield;1964;138;0;7.00
2019-12-29;10:00;Tombstone;Action;George P. Cosmatos;1993;130;16;8.50
2019-12-28;19:00;Bonnie and Clyde;Action;Arthur Penn;1967;111;12;9.50
2019-12-28;16:00;A Few Good Men;Drama;Rob Reiner;1992;138;0;8.00
2019-12-28;13:30;A Night at the Opera;Comedy;Sam Wood;1935;96;12;8.00
2019-12-28;10:30;Tombstone;Action;George P. Cosmatos;1993;130;16;7.50
2019-12-27;12:30;To Kill a Mockingbird;Crime;Robert Mulligan;1962;129;0;8.00
2019-12-27;10:00;Gattaca;Drama;Andrew Niccol;1997;106;12;8.50
2019-12-26;13:30;Tombstone;Action;George P. Cosmatos;1993;130;16;6.50
2019-12-26;10:00;Dom za vesanje;Comedy;Emir Kusturica;1988;142;16;7.50
2019-12-25;10:00;Green Book;Biography;Peter Farrelly;2018;130;12;7.00
2019-12-24;15:00;The Sixth Sense;Drama;M. Night Shyamalan;1999;107;12;8.00
2019-12-24;13:00;Lola rennt;Crime;Tom Tykwer;1998;81;12;8.00
2019-12-24;10:00;Green Book;Biography;Peter Farrelly;2018;130;12;7.50
2019-12-23;10:30;The Longest Day;Action;Ken Annakin;1962;178;0;8.00
2019-12-22;20:30;Green Book;Biography;Peter Farrelly;2018;130;12;9.50
2019-12-22;17:30;Tombstone;Action;George P. Cosmatos;1993;130;16;7.00
2019-12-22;14:00;Secrets & Lies;Comedy;Mike Leigh;1996;136;0;7.00
2019-12-22;10:30;Secrets & Lies;Comedy;Mike Leigh;1996;136;0;7.50
2019-12-21;20:30;Home Alone;Comedy;Chris Columbus;1990;103;0;9.50
2019-12-21;16:30;Casino;Crime;Martin Scorsese;1995;178;12;8.50
2019-12-21;12:30;Casino;Crime;Martin Scorsese;1995;178;12;8.50
2019-12-21;10:00;Bringing Up Baby;Comedy;Howard Hawks;1938;102;12;8.50
2019-12-20;10:00;The Longest Day;Action;Ken Annakin;1962;178;0;7.50
2019-12-19;13:00;The Princess Bride;Adventure;Rob Reiner;1987;98;0;7.50
2019-12-19;10:00;Tombstone;Action;George P. Cosmatos;1993;130;16;7.00
2019-12-18;13:30;Mad Max 2;Action;George Miller;1981;96;12;7.00
2019-12-18;10:30;Green Book;Biography;Peter Farrelly;2018;130;12;7.50
2019-12-17;13:30;Secrets & Lies;Comedy;Mike Leigh;1996;136;0;8.50
2019-12-17;10:30;The Magnificent Seven;Action;John Sturges;1960;128;12;7.50
2019-12-16;16:00;Breaking the Waves;Drama;Lars von Trier;1996;159;16;7.50
2019-12-16;13:00;American History X;Drama;Tony Kaye;1998;119;16;7.00
2019-12-16;10:00;A Few Good Men;Drama;Rob Reiner;1992;138;0;8.50
2019-12-15;16:30;The Longest Day;Action;Ken Annakin;1962;178;0;8.00
2019-12-15;13:00;Avengers: Infinity War;Action;Anthony Russo;2018;149;12;6.50
2019-12-15;10:00;American History X;Drama;Tony Kaye;1998;119;16;7.00
2019-12-14;19:30;Zulu;Drama;Cy Endfield;1964;138;0;9.00
2019-12-14;16:30;Secrets & Lies;Comedy;Mike Leigh;1996;136;0;6.50
2019-12-14;13:00;Avengers: Infinity War;Action;Anthony Russo;2018;149;12;8.50
2019-12-14;10:00;Fear and Loathing in Las Vegas;Adventure;Terry Gilliam;1998;118;16;6.50
2019-12-13;15:30;The Outlaw Josey Wales;Western;Clint Eastwood;1976;135;12;6.50
2019-12-13;13:30;The Nightmare Before Christmas;Animation;Henry Selick;1993;76;0;6.50
2019-12-13;10:30;Fear and Loathing in Las Vegas;Adventure;Terry Gilliam;1998;118;16;7.50
2019-12-12;16:30;Trois couleurs: Rouge;Drama;Krzysztof Kieslowski;1994;99;0;6.50
2019-12-12;13:30;The Boondock Saints;Action;Troy Duffy;1999;108;16;8.50
2019-12-12;10:30;The Sixth Sense;Drama;M. Night Shyamalan;1999;107;12;8.00
2019-12-11;10:30;Home Alone;Comedy;Chris Columbus;1990;103;0;8.00
2019-12-10;10:30;Miller's Crossing;Crime;Joel Coen;1990;115;16;6.50
2019-12-09;16:30;Breaking the Waves;Drama;Lars von Trier;1996;159;16;8.00
2019-12-09;13:00;Zulu;Drama;Cy Endfield;1964;138;0;7.00
2019-12-09;10:00;Anand;Drama;Hrishikesh Mukherjee;1971;122;0;7.00
2019-12-08;16:00;La passion de Jeanne d'Arc;Biography;Carl Theodor Dreyer;1928;110;12;8.50
2019-12-08;13:00;Anand;Drama;Hrishikesh Mukherjee;1971;122;0;8.00
2019-12-08;10:30;Trois couleurs: Rouge;Drama;Krzysztof Kieslowski;1994;99;0;7.00
2019-12-07;18:30;Gattaca;Drama;Andrew Niccol;1997;106;12;9.50
2019-12-07;15:30;The Outlaw Josey Wales;Western;Clint Eastwood;1976;135;12;8.50
2019-12-07;13:30;The Nightmare Before Christmas;Animation;Henry Selick;1993;76;0;7.50
2019-12-07;10:00;The Message;Biography;Moustapha Akkad;1976;177;6;7.50
2019-12-06;10:30;Bonnie and Clyde;Action;Arthur Penn;1967;111;12;8.00
2019-12-05;13:30;The Sixth Sense;Drama;M. Night Shyamalan;1999;107;12;7.50
2019-12-05;10:30;American History X;Drama;Tony Kaye;1998;119;16;6.50
2019-12-04;16:00;The Longest Day;Action;Ken Annakin;1962;178;0;8.00
2019-12-04;12:30;Avengers: Infinity War;Action;Anthony Russo;2018;149;12;7.00
2019-12-04;10:00;Home Alone;Comedy;Chris Columbus;1990;103;0;8.00
2019-12-03;15:30;Gattaca;Drama;Andrew Niccol;1997;106;12;7.50
2019-12-03;13:00;Gattaca;Drama;Andrew Niccol;1997;106;12;8.50
2019-12-03;10:00;The Sixth Sense;Drama;M. Night Shyamalan;1999;107;12;7.00
2019-12-02;10:30;Fight Club;Drama;David Fincher;1999;139;12;7.00
2019-12-01;15:30;Trois couleurs: Rouge;Drama;Krzysztof Kieslowski;1994;99;0;7.00
2019-12-01;13:00;La passion de Jeanne d'Arc;Biography;Carl Theodor Dreyer;1928;110;12;6.50
2019-12-01;10:30;La passion de Jeanne d'Arc;Biography;Carl Theodor Dreyer;1928;110;12;6.50
2019-11-30;18:00;Tombstone;Action;George P. Cosmatos;1993;130;16;9.00
2019-11-30;15:30;A Night at the Opera;Comedy;Sam Wood;1935;96;12;6.50
2019-11-30;13:00;The Ladykillers;Comedy;Alexander Mackendrick;1955;91;12;8.00
2019-11-30;10:00;Tombstone;Action;George P. Cosmatos;1993;130;16;7.00
2019-11-29;17:30;The Nightmare Before Christmas;Animation;Henry Selick;1993;76;0;7.50
2019-11-29;14:00;Mary Poppins;Comedy;Robert Stevenson;1964;139;0;7.50
2019-11-29;10:30;Breaking the Waves;Drama;Lars von Trier;1996;159;16;7.50
2019-11-28;16:00;The Nightmare Before Christmas;Animation;Henry Selick;1993;76;0;7.50
2019-11-28;13:30;Home Alone;Comedy;Chris Columbus;1990;103;0;7.00
2019-11-28;10:30;Fight Club;Drama;David Fincher;1999;139;12;6.50
2019-11-27;14:00;Mary Poppins;Comedy;Robert Stevenson;1964;139;0;7.50
2019-11-27;10:30;Breaking the Waves;Drama;Lars von Trier;1996;159;16;7.50
2019-11-26;10:00;Gattaca;Drama;Andrew Niccol;1997;106;12;7.50
2019-11-25;16:00;Bonnie and Clyde;Action;Arthur Penn;1967;111;12;8.00
2019-11-25;13:30;Sweet Smell of Success;Drama;Alexander Mackendrick;1957;96;12;6.50
2019-11-25;10:00;Avengers: Infinity War;Action;Anthony Russo;2018;149;12;7.00
2019-11-24;15:00;Gattaca;Drama;Andrew Niccol;1997;106;12;7.00
2019-11-24;12:30;The Princess Bride;Adventure;Rob Reiner;1987;98;0;7.00
2019-11-24;10:00;The Princess Bride;Adventure;Rob Reiner;1987;98;0;7.00
2019-11-23;18:30;Ben-Hur;Adventure;William Wyler;1959;212;0;9.50
2019-11-23;16:00;La passion de Jeanne d'Arc;Biography;Carl Theodor Dreyer;1928;110;12;7.00
2019-11-23;13:00;The Boondock Saints;Action;Troy Duffy;1999;108;16;6.50
2019-11-23;10:00;Mary Poppins;Comedy;Robert Stevenson;1964;139;0;6.50
2019-11-22;16:00;The Nightmare Before Christmas;Animation;Henry Selick;1993;76;0;8.00
2019-11-22;13:30;Kumonosu-jô;Drama;Akira Kurosawa;1957;110;12;7.50
2019-11-22;10:30;Fight Club;Drama;David Fincher;1999;139;12;6.50
2019-11-21;10:30;La passion de Jeanne d'Arc;Biography;Carl Theodor Dreyer;1928;110;12;8.00
2019-11-20;13:30;Sweet Smell of Success;Drama;Alexander Mackendrick;1957;96;12;7.50
2019-11-20;10:30;Fight Club;Drama;David Fincher;1999;139;12;7.50
2019-11-19;10:00;The Thin Man;Comedy;W.S. Van Dyke;1934;91;12;7.00
2019-11-18;13:00;Kumonosu-jô;Drama;Akira Kurosawa;1957;110;12;6.50
2019-11-18;10:30;The Princess Bride;Adventure;Rob Reiner;1987;98;0;7.00
2019-11-17;17:30;Naked;Comedy;Mike Leigh;1993;132;12;7.00
2019-11-17;15:30;Batman: Mask of the Phantasm;Animation;Kevin Altieri;1993;76;6;8.50
2019-11-17;13:00;Il conformista;Drama;Bernardo Bertolucci;1970;113;12;7.00
2019-11-17;10:30;On the Waterfront;Crime;Elia Kazan;1954;108;12;8.00
2019-11-16;16:00;Fight Club;Drama;David Fincher;1999;139;12;6.50
2019-11-16;13:30;The Thin Man;Comedy;W.S. Van Dyke;1934;91;12;7.00
2019-11-16;10:00;Breaking the Waves;Drama;Lars von Trier;1996;159;16;6.50
2019-11-15;16:00;La passion de Jeanne d'Arc;Biography;Carl Theodor Dreyer;1928;110;12;8.50
2019-11-15;12:30;Breaking the Waves;Drama;Lars von Trier;1996;159;16;8.00
2019-11-15;10:00;Before Sunrise;Drama;Richard Linklater;1995;101;16;8.50
2019-11-14;16:00;Sound of Metal;Drama;Darius Marder;2019;120;16;8.50
2019-11-14;12:30;Avengers: Infinity War;Action;Anthony Russo;2018;149;12;8.00
2019-11-14;10:00;City Lights;Comedy;Charles Chaplin;1931;87;0;8.00
2019-11-13;13:00;The Princess Bride;Adventure;Rob Reiner;1987;98;0;6.50
2019-11-13;10:30;Butch Cassidy and the Sundance Kid;Biography;George Roy Hill;1969;110;6;7.50
2019-11-12;10:30;Anand;Drama;Hrishikesh Mukherjee;1971;122;0;8.00
2019-11-11;10:30;Before Sunrise;Drama;Richard Linklater;1995;101;16;6.50
2019-11-10;17:00;A Night at the Opera;Comedy;Sam Wood;1935;96;12;6.50
2019-11-10;14:30;La double vie de Véronique;Drama;Krzysztof Kieslowski;1991;98;16;7.50
2019-11-10;10:30;Casino;Crime;Martin Scorsese;1995;178;12;8.00
2019-11-09;19:30;Butch Cassidy and the Sundance Kid;Biography;George Roy Hill;1969;110;6;8.50
2019-11-09;17:00;La double vie de Véronique;Drama;Krzysztof Kieslowski;1991;98;16;7.50
2019-11-09;14:30;Sound of Metal;Drama;Darius Marder;2019;120;16;7.50
2019-11-09;10:00;Ben-Hur;Adventure;William Wyler;1959;212;0;7.00
2019-11-08;10:30;The Game;Action;David Fincher;1997;129;12;7.00
2019-11-07;10:00;Butch Cassidy and the Sundance Kid;Biography;George Roy Hill;1969;110;6;7.50
2019-11-06;13:30;Naked;Comedy;Mike Leigh;1993;132;12;7.50
2019-11-06;10:30;Anand;Drama;Hrishikesh Mukherjee;1971;122;0;8.50
2019-11-05;13:00;First Blood;Action;Ted Kotcheff;1982;93;12;8.00
2019-11-05;10:00;On the Waterfront;Crime;Elia Kazan;1954;108;12;7.50
2019-11-04;10:30;Chung Hing sam lam;Comedy;Kar-Wai Wong;1994;102;0;6.50
2019-11-03;19:30;To Be or Not to Be;Comedy;Ernst Lubitsch;1942;99;12;10.00
2019-11-03;17:00;First Blood;Action;Ted Kotcheff;1982;93;12;6.50
2019-11-03;14:30;Sweet Smell of Success;Drama;Alexander Mackendrick;1957;96;12;8.50
2019-11-03;10:00;Ben-Hur;Adventure;William Wyler;1959;212;0;6.50
2019-11-02;20:30;Casino;Crime;Martin Scorsese;1995;178;12;9.50
2019-11-02;17:30;Sound of Metal;Drama;Darius Marder;2019;120;16;6.50
2019-11-02;13:00;Ben-Hur;Adventure;William Wyler;1959;212;0;8.50
2019-11-02;10:30;Before Sunrise;Drama;Richard Linklater;1995;101;16;8.50
2019-11-01;10:00;Before Sunrise;Drama;Richard Linklater;1995;101;16;8.50
2019-10-31;16:00;Bound by Honor;Crime;Taylor Hackford;1993;180;16;6.50
2019-10-31;13:30;La double vie de Véronique;Drama;Krzysztof Kieslowski;1991;98;16;8.00
2019-10-31;10:30;Il conformista;Drama;Bernardo Bertolucci;1970;113;12;7.50
2019-10-30;16:00;Manbiki kazoku;Crime;Hirokazu Koreeda;2018;121;12;6.50
2019-10-30;13:00;Naked;Comedy;Mike Leigh;1993;132;12;7.00
2019-10-30;10:00;Sound of Metal;Drama;Darius Marder;2019;120;16;6.50
2019-10-29;10:00;Chung Hing sam lam;Comedy;Kar-Wai Wong;1994;102;0;7.50
2019-10-28;13:30;The Thin Man;Comedy;W.S. Van Dyke;1934;91;12;7.00
2019-10-28;10:30;Naked;Comedy;Mike Leigh;1993;132;12;7.00
2019-10-27;15:30;Magnolia;Drama;Paul Thomas Anderson;1999;188;16;8.50
2019-10-27;12:30;Eskiya;Crime;Yavuz Turgul;1996;128;12;7.00
2019-10-27;10:00;La double vie de Véronique;Drama;Krzysztof Kieslowski;1991;98;16;7.50
2019-10-26;22:00;The Thin Man;Comedy;W.S. Van Dyke;1934;91;12;9.00
2019-10-26;17:30;Ben-Hur;Adventure;William Wyler;1959;212;0;7.50
2019-10-26;14:30;Eskiya;Crime;Yavuz Turgul;1996;128;12;8.00
2019-10-26;10:30;Casino;Crime;Martin Scorsese;1995;178;12;8.50
2019-10-25;10:00;Ben-Hur;Adventure;William Wyler;1959;212;0;8.00
2019-10-24;10:00;Bound by Honor;Crime;Taylor Hackford;1993;180;16;7.00
2019-10-23;13:00;Casino;Crime;Martin Scorsese;1995;178;12;7.00
2019-10-23;10:30;Il conformista;Drama;Bernardo Bertolucci;1970;113;12;6.50
2019-10-22;12:30;First Blood;Action;Ted Kotcheff;1982;93;12;8.00
2019-10-22;10:00;First Blood;Action;Ted Kotcheff;1982;93;12;7.00
2019-10-21;13:00;Inherit the Wind;Biography;Stanley Kramer;1960;128;12;6.50
2019-10-21;10:30;Before Sunrise;Drama;Richard Linklater;1995;101;16;7.00
2019-10-20;18:30;Ben-Hur;Adventure;William Wyler;1959;212;0;8.50
2019-10-20;15:30;The Game;Action;David Fincher;1997;129;12;7.50
2019-10-20;13:00;The Thin Man;Comedy;W.S. Van Dyke;1934;91;12;7.50
2019-10-20;10:00;Eskiya;Crime;Yavuz Turgul;1996;128;12;6.50
2019-10-19;18:30;The Thin Man;Comedy;W.S. Van Dyke;1934;91;12;9.00
2019-10-19;15:30;Eskiya;Crime;Yavuz Turgul;1996;128;12;8.00
2019-10-19;13:00;Before Sunrise;Drama;Richard Linklater;1995;101;16;8.00
2019-10-19;10:00;Naked;Comedy;Mike Leigh;1993;132;12;7.50
2019-10-18;10:00;Il conformista;Drama;Bernardo Bertolucci;1970;113;12;7.00
2019-10-17;14:00;La planète sauvage;Animation;René Laloux;1973;72;0;8.50
2019-10-17;10:00;Bound by Honor;Crime;Taylor Hackford;1993;180;16;6.50
2019-10-16;13:00;Ben-Hur;Adventure;William Wyler;1959;212;0;7.50
2019-10-16;10:30;Il conformista;Drama;Bernardo Bertolucci;1970;113;12;7.50
2019-10-15;15:30;Casino;Crime;Martin Scorsese;1995;178;12;8.00
2019-10-15;12:30;The Manchurian Candidate;Drama;John Frankenheimer;1962;126;12;8.50
2019-10-15;10:30;La planète sauvage;Animation;René Laloux;1973;72;0;7.00
2019-10-14;14:00;Casino;Crime;Martin Scorsese;1995;178;12;6.50
2019-10-14;10:00;Magnolia;Drama;Paul Thomas Anderson;1999;188;16;8.00
2019-10-13;16:00;La planète sauvage;Animation;René Laloux;1973;72;0;7.50
2019-10-13;13:30;First Blood;Action;Ted Kotcheff;1982;93;12;6.50
2019-10-13;10:30;The Manchurian Candidate;Drama;John Frankenheimer;1962;126;12;7.50
2019-10-12;17:00;The Fifth Element;Action;Luc Besson;1997;126;12;7.50
2019-10-12;15:00;The Circus;Comedy;Charles Chaplin;1928;72;12;8.50
2019-10-12;12:30;First Blood;Action;Ted Kotcheff;1982;93;12;6.50
2019-10-12;10:00;The Ladykillers;Comedy;Alexander Mackendrick;1955;91;12;8.00
2019-10-11;15:30;First Blood;Action;Ted Kotcheff;1982;93;12;7.00
2019-10-11;13:00;First Blood;Action;Ted Kotcheff;1982;93;12;6.50
2019-10-11;10:30;The Ladykillers;Comedy;Alexander Mackendrick;1955;91;12;6.50
2019-10-10;13:30;Clerks;Comedy;Kevin Smith;1994;92;16;8.50
2019-10-10;10:30;Inherit the Wind;Biography;Stanley Kramer;1960;128;12;6.50
2019-10-09;15:00;On the Waterfront;Crime;Elia Kazan;1954;108;12;8.00
2019-10-09;10:30;Ben-Hur;Adventure;William Wyler;1959;212;0;8.00
2019-10-08;15:30;Casino;Crime;Martin Scorsese;1995;178;12;6.50
2019-10-08;13:00;La double vie de Véronique;Drama;Krzysztof Kieslowski;1991;98;16;7.50
2019-10-08;10:30;La double vie de Véronique;Drama;Krzysztof Kieslowski;1991;98;16;8.00
2019-10-07;10:00;Donnie Brasco;Biography;Mike Newell;1997;127;12;8.00
2019-10-06;14:30;Magnolia;Drama;Paul Thomas Anderson;1999;188;16;6.50
2019-10-06;12:30;The Circus;Comedy;Charles Chaplin;1928;72;12;8.50
2019-10-06;10:30;La planète sauvage;Animation;René Laloux;1973;72;0;7.00
2019-10-05;16:30;Clerks;Comedy;Kevin Smith;1994;92;16;7.00
2019-10-05;12:30;Magnolia;Drama;Paul Thomas Anderson;1999;188;16;7.00
2019-10-05;10:30;La planète sauvage;Animation;René Laloux;1973;72;0;6.50
2019-10-04;10:00;Stalker;Drama;Andrei Tarkovsky;1979;162;0;7.00
2019-10-03;10:00;Stalker;Drama;Andrei Tarkovsky;1979;162;0;6.50
2019-10-02;13:00;Clerks;Comedy;Kevin Smith;1994;92;16;8.50
2019-10-02;10:30;Reservoir Dogs;Crime;Quentin Tarantino;1992;99;16;7.00
2019-10-01;14:00;The Manchurian Candidate;Drama;John Frankenheimer;1962;126;12;6.50
2019-10-01;10:30;2001: A Space Odyssey;Adventure;Stanley Kubrick;1968;149;0;7.50
2019-09-30;10:00;2001: A Space Odyssey;Adventure;Stanley Kubrick;1968;149;0;6.50
2019-09-29;16:30;Gone with the Wind;Drama;Victor Fleming;1939;238;0;6.50
2019-09-29;13:30;La Strada;Drama;Federico Fellini;1954;108;12;7.00
2019-09-29;10:00;2001: A Space Odyssey;Adventure;Stanley Kubrick;1968;149;0;6.50
2019-09-28;18:30;Lethal Weapon;Action;Richard Donner;1987;109;12;8.50
2019-09-28;15:30;The Manchurian Candidate;Drama;John Frankenheimer;1962;126;12;8.50
2019-09-28;13:00;Loving Vincent;Animation;Dorota Kobiela;2017;94;12;6.50
2019-09-28;10:00;The Manchurian Candidate;Drama;John Frankenheimer;1962;126;12;7.00
2019-09-27;13:30;Dead Poets Society;Comedy;Peter Weir;1989;128;0;8.50
2019-09-27;10:30;The Manchurian Candidate;Drama;John Frankenheimer;1962;126;12;8.50
2019-09-26;10:00;Donnie Brasco;Biography;Mike Newell;1997;127;12;8.50
2019-09-25;10:00;Unforgiven;Drama;Clint Eastwood;1992;130;12;8.00
2019-09-24;10:00;Unforgiven;Drama;Clint Eastwood;1992;130;12;8.50
2019-09-23;16:00;Only the Brave;Action;Joseph Kosinski;2017;134;12;7.00
2019-09-23;13:00;Lethal Weapon;Action;Richard Donner;1987;109;12;8.00
2019-09-23;10:00;Only the Brave;Action;Joseph Kosinski;2017;134;12;8.00
2019-09-22;16:00;Gone with the Wind;Drama;Victor Fleming;1939;238;0;6.50
2019-09-22;13:30;Lethal Weapon;Action;Richard Donner;1987;109;12;7.50
2019-09-22;10:30;Dead Poets Society;Comedy;Peter Weir;1989;128;0;7.00
2019-09-21;16:30;Le notti di Cabiria;Drama;Federico Fellini;1957;110;12;8.50
2019-09-21;13:30;Donnie Brasco;Biography;Mike Newell;1997;127;12;8.00
2019-09-21;10:30;Donnie Brasco;Biography;Mike Newell;1997;127;12;7.50
2019-09-20;10:00;Unforgiven;Drama;Clint Eastwood;1992;130;12;7.50
2019-09-19;15:00;La Strada;Drama;Federico Fellini;1954;108;12;8.00
2019-09-19;13:00;The Circus;Comedy;Charles Chaplin;1928;72;12;8.00
2019-09-19;10:00;Donnie Brasco;Biography;Mike Newell;1997;127;12;7.50
2019-09-18;13:00;Watership Down;Animation;Martin Rosen;1978;91;0;7.50
2019-09-18;10:30;Clerks;Comedy;Kevin Smith;1994;92;16;7.00
2019-09-17;16:30;Donnie Brasco;Biography;Mike Newell;1997;127;12;6.50
2019-09-17;14:30;The Little Mermaid;Animation;Ron Clements;1989;83;0;8.00
2019-09-17;10:30;Magnolia;Drama;Paul Thomas Anderson;1999;188;16;7.00
2019-09-16;16:00;Donnie Brasco;Biography;Mike Newell;1997;127;12;6.50
2019-09-16;13:30;Le notti di Cabiria;Drama;Federico Fellini;1957;110;12;6.50
2019-09-16;10:30;Dead Poets Society;Comedy;Peter Weir;1989;128;0;7.00
2019-09-15;16:00;Donnie Brasco;Biography;Mike Newell;1997;127;12;8.50
2019-09-15;13:30;Lethal Weapon;Action;Richard Donner;1987;109;12;7.00
2019-09-15;10:30;The Remains of the Day;Drama;James Ivory;1993;134;0;6.50
2019-09-14;19:00;Lethal Weapon;Action;Richard Donner;1987;109;12;9.50
2019-09-14;16:00;La Strada;Drama;Federico Fellini;1954;108;12;8.00
2019-09-14;13:00;The Exorcist;Horror;William Friedkin;1973;122;12;6.50
2019-09-14;10:00;Dead Poets Society;Comedy;Peter Weir;1989;128;0;8.50
2019-09-13;15:30;The Manchurian Candidate;Drama;John Frankenheimer;1962;126;12;7.50
2019-09-13;13:00;La Strada;Drama;Federico Fellini;1954;108;12;6.50
2019-09-13;10:30;Lethal Weapon;Action;Richard Donner;1987;109;12;7.00
2019-09-12;15:30;Escape from Alcatraz;Action;Don Siegel;1979;112;12;7.50
2019-09-12;13:00;La Strada;Drama;Federico Fellini;1954;108;12;7.00
2019-09-12;10:00;Dead Poets Society;Comedy;Peter Weir;1989;128;0;8.50
2019-09-11;13:00;God's Own Country;Drama;Francis Lee;2017;104;12;7.50
2019-09-11;10:00;Donnie Brasco;Biography;Mike Newell;1997;127;12;8.00
2019-09-10;16:00;On the Waterfront;Crime;Elia Kazan;1954;108;12;6.50
2019-09-10;13:00;Unforgiven;Drama;Clint Eastwood;1992;130;12;8.00
2019-09-10;10:30;Watership Down;Animation;Martin Rosen;1978;91;0;7.00
2019-09-09;10:00;Lethal Weapon;Action;Richard Donner;1987;109;12;7.50
2019-09-08;18:00;The Gold Rush;Adventure;Charles Chaplin;1925;95;12;9.50
2019-09-08;15:30;Escape from Alcatraz;Action;Don Siegel;1979;112;12;7.00
2019-09-08;10:30;Gone with the Wind;Drama;Victor Fleming;1939;238;0;7.50
2019-09-07;18:30;The Manchurian Candidate;Drama;John Frankenheimer;1962;126;12;8.50
2019-09-07;15:30;Only the Brave;Action;Joseph Kosinski;2017;134;12;7.50
2019-09-07;13:00;Watership Down;Animation;Martin Rosen;1978;91;0;7.00
2019-09-07;10:00;Night on Earth;Comedy;Jim Jarmusch;1991;129;16;7.00
2019-09-06;16:00;The Gold Rush;Adventure;Charles Chaplin;1925;95;12;8.50
2019-09-06;13:00;The Remains of the Day;Drama;James Ivory;1993;134;0;6.50
2019-09-06;10:30;Gifted;Drama;Marc Webb;2017;101;12;6.50
2019-09-05;10:00;God's Own Country;Drama;Francis Lee;2017;104;12;7.00
2019-09-04;12:30;The Little Mermaid;Animation;Ron Clements;1989;83;0;6.50
2019-09-04;10:00;Gifted;Drama;Marc Webb;2017;101;12;8.00
2019-09-03;10:00;Donnie Brasco;Biography;Mike Newell;1997;127;12;8.00
2019-09-02;10:30;On the Waterfront;Crime;Elia Kazan;1954;108;12;6.50
2019-09-01;16:00;Good Will Hunting;Drama;Gus Van Sant;1997;126;0;8.50
2019-09-01;13:00;Only the Brave;Action;Joseph Kosinski;2017;134;12;7.50
2019-09-01;10:30;God's Own Country;Drama;Francis Lee;2017;104;12;7.00
2019-08-31;16:00;Watership Down;Animation;Martin Rosen;1978;91;0;8.50
2019-08-31;13:30;Dark City;Mystery;Alex Proyas;1998;100;12;6.50
2019-08-31;10:30;Night on Earth;Comedy;Jim Jarmusch;1991;129;16;6.50
2019-08-30;16:30;Donnie Brasco;Biography;Mike Newell;1997;127;12;7.00
2019-08-30;14:30;The Little Mermaid;Animation;Ron Clements;1989;83;0;7.50
2019-08-30;10:30;Heat;Crime;Michael Mann;1995;170;12;6.50
2019-08-29;17:00;The Little Mermaid;Animation;Ron Clements;1989;83;0;8.00
2019-08-29;13:30;Breaking the Waves;Drama;Lars von Trier;1996;159;16;8.00
2019-08-29;10:30;1917;Drama;Sam Mendes;2019;119;16;7.00
2019-08-28;13:00;Stalker;Drama;Andrei Tarkovsky;1979;162;0;8.00
2019-08-28;10:30;Escape from Alcatraz;Action;Don Siegel;1979;112;12;6.50
2019-08-27;16:00;The Exorcist;Horror;William Friedkin;1973;122;12;6.50
2019-08-27;13:30;Escape from Alcatraz;Action;Don Siegel;1979;112;12;8.50
2019-08-27;10:30;Donnie Brasco;Biography;Mike Newell;1997;127;12;7.00
2019-08-26;13:00;Good Will Hunting;Drama;Gus Van Sant;1997;126;0;6.50
2019-08-26;10:30;Gifted;Drama;Marc Webb;2017;101;12;8.00
2019-08-25;19:00;1917;Drama;Sam Mendes;2019;119;16;9.00
2019-08-25;16:00;Chinatown;Drama;Roman Polanski;1974;130;12;7.00
2019-08-25;13:30;Dark City;Mystery;Alex Proyas;1998;100;12;6.50
2019-08-25;10:30;Escape from Alcatraz;Action;Don Siegel;1979;112;12;8.00
2019-08-24;16:00;Dead Poets Society;Comedy;Peter Weir;1989;128;0;6.50
2019-08-24;13:00;Only the Brave;Action;Joseph Kosinski;2017;134;12;7.00
2019-08-24;10:00;Good Will Hunting;Drama;Gus Van Sant;1997;126;0;7.50
2019-08-23;10:30;Good Will Hunting;Drama;Gus Van Sant;1997;126;0;6.50
2019-08-22;16:00;Night on Earth;Comedy;Jim Jarmusch;1991;129;16;8.00
2019-08-22;13:30;1917;Drama;Sam Mendes;2019;119;16;7.50
2019-08-22;10:30;Dead Poets Society;Comedy;Peter Weir;1989;128;0;8.50
2019-08-21;10:30;Donnie Brasco;Biography;Mike Newell;1997;127;12;8.50
2019-08-20;10:30;The Exorcist;Horror;William Friedkin;1973;122;12;8.50
2019-08-19;13:00;God's Own Country;Drama;Francis Lee;2017;104;12;6.50
2019-08-19;10:30;The Gold Rush;Adventure;Charles Chaplin;1925;95;12;8.00
2019-08-18;15:30;On the Waterfront;Crime;Elia Kazan;1954;108;12;7.00
2019-08-18;13:00;The Purple Rose of Cairo;Comedy;Woody Allen;1985;82;0;6.50
2019-08-18;10:30;Watership Down;Animation;Martin Rosen;1978;91;0;7.00
2019-08-17;16:00;Night on Earth;Comedy;Jim Jarmusch;1991;129;16;7.50
2019-08-17;13:30;Gifted;Drama;Marc Webb;2017;101;12;7.00
2019-08-17;10:30;Dead Poets Society;Comedy;Peter Weir;1989;128;0;8.00
2019-08-16;16:00;Once Upon a Time in America;Crime;Sergio Leone;1984;229;12;6.50
2019-08-16;13:30;The Little Mermaid;Animation;Ron Clements;1989;83;0;7.50
2019-08-16;10:30;Donnie Brasco;Biography;Mike Newell;1997;127;12;6.50
2019-08-15;10:00;The Exorcist;Horror;William Friedkin;1973;122;12;7.00
2019-08-14;10:00;Breaking the Waves;Drama;Lars von Trier;1996;159;16;8.50
2019-08-13;15:30;Dark City;Mystery;Alex Proyas;1998;100;12;7.00
2019-08-13;13:30;The Purple Rose of Cairo;Comedy;Woody Allen;1985;82;0;6.50
2019-08-13;10:00;Heat;Crime;Michael Mann;1995;170;12;8.00
2019-08-12;10:00;God's Own Country;Drama;Francis Lee;2017;104;12;6.50
2019-08-11;18:00;La passion de Jeanne d'Arc;Biography;Carl Theodor Dreyer;1928;110;12;8.50
2019-08-11;15:30;Dunkirk;Action;Christopher Nolan;2017;106;12;7.50
2019-08-11;12:30;Rebecca;Drama;Alfred Hitchcock;1940;130;12;8.50
2019-08-11;10:00;Gifted;Drama;Marc Webb;2017;101;12;7.00
2019-08-10;20:00;Baahubali 2: The Conclusion;Action;S.S. Rajamouli;2017;167;12;10.00
2019-08-10;16:00;Baahubali 2: The Conclusion;Action;S.S. Rajamouli;2017;167;12;8.50
2019-08-10;13:00;Chinatown;Drama;Roman Polanski;1974;130;12;7.00
2019-08-10;10:00;Chinatown;Drama;Roman Polanski;1974;130;12;8.50
2019-08-09;14:30;The Exorcist;Horror;William Friedkin;1973;122;12;7.00
2019-08-09;10:30;Heat;Crime;Michael Mann;1995;170;12;8.00
2019-08-08;17:00;The Godfather: Part III;Crime;Francis Ford Coppola;1990;162;12;7.50
2019-08-08;12:30;Once Upon a Time in America;Crime;Sergio Leone;1984;229;12;8.50
2019-08-08;10:00;The Naked Gun: From the Files of Police Squad!;Comedy;David Zucker;1988;85;0;7.00
2019-08-07;15:00;Goldfinger;Action;Guy Hamilton;1964;110;12;6.50
2019-08-07;12:30;On the Waterfront;Crime;Elia Kazan;1954;108;12;8.00
2019-08-07;10:00;Gifted;Drama;Marc Webb;2017;101;12;8.00
2019-08-06;14:00;On the Waterfront;Crime;Elia Kazan;1954;108;12;8.50
2019-08-06;10:30;Baahubali 2: The Conclusion;Action;S.S. Rajamouli;2017;167;12;7.50
2019-08-05;15:00;Baahubali 2: The Conclusion;Action;S.S. Rajamouli;2017;167;12;8.00
2019-08-05;10:30;Sholay;Action;Ramesh Sippy;1975;204;0;6.50
2019-08-04;20:30;The Exorcist;Horror;William Friedkin;1973;122;12;9.00
2019-08-04;18:00;La double vie de Véronique;Drama;Krzysztof Kieslowski;1991;98;16;9.00
2019-08-04;15:00;Rebecca;Drama;Alfred Hitchcock;1940;130;12;8.50
2019-08-04;10:30;Once Upon a Time in America;Crime;Sergio Leone;1984;229;12;8.00
2019-08-03;15:30;Goldfinger;Action;Guy Hamilton;1964;110;12;7.50
2019-08-03;13:00;Gifted;Drama;Marc Webb;2017;101;12;6.50
2019-08-03;10:30;La passion de Jeanne d'Arc;Biography;Carl Theodor Dreyer;1928;110;12;8.00
2019-08-02;16:00;Donnie Brasco;Biography;Mike Newell;1997;127;12;6.50
2019-08-02;13:00;Nelyubov;Drama;Andrey Zvyagintsev;2017;127;16;7.00
2019-08-02;10:00;Chinatown;Drama;Roman Polanski;1974;130;12;7.00
2019-08-01;12:30;La passion de Jeanne d'Arc;Biography;Carl Theodor Dreyer;1928;110;12;8.00
2019-08-01;10:00;La double vie de Véronique;Drama;Krzysztof Kieslowski;1991;98;16;7.50
2019-07-31;10:30;Malcolm X;Biography;Spike Lee;1992;202;0;8.50
2019-07-30;10:00;Fried Green Tomatoes;Drama;Jon Avnet;1991;130;12;8.50
2019-07-29;17:30;The Purple Rose of Cairo;Comedy;Woody Allen;1985;82;0;7.50
2019-07-29;14:30;Rebecca;Drama;Alfred Hitchcock;1940;130;12;7.50
2019-07-29;10:00;Once Upon a Time in America;Crime;Sergio Leone;1984;229;12;8.00
2019-07-28;19:00;La passion de Jeanne d'Arc;Biography;Carl Theodor Dreyer;1928;110;12;10.00
2019-07-28;15:30;The Godfather: Part III;Crime;Francis Ford Coppola;1990;162;12;7.50
2019-07-28;12:30;Donnie Brasco;Biography;Mike Newell;1997;127;12;8.00
2019-07-28;10:00;Dunkirk;Action;Christopher Nolan;2017;106;12;6.50
2019-07-27;16:00;Sabrina;Comedy;Billy Wilder;1954;113;12;6.50
2019-07-27;13:00;Taxi Driver;Crime;Martin Scorsese;1976;114;12;7.00
2019-07-27;10:30;The Naked Gun: From the Files of Police Squad!;Comedy;David Zucker;1988;85;0;7.50
2019-07-26;17:00;The Godfather: Part III;Crime;Francis Ford Coppola;1990;162;12;7.00
2019-07-26;12:30;Once Upon a Time in America;Crime;Sergio Leone;1984;229;12;7.50
2019-07-26;10:00;Gifted;Drama;Marc Webb;2017;101;12;8.00
2019-07-25;16:00;La double vie de Véronique;Drama;Krzysztof Kieslowski;1991;98;16;8.50
2019-07-25;13:00;Fried Green Tomatoes;Drama;Jon Avnet;1991;130;12;8.00
2019-07-25;10:00;Chinatown;Drama;Roman Polanski;1974;130;12;7.00
2019-07-24;13:00;Rebecca;Drama;Alfred Hitchcock;1940;130;12;8.00
2019-07-24;10:30;Sabrina;Comedy;Billy Wilder;1954;113;12;6.50
2019-07-23;16:00;Rebecca;Drama;Alfred Hitchcock;1940;130;12;7.50
2019-07-23;13:30;Sabrina;Comedy;Billy Wilder;1954;113;12;7.00
2019-07-23;10:30;Sabrina;Comedy;Billy Wilder;1954;113;12;7.00
2019-07-22;12:30;Fried Green Tomatoes;Drama;Jon Avnet;1991;130;12;8.00
2019-07-22;10:00;Dunkirk;Action;Christopher Nolan;2017;106;12;6.50
2019-07-21;19:30;The Naked Gun: From the Files of Police Squad!;Comedy;David Zucker;1988;85;0;9.00
2019-07-21;17:00;Trois couleurs: Rouge;Drama;Krzysztof Kieslowski;1994;99;0;8.50
2019-07-21;14:30;La passion de Jeanne d'Arc;Biography;Carl Theodor Dreyer;1928;110;12;6.50
2019-07-21;10:00;Sholay;Action;Ramesh Sippy;1975;204;0;7.00
2019-07-20;19:30;Once Upon a Time in America;Crime;Sergio Leone;1984;229;12;9.00
2019-07-20;16:30;The Long Goodbye;Comedy;Robert Altman;1973;112;12;7.00
2019-07-20;13:00;The Godfather: Part III;Crime;Francis Ford Coppola;1990;162;12;6.50
2019-07-20;10:00;Sabrina;Comedy;Billy Wilder;1954;113;12;6.50
2019-07-19;10:00;Nelyubov;Drama;Andrey Zvyagintsev;2017;127;16;6.50
2019-07-18;10:00;Malcolm X;Biography;Spike Lee;1992;202;0;8.00
2019-07-17;12:30;Malcolm X;Biography;Spike Lee;1992;202;0;6.50
2019-07-17;10:00;Viskningar och rop;Drama;Ingmar Bergman;1972;91;12;7.00
2019-07-16;10:00;Gifted;Drama;Marc Webb;2017;101;12;8.50
2019-07-15;16:00;Nelyubov;Drama;Andrey Zvyagintsev;2017;127;16;7.50
2019-07-15;13:30;Trois couleurs: Blanc;Comedy;Krzysztof Kieslowski;1994;92;0;8.50
2019-07-15;10:30;The Quiet Man;Comedy;John Ford;1952;129;12;8.50
2019-07-14;18:00;Sabrina;Comedy;Billy Wilder;1954;113;12;9.00
2019-07-14;15:30;The Long Goodbye;Comedy;Robert Altman;1973;112;12;6.50
2019-07-14;13:00;La double vie de Véronique;Drama;Krzysztof Kieslowski;1991;98;16;8.00
2019-07-14;10:00;La passion de Jeanne d'Arc;Biography;Carl Theodor Dreyer;1928;110;12;7.50
2019-07-13;20:30;Wind River;Crime;Taylor Sheridan;2017;107;16;10.00
2019-07-13;16:00;Once Upon a Time in America;Crime;Sergio Leone;1984;229;12;7.00
2019-07-13;13:00;The Long Goodbye;Comedy;Robert Altman;1973;112;12;6.50
2019-07-13;10:00;The Long Goodbye;Comedy;Robert Altman;1973;112;12;6.50
2019-07-12;10:00;La Strada;Drama;Federico Fellini;1954;108;12;6.50
2019-07-11;18:30;The Dirty Dozen;Action;Robert Aldrich;1967;150;12;8.50
2019-07-11;14:00;Sholay;Action;Ramesh Sippy;1975;204;0;8.50
2019-07-11;10:00;Malcolm X;Biography;Spike Lee;1992;202;0;7.50
2019-07-10;10:30;Sabrina;Comedy;Billy Wilder;1954;113;12;7.50
2019-07-09;10:00;Malcolm X;Biography;Spike Lee;1992;202;0;7.50
2019-07-08;18:00;The Naked Gun: From the Files of Police Squad!;Comedy;David Zucker;1988;85;0;9.50
2019-07-08;15:00;Fried Green Tomatoes;Drama;Jon Avnet;1991;130;12;7.50
2019-07-08;10:30;Once Upon a Time in America;Crime;Sergio Leone;1984;229;12;7.50
2019-07-07;19:00;Singin' in the Rain;Comedy;Stanley Donen;1952;103;0;9.50
2019-07-07;16:30;Wind River;Crime;Taylor Sheridan;2017;107;16;8.00
2019-07-07;14:00;Lock, Stock and Two Smoking Barrels;Action;Guy Ritchie;1998;107;12;6.50
2019-07-07;10:00;Sholay;Action;Ramesh Sippy;1975;204;0;7.00
2019-07-06;20:30;The Quiet Man;Comedy;John Ford;1952;129;12;10.00
2019-07-06;16:00;Malcolm X;Biography;Spike Lee;1992;202;0;7.50
2019-07-06;13:00;Fried Green Tomatoes;Drama;Jon Avnet;1991;130;12;6.50
2019-07-06;10:30;Sabrina;Comedy;Billy Wilder;1954;113;12;7.50
2019-07-05;13:30;The Dirty Dozen;Action;Robert Aldrich;1967;150;12;7.50
2019-07-05;10:30;As Good as It Gets;Comedy;James L. Brooks;1997;139;12;8.50
2019-07-04;16:30;The Wizard of Oz;Adventure;Victor Fleming;1939;102;0;7.00
2019-07-04;14:00;Trois couleurs: Blanc;Comedy;Krzysztof Kieslowski;1994;92;0;7.50
2019-07-04;10:00;Titanic;Drama;James Cameron;1997;194;12;6.50
2019-07-03;15:00;Malcolm X;Biography;Spike Lee;1992;202;0;7.50
2019-07-03;12:30;Trois couleurs: Blanc;Comedy;Krzysztof Kieslowski;1994;92;0;8.50
2019-07-03;10:00;Lock, Stock and Two Smoking Barrels;Action;Guy Ritchie;1998;107;12;6.50
2019-07-02;16:00;The Philadelphia Story;Comedy;George Cukor;1940;112;12;8.50
2019-07-02;12:30;The Dirty Dozen;Action;Robert Aldrich;1967;150;12;8.50
2019-07-02;10:00;Dirty Harry;Action;Don Siegel;1971;102;12;8.00
2019-07-01;10:30;The Philadelphia Story;Comedy;George Cukor;1940;112;12;6.50
2019-06-30;18:30;Le samouraï;Crime;Jean-Pierre Melville;1967;105;12;9.00
2019-06-30;16:00;The Wizard of Oz;Adventure;Victor Fleming;1939;102;0;8.50
2019-06-30;13:30;Notorious;Drama;Alfred Hitchcock;1946;102;0;8.50
2019-06-30;10:30;The Quiet Man;Comedy;John Ford;1952;129;12;7.50
2019-06-29;22:30;Once Upon a Time in America;Crime;Sergio Leone;1984;229;12;10.00
2019-06-29;18:00;Shichinin no samurai;Action;Akira Kurosawa;1954;207;0;8.50
2019-06-29;13:30;Shichinin no samurai;Action;Akira Kurosawa;1954;207;0;7.00
2019-06-29;10:30;The Quiet Man;Comedy;John Ford;1952;129;12;8.00
2019-06-28;13:00;The Outlaw Josey Wales;Western;Clint Eastwood;1976;135;12;6.50
2019-06-28;10:30;La double vie de Véronique;Drama;Krzysztof Kieslowski;1991;98;16;6.50
2019-06-27;10:30;La Strada;Drama;Federico Fellini;1954;108;12;6.50
2019-06-26;10:00;Once Upon a Time in America;Crime;Sergio Leone;1984;229;12;8.50
2019-06-25;17:00;Fried Green Tomatoes;Drama;Jon Avnet;1991;130;12;7.50
2019-06-25;14:30;Le samouraï;Crime;Jean-Pierre Melville;1967;105;12;7.00
2019-06-25;10:00;Shichinin no samurai;Action;Akira Kurosawa;1954;207;0;8.00
2019-06-24;17:00;Wind River;Crime;Taylor Sheridan;2017;107;16;8.50
2019-06-24;14:00;Donnie Brasco;Biography;Mike Newell;1997;127;12;8.00
2019-06-24;10:30;The Dirty Dozen;Action;Robert Aldrich;1967;150;12;6.50
2019-06-23;19:00;Fried Green Tomatoes;Drama;Jon Avnet;1991;130;12;8.50
2019-06-23;16:00;Night on Earth;Comedy;Jim Jarmusch;1991;129;16;8.50
2019-06-23;13:00;Donnie Brasco;Biography;Mike Newell;1997;127;12;6.50
2019-06-23;10:30;Wind River;Crime;Taylor Sheridan;2017;107;16;7.00
2019-06-22;18:00;Shichinin no samurai;Action;Akira Kurosawa;1954;207;0;8.50
2019-06-22;15:30;Trois couleurs: Blanc;Comedy;Krzysztof Kieslowski;1994;92;0;8.00
2019-06-22;13:00;La Strada;Drama;Federico Fellini;1954;108;12;8.50
2019-06-22;10:30;Le samouraï;Crime;Jean-Pierre Melville;1967;105;12;7.00
2019-06-21;14:30;As Good as It Gets;Comedy;James L. Brooks;1997;139;12;7.50
2019-06-21;10:30;Titanic;Drama;James Cameron;1997;194;12;8.50
2019-06-20;13:00;Trois couleurs: Rouge;Drama;Krzysztof Kieslowski;1994;99;0;8.00
2019-06-20;10:30;Trois couleurs: Rouge;Drama;Krzysztof Kieslowski;1994;99;0;8.00
2019-06-19;13:00;Se7en;Crime;David Fincher;1995;127;12;7.50
2019-06-19;10:30;Jules et Jim;Drama;François Truffaut;1962;105;12;8.00
2019-06-18;16:00;Jules et Jim;Drama;François Truffaut;1962;105;12;7.50
2019-06-18;13:00;Raging Bull;Biography;Martin Scorsese;1980;129;12;6.50
2019-06-18;10:30;Young Frankenstein;Comedy;Mel Brooks;1974;106;12;8.50
2019-06-17;12:30;As Good as It Gets;Comedy;James L. Brooks;1997;139;12;6.50
2019-06-17;10:00;The Wizard of Oz;Adventure;Victor Fleming;1939;102;0;6.50
2019-06-16;15:30;Jules et Jim;Drama;François Truffaut;1962;105;12;6.50
2019-06-16;13:00;Goldfinger;Action;Guy Hamilton;1964;110;12;7.00
2019-06-16;10:30;The Wizard of Oz;Adventure;Victor Fleming;1939;102;0;7.00
2019-06-15;19:30;Shichinin no samurai;Action;Akira Kurosawa;1954;207;0;9.00
2019-06-15;15:00;Shichinin no samurai;Action;Akira Kurosawa;1954;207;0;6.50
2019-06-15;12:30;Jules et Jim;Drama;François Truffaut;1962;105;12;7.00
2019-06-15;10:00;The Wizard of Oz;Adventure;Victor Fleming;1939;102;0;8.50
2019-06-14;15:30;Trois couleurs: Rouge;Drama;Krzysztof Kieslowski;1994;99;0;6.50
2019-06-14;13:00;Wind River;Crime;Taylor Sheridan;2017;107;16;8.50
2019-06-14;10:30;Wind River;Crime;Taylor Sheridan;2017;107;16;7.50
2019-06-13;13:00;As Good as It Gets;Comedy;James L. Brooks;1997;139;12;7.00
2019-06-13;10:30;Viskningar och rop;Drama;Ingmar Bergman;1972;91;12;8.00
2019-06-12;13:00;Jules et Jim;Drama;François Truffaut;1962;105;12;7.00
2019-06-12;10:30;Young Frankenstein;Comedy;Mel Brooks;1974;106;12;6.50
2019-06-11;16:00;Shichinin no samurai;Action;Akira Kurosawa;1954;207;0;8.00
2019-06-11;13:30;Notorious;Drama;Alfred Hitchcock;1946;102;0;8.50
2019-06-11;10:30;Night on Earth;Comedy;Jim Jarmusch;1991;129;16;7.00
2019-06-10;14:30;The Last of the Mohicans;Action;Michael Mann;1992;112;12;8.00
2019-06-10;10:00;Shichinin no samurai;Action;Akira Kurosawa;1954;207;0;7.50
2019-06-09;18:30;Young Frankenstein;Comedy;Mel Brooks;1974;106;12;9.50
2019-06-09;16:00;The Last of the Mohicans;Action;Michael Mann;1992;112;12;6.50
2019-06-09;13:00;Les diaboliques;Crime;Henri-Georges Clouzot;1955;117;12;8.50
2019-06-09;10:00;Raging Bull;Biography;Martin Scorsese;1980;129;12;6.50
2019-06-08;18:30;The Dirty Dozen;Action;Robert Aldrich;1967;150;12;8.50
2019-06-08;16:00;South Park: Bigger, Longer & Uncut;Animation;Trey Parker;1999;81;12;8.50
2019-06-08;13:00;The Blues Brothers;Action;John Landis;1980;133;0;7.50
2019-06-08;10:30;Trois couleurs: Rouge;Drama;Krzysztof Kieslowski;1994;99;0;7.00
2019-06-07;12:30;Dirty Harry;Action;Don Siegel;1971;102;12;8.50
2019-06-07;10:00;Once Were Warriors;Crime;Lee Tamahori;1994;102;12;8.50
2019-06-06;16:00;Malcolm X;Biography;Spike Lee;1992;202;0;7.00
2019-06-06;13:30;Notorious;Drama;Alfred Hitchcock;1946;102;0;7.00
2019-06-06;10:30;Stalag 17;Comedy;Billy Wilder;1953;120;12;8.00
2019-06-05;16:30;Trois couleurs: Rouge;Drama;Krzysztof Kieslowski;1994;99;0;8.00
2019-06-05;13:30;Rebel Without a Cause;Drama;Nicholas Ray;1955;111;12;7.50
2019-06-05;10:30;The Outlaw Josey Wales;Western;Clint Eastwood;1976;135;12;7.00
2019-06-04;10:00;Le samouraï;Crime;Jean-Pierre Melville;1967;105;12;7.50
2019-06-03;10:30;Dirty Harry;Action;Don Siegel;1971;102;12;8.50
2019-06-02;15:30;Titanic;Drama;James Cameron;1997;194;12;7.00
2019-06-02;13:00;Jules et Jim;Drama;François Truffaut;1962;105;12;7.50
2019-06-02;10:30;Notorious;Drama;Alfred Hitchcock;1946;102;0;8.50
2019-06-01;16:00;The Outlaw Josey Wales;Western;Clint Eastwood;1976;135;12;8.00
2019-06-01;13:00;Les diaboliques;Crime;Henri-Georges Clouzot;1955;117;12;8.50
2019-06-01;10:00;The Outlaw Josey Wales;Western;Clint Eastwood;1976;135;12;8.50
2019-05-31;10:00;Les yeux sans visage;Drama;Georges Franju;1960;90;12;6.50
2019-05-30;10:00;The Wizard of Oz;Adventure;Victor Fleming;1939;102;0;7.50
2019-05-29;12:30;Les diaboliques;Crime;Henri-Georges Clouzot;1955;117;12;8.50
2019-05-29;10:00;The Wizard of Oz;Adventure;Victor Fleming;1939;102;0;7.00
2019-05-28;15:30;South Park: Bigger, Longer & Uncut;Animation;Trey Parker;1999;81;12;8.00
2019-05-28;12:30;Raging Bull;Biography;Martin Scorsese;1980;129;12;7.50
2019-05-28;10:00;Le samouraï;Crime;Jean-Pierre Melville;1967;105;12;6.50
2019-05-27;13:30;Les diaboliques;Crime;Henri-Georges Clouzot;1955;117;12;6.50
2019-05-27;10:30;Dog Day Afternoon;Biography;Sidney Lumet;1975;125;0;6.50
2019-05-26;16:00;Goldfinger;Action;Guy Hamilton;1964;110;12;7.00
2019-05-26;13:00;Der Name der Rose;Crime;Jean-Jacques Annaud;1986;130;16;7.00
2019-05-26;10:00;Se7en;Crime;David Fincher;1995;127;12;7.50
2019-05-25;15:30;Stalag 17;Comedy;Billy Wilder;1953;120;12;8.50
2019-05-25;12:30;The Sting;Comedy;George Roy Hill;1973;129;0;8.00
2019-05-25;10:00;South Park: Bigger, Longer & Uncut;Animation;Trey Parker;1999;81;12;6.50
2019-05-24;15:30;Dazed and Confused;Comedy;Richard Linklater;1993;102;0;7.00
2019-05-24;12:30;Stalag 17;Comedy;Billy Wilder;1953;120;12;6.50
2019-05-24;10:00;Viskningar och rop;Drama;Ingmar Bergman;1972;91;12;8.50
2019-05-23;10:30;Malcolm X;Biography;Spike Lee;1992;202;0;8.00
2019-05-22;10:30;Dirty Harry;Action;Don Siegel;1971;102;12;6.50
2019-05-21;10:00;Once Were Warriors;Crime;Lee Tamahori;1994;102;12;7.00
2019-05-20;13:00;Titanic;Drama;James Cameron;1997;194;12;8.50
2019-05-20;10:00;Se7en;Crime;David Fincher;1995;127;12;8.50
2019-05-19;17:00;Dog Day Afternoon;Biography;Sidney Lumet;1975;125;0;7.00
2019-05-19;12:30;Malcolm X;Biography;Spike Lee;1992;202;0;6.50
2019-05-19;10:00;Gifted;Drama;Marc Webb;2017;101;12;8.50
2019-05-18;17:30;Se7en;Crime;David Fincher;1995;127;12;7.00
2019-05-18;15:00;Blowup;Drama;Michelangelo Antonioni;1966;111;12;7.50
2019-05-18;12:30;Harvey;Comedy;Henry Koster;1950;104;12;6.50
2019-05-18;10:00;Jules et Jim;Drama;François Truffaut;1962;105;12;6.50
2019-05-17;13:00;Misery;Drama;Rob Reiner;1990;107;16;7.00
2019-05-17;10:30;Dark City;Mystery;Alex Proyas;1998;100;12;7.00
2019-05-16;10:00;Stalag 17;Comedy;Billy Wilder;1953;120;12;6.50
2019-05-15;15:30;Kaze no tani no Naushika;Animation;Hayao Miyazaki;1984;117;0;8.00
2019-05-15;13:00;Viskningar och rop;Drama;Ingmar Bergman;1972;91;12;6.50
2019-05-15;10:30;Gifted;Drama;Marc Webb;2017;101;12;7.00
2019-05-14;15:30;The Blues Brothers;Action;John Landis;1980;133;0;7.00
2019-05-14;13:00;Once Were Warriors;Crime;Lee Tamahori;1994;102;12;7.00
2019-05-14;10:30;Stalag 17;Comedy;Billy Wilder;1953;120;12;7.50
2019-05-13;15:00;Stalag 17;Comedy;Billy Wilder;1953;120;12;8.00
2019-05-13;12:30;Dirty Harry;Action;Don Siegel;1971;102;12;7.00
2019-05-13;10:00;Viskningar och rop;Drama;Ingmar Bergman;1972;91;12;7.00
2019-05-12;21:00;Tengoku to jigoku;Crime;Akira Kurosawa;1963;143;12;9.50
2019-05-12;16:30;Malcolm X;Biography;Spike Lee;1992;202;0;7.00
2019-05-12;13:30;Dog Day Afternoon;Biography;Sidney Lumet;1975;125;0;8.50
2019-05-12;10:30;Kaze no tani no Naushika;Animation;Hayao Miyazaki;1984;117;0;6.50
2019-05-11;17:00;Malcolm X;Biography;Spike Lee;1992;202;0;8.00
2019-05-11;14:00;Stalag 17;Comedy;Billy Wilder;1953;120;12;7.50
2019-05-11;10:00;Bound by Honor;Crime;Taylor Hackford;1993;180;16;8.50
2019-05-10;15:30;Der Name der Rose;Crime;Jean-Jacques Annaud;1986;130;16;7.00
2019-05-10;12:30;A Few Good Men;Drama;Rob Reiner;1992;138;0;8.50
2019-05-10;10:00;Viskningar och rop;Drama;Ingmar Bergman;1972;91;12;7.00
2019-05-09;10:00;Only the Brave;Action;Joseph Kosinski;2017;134;12;7.50
2019-05-08;15:00;Dazed and Confused;Comedy;Richard Linklater;1993;102;0;7.50
2019-05-08;12:30;Ferris Bueller's Day Off;Comedy;John Hughes;1986;103;0;8.50
2019-05-08;10:00;Once Were Warriors;Crime;Lee Tamahori;1994;102;12;7.50
2019-05-07;13:30;Les yeux sans visage;Drama;Georges Franju;1960;90;12;7.00
2019-05-07;10:30;Se7en;Crime;David Fincher;1995;127;12;8.00
2019-05-06;12:30;Dazed and Confused;Comedy;Richard Linklater;1993;102;0;8.50
2019-05-06;10:00;Dazed and Confused;Comedy;Richard Linklater;1993;102;0;8.00
2019-05-05;17:30;Misery;Drama;Rob Reiner;1990;107;16;7.00
2019-05-05;15:30;The Kid;Comedy;Charles Chaplin;1921;68;12;7.50
2019-05-05;12:30;Raging Bull;Biography;Martin Scorsese;1980;129;12;7.50
2019-05-05;10:00;Ferris Bueller's Day Off;Comedy;John Hughes;1986;103;0;7.50
2019-05-04;19:30;Dazed and Confused;Comedy;Richard Linklater;1993;102;0;10.00
2019-05-04;16:00;The Last Emperor;Biography;Bernardo Bertolucci;1987;163;0;8.00
2019-05-04;13:00;The Sting;Comedy;George Roy Hill;1973;129;0;8.00
2019-05-04;10:00;Se7en;Crime;David Fincher;1995;127;12;8.50
2019-05-03;10:30;Viskningar och rop;Drama;Ingmar Bergman;1972;91;12;6.50
2019-05-02;16:00;Raging Bull;Biography;Martin Scorsese;1980;129;12;8.00
2019-05-02;13:00;Red River;Action;Howard Hawks;1948;133;12;7.00
2019-05-02;10:00;A Few Good Men;Drama;Rob Reiner;1992;138;0;7.50
2019-05-01;10:00;Yôjinbô;Action;Akira Kurosawa;1961;110;12;8.50
2019-04-30;17:30;The Kid;Comedy;Charles Chaplin;1921;68;12;7.50
2019-04-30;13:30;Bound by Honor;Crime;Taylor Hackford;1993;180;16;7.50
2019-04-30;10:00;A Few Good Men;Drama;Rob Reiner;1992;138;0;8.00
2019-04-29;10:30;Amadeus;Biography;Milos Forman;1984;160;16;7.00
2019-04-28;17:00;Red River;Action;Howard Hawks;1948;133;12;7.50
2019-04-28;14:00;The Sting;Comedy;George Roy Hill;1973;129;0;7.00
2019-04-28;10:30;The Last Emperor;Biography;Bernardo Bertolucci;1987;163;0;7.00
2019-04-27;21:00;Nosferatu;Fantasy;F.W. Murnau;1922;94;12;9.00
2019-04-27;17:00;The Deer Hunter;Drama;Michael Cimino;1978;183;12;8.00
2019-04-27;13:00;The Deer Hunter;Drama;Michael Cimino;1978;183;12;6.50
2019-04-27;10:30;Nosferatu;Fantasy;F.W. Murnau;1922;94;12;8.50
2019-04-26;14:00;Gifted;Drama;Marc Webb;2017;101;12;6.50
2019-04-26;10:00;Bound by Honor;Crime;Taylor Hackford;1993;180;16;8.50
2019-04-25;16:00;Viskningar och rop;Drama;Ingmar Bergman;1972;91;12;8.00
2019-04-25;13:00;Dog Day Afternoon;Biography;Sidney Lumet;1975;125;0;6.50
2019-04-25;10:00;A Few Good Men;Drama;Rob Reiner;1992;138;0;7.50
2019-04-24;16:30;The Long Goodbye;Comedy;Robert Altman;1973;112;12;7.50
2019-04-24;13:30;The Sting;Comedy;George Roy Hill;1973;129;0;7.50
2019-04-24;10:30;Citizen Kane;Drama;Orson Welles;1941;119;12;7.50
2019-04-23;13:00;Die Hard: With a Vengeance;Action;John McTiernan;1995;128;12;8.50
2019-04-23;10:00;Tengoku to jigoku;Crime;Akira Kurosawa;1963;143;12;6.50
2019-04-22;16:30;Blowup;Drama;Michelangelo Antonioni;1966;111;12;7.50
2019-04-22;13:30;Die Hard: With a Vengeance;Action;John McTiernan;1995;128;12;8.50
2019-04-22;10:30;A Few Good Men;Drama;Rob Reiner;1992;138;0;7.50
2019-04-21;18:30;Paths of Glory;Drama;Stanley Kubrick;1957;88;12;10.00
2019-04-21;15:30;Ikiru;Drama;Akira Kurosawa;1952;143;12;7.50
2019-04-21;12:30;The Straight Story;Biography;David Lynch;1999;112;0;7.00
2019-04-21;10:00;The Killing;Crime;Stanley Kubrick;1956;84;12;7.50
2019-04-20;16:00;Dark City;Mystery;Alex Proyas;1998;100;12;7.00
2019-04-20;13:00;Cabaret;Drama;Bob Fosse;1972;124;12;6.50
2019-04-20;10:00;Cabaret;Drama;Bob Fosse;1972;124;12;8.50
2019-04-19;13:30;Der Name der Rose;Crime;Jean-Jacques Annaud;1986;130;16;6.50
2019-04-19;10:30;Ikiru;Drama;Akira Kurosawa;1952;143;12;8.00
2019-04-18;16:30;The Kid;Comedy;Charles Chaplin;1921;68;12;8.00
2019-04-18;13:00;Ikiru;Drama;Akira Kurosawa;1952;143;12;7.50
2019-04-18;10:30;La double vie de Véronique;Drama;Krzysztof Kieslowski;1991;98;16;6.50
2019-04-17;10:00;Kaze no tani no Naushika;Animation;Hayao Miyazaki;1984;117;0;8.00
2019-04-16;15:30;Die Hard: With a Vengeance;Action;John McTiernan;1995;128;12;7.50
2019-04-16;13:00;Ferris Bueller's Day Off;Comedy;John Hughes;1986;103;0;6.50
2019-04-16;10:30;Yôjinbô;Action;Akira Kurosawa;1961;110;12;8.50
2019-04-15;17:00;On Golden Pond;Drama;Mark Rydell;1981;109;12;6.50
2019-04-15;13:30;Scarface;Crime;Brian De Palma;1983;170;12;7.50
2019-04-15;10:30;Ikiru;Drama;Akira Kurosawa;1952;143;12;8.00
2019-04-14;15:00;Harvey;Comedy;Henry Koster;1950;104;12;6.50
2019-04-14;13:00;The Kid;Comedy;Charles Chaplin;1921;68;12;8.00
2019-04-14;10:00;Yôjinbô;Action;Akira Kurosawa;1961;110;12;8.50
2019-04-13;17:30;On Golden Pond;Drama;Mark Rydell;1981;109;12;8.00
2019-04-13;15:30;The Kid;Comedy;Charles Chaplin;1921;68;12;7.00
2019-04-13;13:00;Nosferatu;Fantasy;F.W. Murnau;1922;94;12;6.50
2019-04-13;10:30;Les yeux sans visage;Drama;Georges Franju;1960;90;12;7.00
2019-04-12;10:30;Terminator 2: Judgment Day;Action;James Cameron;1991;137;0;8.00
2019-04-11;10:30;Harvey;Comedy;Henry Koster;1950;104;12;7.50
2019-04-10;16:30;Nosferatu;Fantasy;F.W. Murnau;1922;94;12;7.00
2019-04-10;13:30;Terminator 2: Judgment Day;Action;James Cameron;1991;137;0;6.50
2019-04-10;10:00;Scarface;Crime;Brian De Palma;1983;170;12;7.50
2019-04-09;10:00;Scarface;Crime;Brian De Palma;1983;170;12;8.50
2019-04-08;12:30;Nosferatu;Fantasy;F.W. Murnau;1922;94;12;7.50
2019-04-08;10:00;Rushmore;Comedy;Wes Anderson;1998;93;12;7.50
2019-04-07;16:00;The Kid;Comedy;Charles Chaplin;1921;68;12;8.50
2019-04-07;13:30;Les quatre cents coups;Crime;François Truffaut;1959;99;12;7.00
2019-04-07;10:30;Crna macka, beli macor;Comedy;Emir Kusturica;1998;127;16;7.00
2019-04-06;18:30;American History X;Drama;Tony Kaye;1998;119;16;8.50
2019-04-06;16:30;The Kid;Comedy;Charles Chaplin;1921;68;12;8.00
2019-04-06;13:00;Scarface;Crime;Brian De Palma;1983;170;12;7.50
2019-04-06;10:00;Blowup;Drama;Michelangelo Antonioni;1966;111;12;7.50
2019-04-05;10:00;The Killing;Crime;Stanley Kubrick;1956;84;12;8.00
2019-04-04;16:00;Todo sobre mi madre;Drama;Pedro Almodóvar;1999;101;16;7.00
2019-04-04;13:30;Paper Moon;Comedy;Peter Bogdanovich;1973;102;0;8.00
2019-04-04;10:30;American History X;Drama;Tony Kaye;1998;119;16;8.00
2019-04-03;10:00;Crna macka, beli macor;Comedy;Emir Kusturica;1998;127;16;8.00
2019-04-02;15:00;K.G.F: Chapter 1;Action;Prashanth Neel;2018;156;12;7.00
2019-04-02;12:30;Nosferatu;Fantasy;F.W. Murnau;1922;94;12;8.50
2019-04-02;10:00;The Long Goodbye;Comedy;Robert Altman;1973;112;12;8.50
2019-04-01;10:00;Nosferatu;Fantasy;F.W. Murnau;1922;94;12;7.00
2019-03-31;19:00;K.G.F: Chapter 1;Action;Prashanth Neel;2018;156;12;8.50
2019-03-31;16:30;Citizen Kane;Drama;Orson Welles;1941;119;12;8.50
2019-03-31;14:00;Nosferatu;Fantasy;F.W. Murnau;1922;94;12;6.50
2019-03-31;10:30;Terminator 2: Judgment Day;Action;James Cameron;1991;137;0;7.50
2019-03-30;18:30;Tengoku to jigoku;Crime;Akira Kurosawa;1963;143;12;9.00
2019-03-30;16:00;Harvey;Comedy;Henry Koster;1950;104;12;8.00
2019-03-30;13:00;Citizen Kane;Drama;Orson Welles;1941;119;12;7.00
2019-03-30;10:00;Raging Bull;Biography;Martin Scorsese;1980;129;12;7.50
2019-03-29;10:00;Cabaret;Drama;Bob Fosse;1972;124;12;7.50
2019-03-28;13:00;Being John Malkovich;Comedy;Spike Jonze;1999;113;16;8.00
2019-03-28;10:30;Harvey;Comedy;Henry Koster;1950;104;12;8.00
2019-03-27;16:00;The Killing;Crime;Stanley Kubrick;1956;84;12;7.50
2019-03-27;13:00;The Long Goodbye;Comedy;Robert Altman;1973;112;12;6.50
2019-03-27;10:30;Miracle on 34th Street;Comedy;George Seaton;1947;96;12;7.00
2019-03-26;16:30;A Star Is Born;Drama;Bradley Cooper;2018;136;12;7.50
2019-03-26;14:00;Miracle on 34th Street;Comedy;George Seaton;1947;96;12;7.00
2019-03-26;10:30;K.G.F: Chapter 1;Action;Prashanth Neel;2018;156;12;8.50
2019-03-25;15:30;Cool Hand Luke;Crime;Stuart Rosenberg;1967;127;12;7.50
2019-03-25;12:30;Crna macka, beli macor;Comedy;Emir Kusturica;1998;127;16;6.50
2019-03-25;10:00;Nosferatu;Fantasy;F.W. Murnau;1922;94;12;8.50
2019-03-24;17:30;Rushmore;Comedy;Wes Anderson;1998;93;12;6.50
2019-03-24;15:30;The Killing;Crime;Stanley Kubrick;1956;84;12;7.50
2019-03-24;13:00;Laura;Drama;Otto Preminger;1944;88;12;7.50
2019-03-24;10:30;Laura;Drama;Otto Preminger;1944;88;12;6.50
2019-03-23;16:00;Rushmore;Comedy;Wes Anderson;1998;93;12;6.50
2019-03-23;13:00;Citizen Kane;Drama;Orson Welles;1941;119;12;6.50
2019-03-23;10:00;Cabaret;Drama;Bob Fosse;1972;124;12;8.50
2019-03-22;13:00;Cabaret;Drama;Bob Fosse;1972;124;12;8.50
2019-03-22;10:30;On Golden Pond;Drama;Mark Rydell;1981;109;12;7.50
2019-03-21;12:30;The Deer Hunter;Drama;Michael Cimino;1978;183;12;6.50
2019-03-21;10:00;Laura;Drama;Otto Preminger;1944;88;12;8.00
2019-03-20;15:30;La Strada;Drama;Federico Fellini;1954;108;12;8.00
2019-03-20;13:00;The Birds;Drama;Alfred Hitchcock;1963;119;12;8.00
2019-03-20;10:00;Terminator 2: Judgment Day;Action;James Cameron;1991;137;0;7.50
2019-03-19;10:30;The Killing;Crime;Stanley Kubrick;1956;84;12;6.50
2019-03-18;10:00;Deadpool 2;Action;David Leitch;2018;119;16;8.00
2019-03-17;17:00;On Golden Pond;Drama;Mark Rydell;1981;109;12;8.50
2019-03-17;13:00;Titanic;Drama;James Cameron;1997;194;12;7.00
2019-03-17;10:30;Laura;Drama;Otto Preminger;1944;88;12;8.50
2019-03-16;18:00;Uri: The Surgical Strike;Action;Aditya Dhar;2018;138;12;9.00
2019-03-16;15:30;The Sandlot;Comedy;David Mickey Evans;1993;101;0;6.50
2019-03-16;13:00;Rushmore;Comedy;Wes Anderson;1998;93;12;6.50
2019-03-16;10:00;Uri: The Surgical Strike;Action;Aditya Dhar;2018;138;12;7.50
2019-03-15;16:00;The Sandlot;Comedy;David Mickey Evans;1993;101;0;8.50
2019-03-15;13:00;Eskiya;Crime;Yavuz Turgul;1996;128;12;7.50
2019-03-15;10:00;Crna macka, beli macor;Comedy;Emir Kusturica;1998;127;16;6.50
2019-03-14;13:30;Citizen Kane;Drama;Orson Welles;1941;119;12;7.50
2019-03-14;10:30;Crna macka, beli macor;Comedy;Emir Kusturica;1998;127;16;7.00
2019-03-13;16:00;La Strada;Drama;Federico Fellini;1954;108;12;6.50
2019-03-13;13:30;Rear Window;Mystery;Alfred Hitchcock;1954;112;0;8.50
2019-03-13;10:30;Raging Bull;Biography;Martin Scorsese;1980;129;12;7.50
2019-03-12;12:30;On Golden Pond;Drama;Mark Rydell;1981;109;12;8.50
2019-03-12;10:00;On Golden Pond;Drama;Mark Rydell;1981;109;12;6.50
2019-03-11;10:30;Crna macka, beli macor;Comedy;Emir Kusturica;1998;127;16;7.50
2019-03-10;20:00;Rushmore;Comedy;Wes Anderson;1998;93;12;10.00
2019-03-10;16:30;Uri: The Surgical Strike;Action;Aditya Dhar;2018;138;12;8.00
2019-03-10;13:30;Crna macka, beli macor;Comedy;Emir Kusturica;1998;127;16;7.50
2019-03-10;10:30;Die Hard: With a Vengeance;Action;John McTiernan;1995;128;12;8.00
2019-03-09;18:30;A Star Is Born;Drama;Bradley Cooper;2018;136;12;9.00
2019-03-09;15:30;Terminator 2: Judgment Day;Action;James Cameron;1991;137;0;8.00
2019-03-09;12:30;Cool Hand Luke;Crime;Stuart Rosenberg;1967;127;12;7.50
2019-03-09;10:30;Beauty and the Beast;Animation;Gary Trousdale;1991;84;0;7.00
2019-03-08;13:00;Terminator 2: Judgment Day;Action;James Cameron;1991;137;0;7.50
2019-03-08;10:00;A Star Is Born;Drama;Bradley Cooper;2018;136;12;6.50
2019-03-07;10:30;Terminator 2: Judgment Day;Action;James Cameron;1991;137;0;6.50
2019-03-06;17:00;Deadpool 2;Action;David Leitch;2018;119;16;7.00
2019-03-06;14:00;La Strada;Drama;Federico Fellini;1954;108;12;6.50
2019-03-06;10:30;Terminator 2: Judgment Day;Action;James Cameron;1991;137;0;7.00
2019-03-05;10:30;Once Upon a Time... in Hollywood;Comedy;Quentin Tarantino;2019;161;12;8.00
2019-03-04;10:00;All About Eve;Drama;Joseph L. Mankiewicz;1950;138;12;7.00
2019-03-03;15:30;Rear Window;Mystery;Alfred Hitchcock;1954;112;0;8.50
2019-03-03;13:00;Being John Malkovich;Comedy;Spike Jonze;1999;113;16;8.00
2019-03-03;10:00;Eskiya;Crime;Yavuz Turgul;1996;128;12;8.50
2019-03-02;19:30;The Maltese Falcon;Film-Noir;John Huston;1941;100;12;10.00
2019-03-02;16:30;American History X;Drama;Tony Kaye;1998;119;16;8.50
2019-03-02;13:30;The Searchers;Adventure;John Ford;1956;119;12;7.00
2019-03-02;10:30;La Strada;Drama;Federico Fellini;1954;108;12;8.50
2019-03-01;10:30;Laura;Drama;Otto Preminger;1944;88;12;8.00
2019-02-28;10:00;Beauty and the Beast;Animation;Gary Trousdale;1991;84;0;6.50
2019-02-27;13:00;Todo sobre mi madre;Drama;Pedro Almodóvar;1999;101;16;8.50
2019-02-27;10:00;Being John Malkovich;Comedy;Spike Jonze;1999;113;16;6.50
2019-02-26;13:00;Titanic;Drama;James Cameron;1997;194;12;6.50
2019-02-26;10:00;Deadpool 2;Action;David Leitch;2018;119;16;7.00
2019-02-25;13:30;Citizen Kane;Drama;Orson Welles;1941;119;12;7.50
2019-02-25;10:30;Le locataire;Drama;Roman Polanski;1976;126;16;8.00
2019-02-24;18:00;Roma;Drama;Alfonso Cuarón;2018;135;16;9.00
2019-02-24;15:30;The Maltese Falcon;Film-Noir;John Huston;1941;100;12;8.00
2019-02-24;13:00;Todo sobre mi madre;Drama;Pedro Almodóvar;1999;101;16;6.50
2019-02-24;10:30;Shadow of a Doubt;Film-Noir;Alfred Hitchcock;1943;108;6;8.50
2019-02-23;16:00;American History X;Drama;Tony Kaye;1998;119;16;8.50
2019-02-23;13:00;All About Eve;Drama;Joseph L. Mankiewicz;1950;138;12;6.50
2019-02-23;10:30;Dirty Harry;Action;Don Siegel;1971;102;12;8.00
2019-02-22;10:30;Witness for the Prosecution;Crime;Billy Wilder;1957;116;0;8.50
2019-02-21;14:30;Todo sobre mi madre;Drama;Pedro Almodóvar;1999;101;16;6.50
2019-02-21;12:30;Bronenosets Potemkin;Drama;Sergei M. Eisenstein;1925;75;12;7.50
2019-02-21;10:00;Beauty and the Beast;Animation;Gary Trousdale;1991;84;0;6.50
2019-02-20;13:00;Il buono, il brutto, il cattivo;Western;Sergio Leone;1966;161;12;8.00
2019-02-20;10:30;American History X;Drama;Tony Kaye;1998;119;16;8.00
2019-02-19;13:30;Eskiya;Crime;Yavuz Turgul;1996;128;12;6.50
2019-02-19;10:30;All About Eve;Drama;Joseph L. Mankiewicz;1950;138;12;7.50
2019-02-18;13:00;Dead Poets Society;Comedy;Peter Weir;1989;128;0;6.50
2019-02-18;10:30;Dirty Harry;Action;Don Siegel;1971;102;12;7.50
2019-02-17;18:00;All About Eve;Drama;Joseph L. Mankiewicz;1950;138;12;9.00
2019-02-17;15:30;The Adventures of Robin Hood;Action;Michael Curtiz;1938;102;6;6.50
2019-02-17;13:30;Bronenosets Potemkin;Drama;Sergei M. Eisenstein;1925;75;12;8.50
2019-02-17;10:30;A Star Is Born;Drama;Bradley Cooper;2018;136;12;7.50
2019-02-16;17:00;Deadpool 2;Action;David Leitch;2018;119;16;7.00
2019-02-16;13:00;Titanic;Drama;James Cameron;1997;194;12;8.50
2019-02-16;10:00;Sleuth;Mystery;Joseph L. Mankiewicz;1972;138;6;8.00
2019-02-15;14:00;Shadow of a Doubt;Film-Noir;Alfred Hitchcock;1943;108;6;6.50
2019-02-15;10:00;Titanic;Drama;James Cameron;1997;194;12;7.50
2019-02-14;10:00;Bronenosets Potemkin;Drama;Sergei M. Eisenstein;1925;75;12;7.50
2019-02-13;15:30;Il buono, il brutto, il cattivo;Western;Sergio Leone;1966;161;12;6.50
2019-02-13;12:30;The Grapes of Wrath;Drama;John Ford;1940;129;12;7.50
2019-02-13;10:00;The Adventures of Robin Hood;Action;Michael Curtiz;1938;102;6;6.50
2019-02-12;16:00;Dead Poets Society;Comedy;Peter Weir;1989;128;0;7.50
2019-02-12;13:00;All About Eve;Drama;Joseph L. Mankiewicz;1950;138;12;6.50
2019-02-12;10:00;Shadow of a Doubt;Film-Noir;Alfred Hitchcock;1943;108;6;7.00
2019-02-11;14:00;The Grapes of Wrath;Drama;John Ford;1940;129;12;8.50
2019-02-11;10:00;Titanic;Drama;James Cameron;1997;194;12;6.50
2019-02-10;19:30;Sleuth;Mystery;Joseph L. Mankiewicz;1972;138;6;8.50
2019-02-10;16:30;Primal Fear;Crime;Gregory Hoblit;1996;129;12;8.50
2019-02-10;13:30;All About Eve;Drama;Joseph L. Mankiewicz;1950;138;12;8.50
2019-02-10;10:30;Le locataire;Drama;Roman Polanski;1976;126;16;8.00
2019-02-09;19:00;Witness for the Prosecution;Crime;Billy Wilder;1957;116;0;9.00
2019-02-09;16:00;Citizen Kane;Drama;Orson Welles;1941;119;12;6.50
2019-02-09;13:30;La Strada;Drama;Federico Fellini;1954;108;12;7.50
2019-02-09;10:30;Primal Fear;Crime;Gregory Hoblit;1996;129;12;8.00
2019-02-08;16:30;Citizen Kane;Drama;Orson Welles;1941;119;12;6.50
2019-02-08;13:30;Sleuth;Mystery;Joseph L. Mankiewicz;1972;138;6;7.00
2019-02-08;10:30;The Grapes of Wrath;Drama;John Ford;1940;129;12;7.50
2019-02-07;10:30;Shine;Biography;Scott Hicks;1996;105;0;8.50
2019-02-06;10:00;The Blues Brothers;Action;John Landis;1980;133;0;7.00
2019-02-05;10:00;Citizen Kane;Drama;Orson Welles;1941;119;12;8.50
2019-02-04;16:00;The Lion in Winter;Biography;Anthony Harvey;1968;134;6;8.50
2019-02-04;13:00;The Lion in Winter;Biography;Anthony Harvey;1968;134;6;7.50
2019-02-04;10:00;Le locataire;Drama;Roman Polanski;1976;126;16;7.00
2019-02-03;15:30;Primal Fear;Crime;Gregory Hoblit;1996;129;12;8.50
2019-02-03;13:00;Shine;Biography;Scott Hicks;1996;105;0;6.50
2019-02-03;10:30;Shine;Biography;Scott Hicks;1996;105;0;7.00
2019-02-02;20:00;Once Upon a Time... in Hollywood;Comedy;Quentin Tarantino;2019;161;12;10.00
2019-02-02;17:00;Dead Poets Society;Comedy;Peter Weir;1989;128;0;8.50
2019-02-02;14:00;The Blues Brothers;Action;John Landis;1980;133;0;8.50
2019-02-02;10:30;Once Upon a Time... in Hollywood;Comedy;Quentin Tarantino;2019;161;12;7.00
2019-02-01;10:00;The Lion in Winter;Biography;Anthony Harvey;1968;134;6;7.50
2019-01-31;16:00;Ayla: The Daughter of War;Biography;Can Ulkay;2017;125;12;6.50
2019-01-31;13:00;Roma;Drama;Alfonso Cuarón;2018;135;16;8.00
2019-01-31;10:00;Dead Poets Society;Comedy;Peter Weir;1989;128;0;7.50
2019-01-30;10:00;Boyz n the Hood;Crime;John Singleton;1991;112;12;8.50
2019-01-29;10:00;The Adventures of Robin Hood;Action;Michael Curtiz;1938;102;6;8.00
2019-01-28;16:00;Roma;Drama;Alfonso Cuarón;2018;135;16;7.00
2019-01-28;13:00;Witness for the Prosecution;Crime;Billy Wilder;1957;116;0;7.00
2019-01-28;10:00;Dead Poets Society;Comedy;Peter Weir;1989;128;0;6.50
2019-01-27;18:30;Shadow of a Doubt;Film-Noir;Alfred Hitchcock;1943;108;6;10.00
2019-01-27;15:30;Boyz n the Hood;Crime;John Singleton;1991;112;12;8.50
2019-01-27;12:30;The Grapes of Wrath;Drama;John Ford;1940;129;12;7.00
2019-01-27;10:00;The Adventures of Robin Hood;Action;Michael Curtiz;1938;102;6;7.00
2019-01-26;15:00;Rear Window;Mystery;Alfred Hitchcock;1954;112;0;8.00
2019-01-26;12:30;Shadow of a Doubt;Film-Noir;Alfred Hitchcock;1943;108;6;6.50
2019-01-26;10:00;The Adventures of Robin Hood;Action;Michael Curtiz;1938;102;6;7.50
2019-01-25;10:30;Shine;Biography;Scott Hicks;1996;105;0;8.00
2019-01-24;16:00;In the Heat of the Night;Crime;Norman Jewison;1967;110;0;6.50
2019-01-24;13:30;In the Heat of the Night;Crime;Norman Jewison;1967;110;0;7.50
2019-01-24;10:00;Sleuth;Mystery;Joseph L. Mankiewicz;1972;138;6;8.00
2019-01-23;10:30;Witness for the Prosecution;Crime;Billy Wilder;1957;116;0;7.50
2019-01-22;12:30;Sleuth;Mystery;Joseph L. Mankiewicz;1972;138;6;7.50
2019-01-22;10:00;Boyz n the Hood;Crime;John Singleton;1991;112;12;8.50
2019-01-21;16:30;In the Heat of the Night;Crime;Norman Jewison;1967;110;0;8.50
2019-01-21;13:30;The Matrix;Action;Lana Wachowski;1999;136;12;8.00
2019-01-21;10:30;The Grapes of Wrath;Drama;John Ford;1940;129;12;7.00
2019-01-20;19:30;The Grapes of Wrath;Drama;John Ford;1940;129;12;10.00
2019-01-20;16:30;Primal Fear;Crime;Gregory Hoblit;1996;129;12;8.50
2019-01-20;13:30;Vertigo;Mystery;Alfred Hitchcock;1958;128;12;7.50
2019-01-20;10:30;Sleuth;Mystery;Joseph L. Mankiewicz;1972;138;6;6.50
2019-01-19;19:00;Apocalypse Now;Drama;Francis Ford Coppola;1979;147;16;8.50
2019-01-19;16:00;The Lion in Winter;Biography;Anthony Harvey;1968;134;6;6.50
2019-01-19;13:30;Shadow of a Doubt;Film-Noir;Alfred Hitchcock;1943;108;6;8.50
2019-01-19;10:30;Roma;Drama;Alfonso Cuarón;2018;135;16;8.50
2019-01-18;12:30;Primal Fear;Crime;Gregory Hoblit;1996;129;12;7.00
2019-01-18;10:00;The Adventures of Robin Hood;Action;Michael Curtiz;1938;102;6;8.00
2019-01-17;16:00;Citizen Kane;Drama;Orson Welles;1941;119;12;8.00
2019-01-17;13:30;Shine;Biography;Scott Hicks;1996;105;0;7.00
2019-01-17;10:30;Primal Fear;Crime;Gregory Hoblit;1996;129;12;8.50
2019-01-16;10:30;Carlito's Way;Crime;Brian De Palma;1993;144;12;6.50
2019-01-15;12:00;The Fugitive;Action;Andrew Davis;1993;130;0;7.50
2019-01-15;10:00;Bronenosets Potemkin;Drama;Sergei M. Eisenstein;1925;75;12;7.00
2019-01-14;13:00;The Grapes of Wrath;Drama;John Ford;1940;129;12;8.00
2019-01-14;10:30;Shine;Biography;Scott Hicks;1996;105;0;7.00
2019-01-13;18:30;Il buono, il brutto, il cattivo;Western;Sergio Leone;1966;161;12;10.00
2019-01-13;16:00;Boyz n the Hood;Crime;John Singleton;1991;112;12;7.50
2019-01-13;13:30;In the Heat of the Night;Crime;Norman Jewison;1967;110;0;7.50
2019-01-13;10:00;Apocalypse Now;Drama;Francis Ford Coppola;1979;147;16;7.50
2019-01-12;15:30;Sleuth;Mystery;Joseph L. Mankiewicz;1972;138;6;8.00
2019-01-12;13:00;The Adventures of Robin Hood;Action;Michael Curtiz;1938;102;6;7.50
2019-01-12;10:00;Roma;Drama;Alfonso Cuarón;2018;135;16;7.00
2019-01-11;10:30;Primal Fear;Crime;Gregory Hoblit;1996;129;12;6.50
2019-01-10;10:00;Do the Right Thing;Comedy;Spike Lee;1989;120;16;8.00
2019-01-09;10:00;The Searchers;Adventure;John Ford;1956;119;12;7.50
2019-01-08;10:30;A Little Princess;Drama;Alfonso Cuarón;1995;97;0;6.50
2019-01-07;10:30;Sleuth;Mystery;Joseph L. Mankiewicz;1972;138;6;8.50
2019-01-06;19:00;The Lion in Winter;Biography;Anthony Harvey;1968;134;6;9.00
2019-01-06;16:30;Shine;Biography;Scott Hicks;1996;105;0;7.00
2019-01-06;13:00;Apocalypse Now;Drama;Francis Ford Coppola;1979;147;16;8.00
2019-01-06;10:00;The Fugitive;Action;Andrew Davis;1993;130;0;6.50
2019-01-05;19:00;Apocalypse Now;Drama;Francis Ford Coppola;1979;147;16;8.50
2019-01-05;16:00;Mononoke-hime;Animation;Hayao Miyazaki;1997;134;0;8.00
2019-01-05;13:00;The Killing Fields;Biography;Roland Joffé;1984;141;12;8.00
2019-01-05;10:30;El ángel exterminador;Drama;Luis Buñuel;1962;95;12;8.00
2019-01-04;16:30;Mononoke-hime;Animation;Hayao Miyazaki;1997;134;0;6.50
2019-01-04;13:30;Sleuth;Mystery;Joseph L. Mankiewicz;1972;138;6;7.50
2019-01-04;10:30;The Last Picture Show;Drama;Peter Bogdanovich;1971;118;16;8.00
2019-01-03;12:30;The Lion in Winter;Biography;Anthony Harvey;1968;134;6;8.00
2019-01-03;10:00;Shine;Biography;Scott Hicks;1996;105;0;8.50
2019-01-02;13:30;Apocalypse Now;Drama;Francis Ford Coppola;1979;147;16;7.00
2019-01-02;10:30;Ayla: The Daughter of War;Biography;Can Ulkay;2017;125;12;7.50
2019-01-01;10:30;The Adventures of Robin Hood;Action;Michael Curtiz;1938;102;6;8.00
2018-12-31;15:30;In the Heat of the Night;Crime;Norman Jewison;1967;110;0;6.50
2018-12-31;13:00;The Taking of Pelham One Two Three;Action;Joseph Sargent;1974;104;0;8.00
2018-12-31;10:00;Do the Right Thing;Comedy;Spike Lee;1989;120;16;8.00
2018-12-30;19:30;The Taking of Pelham One Two Three;Action;Joseph Sargent;1974;104;0;10.00
2018-12-30;16:30;Rebel Without a Cause;Drama;Nicholas Ray;1955;111;12;8.50
2018-12-30;13:00;Carlito's Way;Crime;Brian De Palma;1993;144;12;7.50
2018-12-30;10:30;Shine;Biography;Scott Hicks;1996;105;0;7.00
2018-12-29;17:00;Dangal;Action;Nitesh Tiwari;2016;161;0;6.50
2018-12-29;13:00;Schindler's List;Biography;Steven Spielberg;1993;195;12;7.50
2018-12-29;10:30;Rebel Without a Cause;Drama;Nicholas Ray;1955;111;12;7.00
2018-12-28;13:00;A Star Is Born;Drama;Bradley Cooper;2018;136;12;8.00
2018-12-28;10:30;Shine;Biography;Scott Hicks;1996;105;0;7.50
2018-12-27;10:30;God's Own Country;Drama;Francis Lee;2017;104;12;6.50
2018-12-26;16:00;Léon;Action;Luc Besson;1994;110;12;8.00
2018-12-26;13:30;A Little Princess;Drama;Alfonso Cuarón;1995;97;0;8.50
2018-12-26;10:00;Apocalypse Now;Drama;Francis Ford Coppola;1979;147;16;8.50
2018-12-25;12:30;Avengers: Infinity War;Action;Anthony Russo;2018;149;12;8.00
2018-12-25;10:00;The Last Picture Show;Drama;Peter Bogdanovich;1971;118;16;6.50
2018-12-24;10:30;The Killing Fields;Biography;Roland Joffé;1984;141;12;7.50
2018-12-23;16:30;Carlito's Way;Crime;Brian De Palma;1993;144;12;6.50
2018-12-23;13:30;The Killing Fields;Biography;Roland Joffé;1984;141;12;7.00
2018-12-23;10:30;The Untouchables;Crime;Brian De Palma;1987;119;12;7.00
2018-12-22;19:30;Vertigo;Mystery;Alfred Hitchcock;1958;128;12;8.50
2018-12-22;16:30;Vertigo;Mystery;Alfred Hitchcock;1958;128;12;8.50
2018-12-22;13:30;Ayla: The Daughter of War;Biography;Can Ulkay;2017;125;12;8.00
2018-12-22;10:30;The Untouchables;Crime;Brian De Palma;1987;119;12;8.50
2018-12-21;13:00;Rebel Without a Cause;Drama;Nicholas Ray;1955;111;12;6.50
2018-12-21;10:00;Ayla: The Daughter of War;Biography;Can Ulkay;2017;125;12;8.50
2018-12-20;16:00;The Fugitive;Action;Andrew Davis;1993;130;0;8.00
2018-12-20;13:30;Rebel Without a Cause;Drama;Nicholas Ray;1955;111;12;7.00
2018-12-20;10:30;The Last Picture Show;Drama;Peter Bogdanovich;1971;118;16;8.50
2018-12-19;12:30;Ayla: The Daughter of War;Biography;Can Ulkay;2017;125;12;8.00
2018-12-19;10:00;El ángel exterminador;Drama;Luis Buñuel;1962;95;12;8.50
2018-12-18;17:00;Schindler's List;Biography;Steven Spielberg;1993;195;12;7.50
2018-12-18;14:30;La haine;Crime;Mathieu Kassovitz;1995;98;12;7.50
2018-12-18;10:30;Schindler's List;Biography;Steven Spielberg;1993;195;12;6.50
2018-12-17;10:00;Carlito's Way;Crime;Brian De Palma;1993;144;12;8.00
2018-12-16;17:00;Knockin' on Heaven's Door;Action;Thomas Jahn;1997;87;12;7.50
2018-12-16;13:00;Schindler's List;Biography;Steven Spielberg;1993;195;12;8.00
2018-12-16;10:30;Stand by Me;Adventure;Rob Reiner;1986;89;0;8.00
2018-12-15;18:30;The Last Picture Show;Drama;Peter Bogdanovich;1971;118;16;8.50
2018-12-15;15:30;Night on Earth;Comedy;Jim Jarmusch;1991;129;16;8.00
2018-12-15;12:30;A Star Is Born;Drama;Bradley Cooper;2018;136;12;7.00
2018-12-15;10:00;A Little Princess;Drama;Alfonso Cuarón;1995;97;0;6.50
2018-12-14;10:30;Stand by Me;Adventure;Rob Reiner;1986;89;0;6.50
2018-12-13;16:00;Vertigo;Mystery;Alfred Hitchcock;1958;128;12;7.00
2018-12-13;13:30;La haine;Crime;Mathieu Kassovitz;1995;98;12;7.50
2018-12-13;10:30;The Last Picture Show;Drama;Peter Bogdanovich;1971;118;16;8.00
2018-12-12;14:00;Avengers: Infinity War;Action;Anthony Russo;2018;149;12;7.00
2018-12-12;10:30;Apocalypse Now;Drama;Francis Ford Coppola;1979;147;16;7.00
2018-12-11;16:00;The Untouchables;Crime;Brian De Palma;1987;119;12;8.50
2018-12-11;13:00;The Fugitive;Action;Andrew Davis;1993;130;0;7.50
2018-12-11;10:30;Knockin' on Heaven's Door;Action;Thomas Jahn;1997;87;12;8.50
2018-12-10;10:30;The Fugitive;Action;Andrew Davis;1993;130;0;7.50
2018-12-09;18:30;God's Own Country;Drama;Francis Lee;2017;104;12;9.50
2018-12-09;16:00;God's Own Country;Drama;Francis Lee;2017;104;12;6.50
2018-12-09;13:30;Dip huet seung hung;Action;John Woo;1989;111;16;8.50
2018-12-09;10:30;A Star Is Born;Drama;Bradley Cooper;2018;136;12;6.50
2018-12-08;19:00;Spoorloos;Mystery;George Sluizer;1988;107;12;10.00
2018-12-08;16:30;Hana-bi;Crime;Takeshi Kitano;1997;103;12;7.00
2018-12-08;13:00;Carlito's Way;Crime;Brian De Palma;1993;144;12;8.50
2018-12-08;10:30;Dip huet seung hung;Action;John Woo;1989;111;16;8.50
2018-12-07;10:30;Stand by Me;Adventure;Rob Reiner;1986;89;0;6.50
2018-12-06;15:30;God's Own Country;Drama;Francis Lee;2017;104;12;6.50
2018-12-06;12:30;Night on Earth;Comedy;Jim Jarmusch;1991;129;16;8.50
2018-12-06;10:00;Dip huet seung hung;Action;John Woo;1989;111;16;7.00
2018-12-05;13:00;Spoorloos;Mystery;George Sluizer;1988;107;12;8.50
2018-12-05;10:00;The Last Picture Show;Drama;Peter Bogdanovich;1971;118;16;7.00
2018-12-04;13:00;The Last Picture Show;Drama;Peter Bogdanovich;1971;118;16;6.50
2018-12-04;10:30;Rebel Without a Cause;Drama;Nicholas Ray;1955;111;12;6.50
2018-12-03;10:00;The Last Picture Show;Drama;Peter Bogdanovich;1971;118;16;8.50
2018-12-02;19:30;Knockin' on Heaven's Door;Action;Thomas Jahn;1997;87;12;9.50
2018-12-02;16:30;The Untouchables;Crime;Brian De Palma;1987;119;12;8.00
2018-12-02;13:30;Philadelphia;Drama;Jonathan Demme;1993;125;12;6.50
2018-12-02;10:30;The Untouchables;Crime;Brian De Palma;1987;119;12;8.50
2018-12-01;15:30;Spoorloos;Mystery;George Sluizer;1988;107;12;7.00
2018-12-01;12:30;The Untouchables;Crime;Brian De Palma;1987;119;12;8.00
2018-12-01;10:00;Spoorloos;Mystery;George Sluizer;1988;107;12;6.50
2018-11-30;15:00;Philadelphia;Drama;Jonathan Demme;1993;125;12;8.00
2018-11-30;12:30;In a Lonely Place;Drama;Nicholas Ray;1950;94;12;8.50
2018-11-30;10:00;In a Lonely Place;Drama;Nicholas Ray;1950;94;12;7.00
2018-11-29;12:30;Modern Times;Comedy;Charles Chaplin;1936;87;0;7.50
2018-11-29;10:00;Hana-bi;Crime;Takeshi Kitano;1997;103;12;8.50
2018-11-28;15:00;Shin seiki Evangelion Gekijô-ban: Air/Magokoro wo, kimi ni;Animation;Hideaki Anno;1997;87;12;8.00
2018-11-28;12:30;Hana-bi;Crime;Takeshi Kitano;1997;103;12;6.50
2018-11-28;10:00;Knockin' on Heaven's Door;Action;Thomas Jahn;1997;87;12;6.50
2018-11-27;15:30;Shin seiki Evangelion Gekijô-ban: Air/Magokoro wo, kimi ni;Animation;Hideaki Anno;1997;87;12;7.50
2018-11-27;13:00;God's Own Country;Drama;Francis Lee;2017;104;12;7.50
2018-11-27;10:30;In a Lonely Place;Drama;Nicholas Ray;1950;94;12;7.00
2018-11-26;16:30;Sing Street;Comedy;John Carney;2016;106;12;8.50
2018-11-26;14:00;Shin seiki Evangelion Gekijô-ban: Air/Magokoro wo, kimi ni;Animation;Hideaki Anno;1997;87;12;7.50
2018-11-26;10:30;Boogie Nights;Drama;Paul Thomas Anderson;1997;155;16;8.50
2018-11-25;19:00;Paths of Glory;Drama;Stanley Kubrick;1957;88;12;10.00
2018-11-25;16:00;From Here to Eternity;Drama;Fred Zinnemann;1953;118;12;8.50
2018-11-25;13:30;Hana-bi;Crime;Takeshi Kitano;1997;103;12;7.00
2018-11-25;10:30;Amarcord;Comedy;Federico Fellini;1973;123;16;8.00
2018-11-24;18:00;La haine;Crime;Mathieu Kassovitz;1995;98;12;9.50
2018-11-24;14:30;Boogie Nights;Drama;Paul Thomas Anderson;1997;155;16;6.50
2018-11-24;12:30;Modern Times;Comedy;Charles Chaplin;1936;87;0;8.00
2018-11-24;10:00;The Usual Suspects;Crime;Bryan Singer;1995;106;12;7.00
2018-11-23;13:30;Boogie Nights;Drama;Paul Thomas Anderson;1997;155;16;8.50
2018-11-23;10:30;From Here to Eternity;Drama;Fred Zinnemann;1953;118;12;8.00
2018-11-22;16:30;Mad Max 2;Action;George Miller;1981;96;12;7.50
2018-11-22;13:00;Boogie Nights;Drama;Paul Thomas Anderson;1997;155;16;7.50
2018-11-22;10:30;Rebel Without a Cause;Drama;Nicholas Ray;1955;111;12;7.00
2018-11-21;15:00;Zulu;Drama;Cy Endfield;1964;138;0;7.50
2018-11-21;13:00;Hiroshima mon amour;Drama;Alain Resnais;1959;90;12;8.50
2018-11-21;10:00;Amarcord;Comedy;Federico Fellini;1973;123;16;7.00
2018-11-20;16:00;Rebel Without a Cause;Drama;Nicholas Ray;1955;111;12;7.50
2018-11-20;13:00;The Fifth Element;Action;Luc Besson;1997;126;12;7.00
2018-11-20;10:00;Amarcord;Comedy;Federico Fellini;1973;123;16;7.50
2018-11-19;15:00;Dog Day Afternoon;Biography;Sidney Lumet;1975;125;0;7.00
2018-11-19;12:30;Toy Story;Animation;John Lasseter;1995;81;0;8.50
2018-11-19;10:00;In a Lonely Place;Drama;Nicholas Ray;1950;94;12;6.50
2018-11-18;16:30;Mad Max 2;Action;George Miller;1981;96;12;6.50
2018-11-18;14:00;La haine;Crime;Mathieu Kassovitz;1995;98;12;6.50
2018-11-18;10:30;Boogie Nights;Drama;Paul Thomas Anderson;1997;155;16;8.50
2018-11-17;15:00;The Untouchables;Crime;Brian De Palma;1987;119;12;6.50
2018-11-17;12:30;Dip huet seung hung;Action;John Woo;1989;111;16;7.50
2018-11-17;10:00;Out of the Past;Crime;Jacques Tourneur;1947;97;12;8.00
2018-11-16;10:00;Le salaire de la peur;Adventure;Henri-Georges Clouzot;1953;131;0;8.50
2018-11-15;13:00;Spoorloos;Mystery;George Sluizer;1988;107;12;8.50
2018-11-15;10:30;Spoorloos;Mystery;George Sluizer;1988;107;12;6.50
2018-11-14;12:30;The Princess Bride;Adventure;Rob Reiner;1987;98;0;7.50
2018-11-14;10:00;Dip huet seung hung;Action;John Woo;1989;111;16;7.00
2018-11-13;16:00;Hana-bi;Crime;Takeshi Kitano;1997;103;12;6.50
2018-11-13;13:00;Amarcord;Comedy;Federico Fellini;1973;123;16;7.00
2018-11-13;10:30;Moana;Animation;Ron Clements;2016;107;0;6.50
2018-11-12;12:30;Amarcord;Comedy;Federico Fellini;1973;123;16;8.00
2018-11-12;10:00;Shin seiki Evangelion Gekijô-ban: Air/Magokoro wo, kimi ni;Animation;Hideaki Anno;1997;87;12;8.50
2018-11-11;16:00;Le salaire de la peur;Adventure;Henri-Georges Clouzot;1953;131;0;7.00
2018-11-11;13:30;Mad Max 2;Action;George Miller;1981;96;12;7.00
2018-11-11;10:00;Boogie Nights;Drama;Paul Thomas Anderson;1997;155;16;7.50
2018-11-10;16:30;Shin seiki Evangelion Gekijô-ban: Air/Magokoro wo, kimi ni;Animation;Hideaki Anno;1997;87;12;7.00
2018-11-10;13:30;The Untouchables;Crime;Brian De Palma;1987;119;12;8.50
2018-11-10;10:30;The Untouchables;Crime;Brian De Palma;1987;119;12;7.00
2018-11-09;13:00;Shin seiki Evangelion Gekijô-ban: Air/Magokoro wo, kimi ni;Animation;Hideaki Anno;1997;87;12;7.00
2018-11-09;10:30;Modern Times;Comedy;Charles Chaplin;1936;87;0;6.50
2018-11-08;12:30;The Princess Bride;Adventure;Rob Reiner;1987;98;0;8.00
2018-11-08;10:00;Shin seiki Evangelion Gekijô-ban: Air/Magokoro wo, kimi ni;Animation;Hideaki Anno;1997;87;12;8.00
2018-11-07;10:30;Dog Day Afternoon;Biography;Sidney Lumet;1975;125;0;8.00
2018-11-06;13:00;Le salaire de la peur;Adventure;Henri-Georges Clouzot;1953;131;0;6.50
2018-11-06;10:00;Rebel Without a Cause;Drama;Nicholas Ray;1955;111;12;7.50
2018-11-05;10:00;The Fifth Element;Action;Luc Besson;1997;126;12;7.00
2018-11-04;16:30;Pink Floyd: The Wall;Drama;Alan Parker;1982;95;12;8.50
2018-11-04;13:30;Zulu;Drama;Cy Endfield;1964;138;0;6.50
2018-11-04;10:30;Dog Day Afternoon;Biography;Sidney Lumet;1975;125;0;7.50
2018-11-03;15:00;Sing Street;Comedy;John Carney;2016;106;12;8.00
2018-11-03;13:00;Shin seiki Evangelion Gekijô-ban: Air/Magokoro wo, kimi ni;Animation;Hideaki Anno;1997;87;12;8.50
2018-11-03;10:30;Sing Street;Comedy;John Carney;2016;106;12;8.50
2018-11-02;15:00;The Princess Bride;Adventure;Rob Reiner;1987;98;0;7.00
2018-11-02;12:30;Modern Times;Comedy;Charles Chaplin;1936;87;0;8.00
2018-11-02;10:00;Mad Max 2;Action;George Miller;1981;96;12;8.00
2018-11-01;13:30;The Adventures of Robin Hood;Action;Michael Curtiz;1938;102;6;7.50
2018-11-01;10:30;Philadelphia;Drama;Jonathan Demme;1993;125;12;8.00
2018-10-31;15:30;Laura;Drama;Otto Preminger;1944;88;12;8.50
2018-10-31;12:30;Le salaire de la peur;Adventure;Henri-Georges Clouzot;1953;131;0;7.50
2018-10-31;10:00;Sing Street;Comedy;John Carney;2016;106;12;7.00
2018-10-30;13:30;Amarcord;Comedy;Federico Fellini;1973;123;16;8.00
2018-10-30;10:30;Amarcord;Comedy;Federico Fellini;1973;123;16;8.50
2018-10-29;10:00;Laura;Drama;Otto Preminger;1944;88;12;8.50
2018-10-28;19:30;The Adventures of Robin Hood;Action;Michael Curtiz;1938;102;6;8.50
2018-10-28;17:00;Watership Down;Animation;Martin Rosen;1978;91;0;8.00
2018-10-28;13:30;The Great Escape;Adventure;John Sturges;1963;172;0;8.50
2018-10-28;10:30;Le salaire de la peur;Adventure;Henri-Georges Clouzot;1953;131;0;6.50
2018-10-27;15:30;The Princess Bride;Adventure;Rob Reiner;1987;98;0;7.50
2018-10-27;13:00;Moana;Animation;Ron Clements;2016;107;0;7.50
2018-10-27;10:00;La montaña sagrada;Adventure;Alejandro Jodorowsky;1973;114;16;7.50
2018-10-26;13:30;Zulu;Drama;Cy Endfield;1964;138;0;7.00
2018-10-26;10:30;North by Northwest;Adventure;Alfred Hitchcock;1959;136;0;7.00
2018-10-25;13:00;Barton Fink;Comedy;Joel Coen;1991;116;0;7.50
2018-10-25;10:30;The Princess Bride;Adventure;Rob Reiner;1987;98;0;6.50
2018-10-24;15:30;Pink Floyd: The Wall;Drama;Alan Parker;1982;95;12;8.00
2018-10-24;12:30;Philadelphia;Drama;Jonathan Demme;1993;125;12;7.00
2018-10-24;10:00;Jules et Jim;Drama;François Truffaut;1962;105;12;8.00
2018-10-23;13:30;Mary Poppins;Comedy;Robert Stevenson;1964;139;0;8.50
2018-10-23;10:30;From Here to Eternity;Drama;Fred Zinnemann;1953;118;12;6.50
2018-10-22;13:00;Andaz Apna Apna;Action;Rajkumar Santoshi;1994;160;0;8.00
2018-10-22;10:30;Out of the Past;Crime;Jacques Tourneur;1947;97;12;6.50
2018-10-21;19:00;In a Lonely Place;Drama;Nicholas Ray;1950;94;12;9.50
2018-10-21;16:30;Paths of Glory;Drama;Stanley Kubrick;1957;88;12;8.00
2018-10-21;13:30;The Fifth Element;Action;Luc Besson;1997;126;12;6.50
2018-10-21;10:30;Dog Day Afternoon;Biography;Sidney Lumet;1975;125;0;8.50
2018-10-20;20:00;Unforgiven;Drama;Clint Eastwood;1992;130;12;9.50
2018-10-20;17:00;From Here to Eternity;Drama;Fred Zinnemann;1953;118;12;6.50
2018-10-20;13:30;Boogie Nights;Drama;Paul Thomas Anderson;1997;155;16;8.00
2018-10-20;10:30;Pink;Drama;Aniruddha Roy Chowdhury;2016;136;12;7.50
2018-10-19;12:30;Scent of a Woman;Drama;Martin Brest;1992;156;12;6.50
2018-10-19;10:00;Il conformista;Drama;Bernardo Bertolucci;1970;113;12;8.50
2018-10-18;10:30;Boogie Nights;Drama;Paul Thomas Anderson;1997;155;16;8.50
2018-10-17;15:30;Ordinary People;Drama;Robert Redford;1980;124;0;6.50
2018-10-17;13:00;Pink Floyd: The Wall;Drama;Alan Parker;1982;95;12;7.00
2018-10-17;10:00;Philadelphia;Drama;Jonathan Demme;1993;125;12;7.50
2018-10-16;10:30;Jules et Jim;Drama;François Truffaut;1962;105;12;7.00
2018-10-15;16:00;Unforgiven;Drama;Clint Eastwood;1992;130;12;6.50
2018-10-15;13:30;Toy Story;Animation;John Lasseter;1995;81;0;7.00
2018-10-15;10:30;Unforgiven;Drama;Clint Eastwood;1992;130;12;7.50
2018-10-14;18:00;From Here to Eternity;Drama;Fred Zinnemann;1953;118;12;8.50
2018-10-14;15:30;Jules et Jim;Drama;François Truffaut;1962;105;12;8.00
2018-10-14;13:00;Pink Floyd: The Wall;Drama;Alan Parker;1982;95;12;6.50
2018-10-14;10:00;Barton Fink;Comedy;Joel Coen;1991;116;0;7.00
2018-10-13;19:30;Days of Heaven;Drama;Terrence Malick;1978;94;6;8.50
2018-10-13;16:30;The Usual Suspects;Crime;Bryan Singer;1995;106;12;8.00
2018-10-13;13:00;Andaz Apna Apna;Action;Rajkumar Santoshi;1994;160;0;8.00
2018-10-13;10:00;Il conformista;Drama;Bernardo Bertolucci;1970;113;12;7.00
2018-10-12;15:30;Andaz Apna Apna;Action;Rajkumar Santoshi;1994;160;0;6.50
2018-10-12;12:30;Unforgiven;Drama;Clint Eastwood;1992;130;12;8.00
2018-10-12;10:00;Toy Story;Animation;John Lasseter;1995;81;0;7.00
2018-10-11;13:30;Il conformista;Drama;Bernardo Bertolucci;1970;113;12;6.50
2018-10-11;10:30;North by Northwest;Adventure;Alfred Hitchcock;1959;136;0;8.00
2018-10-10;10:30;Captain Fantastic;Comedy;Matt Ross;2016;118;16;7.50
2018-10-09;10:00;Unforgiven;Drama;Clint Eastwood;1992;130;12;7.00
2018-10-08;10:30;Pink;Drama;Aniruddha Roy Chowdhury;2016;136;12;7.00
2018-10-07;15:30;Jules et Jim;Drama;François Truffaut;1962;105;12;8.50
2018-10-07;13:00;La montaña sagrada;Adventure;Alejandro Jodorowsky;1973;114;16;7.50
2018-10-07;10:00;Amarcord;Comedy;Federico Fellini;1973;123;16;7.00
2018-10-06;16:30;The Naked Gun: From the Files of Police Squad!;Comedy;David Zucker;1988;85;0;8.00
2018-10-06;13:00;Andaz Apna Apna;Action;Rajkumar Santoshi;1994;160;0;8.00
2018-10-06;10:00;Captain Fantastic;Comedy;Matt Ross;2016;118;16;8.00
2018-10-05;10:00;Boogie Nights;Drama;Paul Thomas Anderson;1997;155;16;8.00
2018-10-04;16:00;Days of Heaven;Drama;Terrence Malick;1978;94;6;7.00
2018-10-04;13:00;Unforgiven;Drama;Clint Eastwood;1992;130;12;6.50
2018-10-04;10:30;Out of the Past;Crime;Jacques Tourneur;1947;97;12;7.00
2018-10-03;10:00;Terminator 2: Judgment Day;Action;James Cameron;1991;137;0;7.50
2018-10-02;10:30;Moana;Animation;Ron Clements;2016;107;0;7.00
2018-10-01;12:30;Jules et Jim;Drama;François Truffaut;1962;105;12;8.00
2018-10-01;10:00;Mad Max 2;Action;George Miller;1981;96;12;8.00
2018-09-30;16:00;Andaz Apna Apna;Action;Rajkumar Santoshi;1994;160;0;7.50
2018-09-30;13:30;Out of the Past;Crime;Jacques Tourneur;1947;97;12;8.50
2018-09-30;10:30;Rocky;Drama;John G. Avildsen;1976;120;0;8.50
2018-09-29;18:30;Au revoir les enfants;Drama;Louis Malle;1987;104;0;10.00
2018-09-29;16:00;Il conformista;Drama;Bernardo Bertolucci;1970;113;12;6.50
2018-09-29;13:00;Moana;Animation;Ron Clements;2016;107;0;7.50
2018-09-29;10:00;North by Northwest;Adventure;Alfred Hitchcock;1959;136;0;7.50
2018-09-28;10:30;Andaz Apna Apna;Action;Rajkumar Santoshi;1994;160;0;7.00
2018-09-27;13:00;Thor: Ragnarok;Action;Taika Waititi;2017;130;12;8.50
2018-09-27;10:00;Barton Fink;Comedy;Joel Coen;1991;116;0;7.50
2018-09-26;12:30;The Purple Rose of Cairo;Comedy;Woody Allen;1985;82;0;7.50
2018-09-26;10:00;Jules et Jim;Drama;François Truffaut;1962;105;12;7.50
2018-09-25;14:00;Moana;Animation;Ron Clements;2016;107;0;8.00
2018-09-25;10:30;Andaz Apna Apna;Action;Rajkumar Santoshi;1994;160;0;6.50
2018-09-24;17:30;Rocky;Drama;John G. Avildsen;1976;120;0;8.50
2018-09-24;13:30;Braveheart;Biography;Mel Gibson;1995;178;12;8.50
2018-09-24;10:30;Barton Fink;Comedy;Joel Coen;1991;116;0;6.50
2018-09-23;15:30;Airlift;Drama;Raja Menon;2016;130;12;8.50
2018-09-23;12:30;Thor: Ragnarok;Action;Taika Waititi;2017;130;12;8.50
2018-09-23;10:00;The Princess Bride;Adventure;Rob Reiner;1987;98;0;6.50
2018-09-22;20:00;Pink Floyd: The Wall;Drama;Alan Parker;1982;95;12;9.50
2018-09-22;17:30;Jules et Jim;Drama;François Truffaut;1962;105;12;6.50
2018-09-22;14:30;Thor: Ragnarok;Action;Taika Waititi;2017;130;12;8.50
2018-09-22;10:30;Heat;Crime;Michael Mann;1995;170;12;7.50
2018-09-21;10:00;North by Northwest;Adventure;Alfred Hitchcock;1959;136;0;7.50
2018-09-20;13:30;Thor: Ragnarok;Action;Taika Waititi;2017;130;12;8.00
2018-09-20;10:00;Nuovo Cinema Paradiso;Drama;Giuseppe Tornatore;1988;155;0;7.00
2018-09-19;10:30;Airlift;Drama;Raja Menon;2016;130;12;8.50
2018-09-18;13:00;Au revoir les enfants;Drama;Louis Malle;1987;104;0;7.00
2018-09-18;10:00;Ordinary People;Drama;Robert Redford;1980;124;0;6.50
2018-09-17;10:30;Pink Floyd: The Wall;Drama;Alan Parker;1982;95;12;8.00
2018-09-16;16:30;Blade Runner 2049;Action;Denis Villeneuve;2017;164;12;8.50
2018-09-16;14:00;Pink Floyd: The Wall;Drama;Alan Parker;1982;95;12;7.00
2018-09-16;10:30;Heat;Crime;Michael Mann;1995;170;12;8.50
2018-09-15;18:30;Dangal;Action;Nitesh Tiwari;2016;161;0;9.00
2018-09-15;16:00;Tonari no Totoro;Animation;Hayao Miyazaki;1988;86;0;6.50
2018-09-15;13:00;Unforgiven;Drama;Clint Eastwood;1992;130;12;7.50
2018-09-15;10:30;The Purple Rose of Cairo;Comedy;Woody Allen;1985;82;0;8.50
2018-09-14;10:30;Rocky;Drama;John G. Avildsen;1976;120;0;7.50
2018-09-13;15:00;Tonari no Totoro;Animation;Hayao Miyazaki;1988;86;0;8.50
2018-09-13;12:00;The Sting;Comedy;George Roy Hill;1973;129;0;7.50
2018-09-13;10:00;The Naked Gun: From the Files of Police Squad!;Comedy;David Zucker;1988;85;0;7.50
2018-09-12;16:00;Hannah and Her Sisters;Comedy;Woody Allen;1986;107;12;8.00
2018-09-12;13:30;The Princess Bride;Adventure;Rob Reiner;1987;98;0;6.50
2018-09-12;10:30;Terminator 2: Judgment Day;Action;James Cameron;1991;137;0;8.50
2018-09-11;15:00;The Color Purple;Drama;Steven Spielberg;1985;154;0;7.50
2018-09-11;12:30;La Grande Illusion;Drama;Jean Renoir;1937;113;12;8.00
2018-09-11;10:00;Hannah and Her Sisters;Comedy;Woody Allen;1986;107;12;8.50
2018-09-10;12:30;La Grande Illusion;Drama;Jean Renoir;1937;113;12;6.50
2018-09-10;10:00;Butch Cassidy and the Sundance Kid;Biography;George Roy Hill;1969;110;6;7.00
2018-09-09;17:30;Au revoir les enfants;Drama;Louis Malle;1987;104;0;8.00
2018-09-09;13:30;Bound by Honor;Crime;Taylor Hackford;1993;180;16;7.00
2018-09-09;10:00;The Great Escape;Adventure;John Sturges;1963;172;0;7.00
2018-09-08;16:00;The Purple Rose of Cairo;Comedy;Woody Allen;1985;82;0;8.00
2018-09-08;13:30;Tonari no Totoro;Animation;Hayao Miyazaki;1988;86;0;8.00
2018-09-08;10:30;Terminator 2: Judgment Day;Action;James Cameron;1991;137;0;8.50
2018-09-07;10:00;Heat;Crime;Michael Mann;1995;170;12;8.00
2018-09-06;10:30;Tonari no Totoro;Animation;Hayao Miyazaki;1988;86;0;8.50
2018-09-05;18:00;Tonari no Totoro;Animation;Hayao Miyazaki;1988;86;0;9.50
2018-09-05;14:30;The Great Escape;Adventure;John Sturges;1963;172;0;7.50
2018-09-05;10:30;Braveheart;Biography;Mel Gibson;1995;178;12;7.00
2018-09-04;10:00;Tumbbad;Drama;Rahi Anil Barve;2018;104;12;8.00
2018-09-03;15:30;Hannah and Her Sisters;Comedy;Woody Allen;1986;107;12;7.00
2018-09-03;12:30;Rocky;Drama;John G. Avildsen;1976;120;0;8.50
2018-09-03;10:30;This Is Spinal Tap;Comedy;Rob Reiner;1984;82;16;6.50
2018-09-02;20:30;Au revoir les enfants;Drama;Louis Malle;1987;104;0;9.50
2018-09-02;17:30;Rocky;Drama;John G. Avildsen;1976;120;0;8.50
2018-09-02;13:30;Braveheart;Biography;Mel Gibson;1995;178;12;6.50
2018-09-02;10:30;Terminator 2: Judgment Day;Action;James Cameron;1991;137;0;7.50
2018-09-01;16:30;The Great Escape;Adventure;John Sturges;1963;172;0;7.50
2018-09-01;13:00;The Great Escape;Adventure;John Sturges;1963;172;0;7.50
2018-09-01;10:00;Airlift;Drama;Raja Menon;2016;130;12;8.00
2018-08-31;10:00;Belle de jour;Drama;Luis Buñuel;1967;100;12;7.50
2018-08-30;13:00;Hannah and Her Sisters;Comedy;Woody Allen;1986;107;12;7.50
2018-08-30;10:00;The Sting;Comedy;George Roy Hill;1973;129;0;8.00
2018-08-29;15:00;The Sting;Comedy;George Roy Hill;1973;129;0;6.50
2018-08-29;12:30;The Princess Bride;Adventure;Rob Reiner;1987;98;0;7.00
2018-08-29;10:30;Tonari no Totoro;Animation;Hayao Miyazaki;1988;86;0;8.00
2018-08-28;13:00;The Great Escape;Adventure;John Sturges;1963;172;0;7.00
2018-08-28;10:30;Hannah and Her Sisters;Comedy;Woody Allen;1986;107;12;7.50
2018-08-27;16:00;Rocky;Drama;John G. Avildsen;1976;120;0;8.50
2018-08-27;13:30;Smultronstället;Drama;Ingmar Bergman;1957;91;0;7.50
2018-08-27;10:30;Terminator 2: Judgment Day;Action;James Cameron;1991;137;0;8.00
2018-08-26;16:00;Star Wars;Action;George Lucas;1977;121;12;7.50
2018-08-26;12:30;Scent of a Woman;Drama;Martin Brest;1992;156;12;6.50
2018-08-26;10:00;Hannah and Her Sisters;Comedy;Woody Allen;1986;107;12;8.50
2018-08-25;18:00;Judgment at Nuremberg;Drama;Stanley Kramer;1961;179;12;8.50
2018-08-25;15:30;Tumbbad;Drama;Rahi Anil Barve;2018;104;12;7.00
2018-08-25;12:30;East of Eden;Drama;Elia Kazan;1955;118;0;8.00
2018-08-25;10:00;Hannah and Her Sisters;Comedy;Woody Allen;1986;107;12;6.50
2018-08-24;10:30;Ikiru;Drama;Akira Kurosawa;1952;143;12;7.50
2018-08-23;10:30;A Night at the Opera;Comedy;Sam Wood;1935;96;12;8.00
2018-08-22;10:00;The Sting;Comedy;George Roy Hill;1973;129;0;8.50
2018-08-21;12:30;Nuovo Cinema Paradiso;Drama;Giuseppe Tornatore;1988;155;0;8.00
2018-08-21;10:00;The Princess Bride;Adventure;Rob Reiner;1987;98;0;7.00
2018-08-20;13:00;The Goonies;Adventure;Richard Donner;1985;114;0;8.50
2018-08-20;10:30;On the Waterfront;Crime;Elia Kazan;1954;108;12;8.50
2018-08-19;20:00;Tumbbad;Drama;Rahi Anil Barve;2018;104;12;8.50
2018-08-19;17:00;East of Eden;Drama;Elia Kazan;1955;118;0;7.00
2018-08-19;14:30;La haine;Crime;Mathieu Kassovitz;1995;98;12;8.50
2018-08-19;10:30;Heat;Crime;Michael Mann;1995;170;12;6.50
2018-08-18;17:00;Die Hard: With a Vengeance;Action;John McTiernan;1995;128;12;8.00
2018-08-18;14:30;Clerks;Comedy;Kevin Smith;1994;92;16;7.00
2018-08-18;12:30;Tonari no Totoro;Animation;Hayao Miyazaki;1988;86;0;7.00
2018-08-18;10:00;Tonari no Totoro;Animation;Hayao Miyazaki;1988;86;0;8.50
2018-08-17;10:00;Hannah and Her Sisters;Comedy;Woody Allen;1986;107;12;8.50
2018-08-16;14:00;La Grande Illusion;Drama;Jean Renoir;1937;113;12;7.00
2018-08-16;10:30;Blade Runner 2049;Action;Denis Villeneuve;2017;164;12;6.50
2018-08-15;10:30;This Is Spinal Tap;Comedy;Rob Reiner;1984;82;16;7.50
2018-08-14;17:00;The Purple Rose of Cairo;Comedy;Woody Allen;1985;82;0;7.00
2018-08-14;14:30;Pâfekuto burû;Animation;Satoshi Kon;1997;81;12;8.00
2018-08-14;10:30;Judgment at Nuremberg;Drama;Stanley Kramer;1961;179;12;8.00
2018-08-13;17:30;Heat;Crime;Michael Mann;1995;170;12;7.50
2018-08-13;13:30;The Great Escape;Adventure;John Sturges;1963;172;0;7.00
2018-08-13;10:30;Airlift;Drama;Raja Menon;2016;130;12;8.50
2018-08-12;15:00;Patton;Biography;Franklin J. Schaffner;1970;172;0;6.50
2018-08-12;12:30;Clerks;Comedy;Kevin Smith;1994;92;16;6.50
2018-08-12;10:30;The Purple Rose of Cairo;Comedy;Woody Allen;1985;82;0;8.00
2018-08-11;18:30;Au revoir les enfants;Drama;Louis Malle;1987;104;0;10.00
2018-08-11;16:00;Enter the Dragon;Action;Robert Clouse;1973;102;12;8.00
2018-08-11;12:00;Judgment at Nuremberg;Drama;Stanley Kramer;1961;179;12;7.50
2018-08-11;10:00;This Is Spinal Tap;Comedy;Rob Reiner;1984;82;16;7.50
2018-08-10;10:00;The Truman Show;Comedy;Peter Weir;1998;103;0;8.50
2018-08-09;13:00;Dr. Strangelove or: How I Learned to Stop Worrying and Love the Bomb;Comedy;Stanley Kubrick;1964;95;12;8.50
2018-08-09;10:00;Star Wars;Action;George Lucas;1977;121;12;7.50
2018-08-08;17:00;Au revoir les enfants;Drama;Louis Malle;1987;104;0;7.50
2018-08-08;13:30;Judgment at Nuremberg;Drama;Stanley Kramer;1961;179;12;6.50
2018-08-08;10:00;Heat;Crime;Michael Mann;1995;170;12;7.00
2018-08-07;13:00;The Goonies;Adventure;Richard Donner;1985;114;0;8.00
2018-08-07;10:00;Airlift;Drama;Raja Menon;2016;130;12;8.50
2018-08-06;10:00;Star Wars;Action;George Lucas;1977;121;12;7.50
2018-08-05;19:30;Die Hard: With a Vengeance;Action;John McTiernan;1995;128;12;9.50
2018-08-05;15:30;Bound by Honor;Crime;Taylor Hackford;1993;180;16;7.50
2018-08-05;13:00;This Is Spinal Tap;Comedy;Rob Reiner;1984;82;16;8.00
2018-08-05;10:30;Hell or High Water;Action;David Mackenzie;2016;102;16;8.50
2018-08-04;15:30;Smultronstället;Drama;Ingmar Bergman;1957;91;0;8.00
2018-08-04;13:00;The Goonies;Adventure;Richard Donner;1985;114;0;6.50
2018-08-04;10:30;Hell or High Water;Action;David Mackenzie;2016;102;16;8.00
2018-08-03;13:00;Bringing Up Baby;Comedy;Howard Hawks;1938;102;12;8.00
2018-08-03;10:00;Star Wars;Action;George Lucas;1977;121;12;7.00
2018-08-02;16:00;Enter the Dragon;Action;Robert Clouse;1973;102;12;8.00
2018-08-02;13:30;La haine;Crime;Mathieu Kassovitz;1995;98;12;8.50
2018-08-02;10:30;The Outlaw Josey Wales;Western;Clint Eastwood;1976;135;12;6.50
2018-08-01;13:00;Malcolm X;Biography;Spike Lee;1992;202;0;6.50
2018-08-01;10:30;Bringing Up Baby;Comedy;Howard Hawks;1938;102;12;8.00
2018-07-31;15:30;The Truman Show;Comedy;Peter Weir;1998;103;0;7.00
2018-07-31;13:00;Kimi no na wa.;Animation;Makoto Shinkai;2016;106;0;8.50
2018-07-31;10:30;Planes, Trains & Automobiles;Comedy;John Hughes;1987;93;0;8.00
2018-07-30;13:00;Judgment at Nuremberg;Drama;Stanley Kramer;1961;179;12;8.00
2018-07-30;10:30;Hell or High Water;Action;David Mackenzie;2016;102;16;7.00
2018-07-29;15:00;This Is Spinal Tap;Comedy;Rob Reiner;1984;82;16;7.50
2018-07-29;13:00;This Is Spinal Tap;Comedy;Rob Reiner;1984;82;16;8.00
2018-07-29;10:30;A Night at the Opera;Comedy;Sam Wood;1935;96;12;7.00
2018-07-28;15:30;Enter the Dragon;Action;Robert Clouse;1973;102;12;7.00
2018-07-28;13:00;The Truman Show;Comedy;Peter Weir;1998;103;0;7.00
2018-07-28;10:30;This Is Spinal Tap;Comedy;Rob Reiner;1984;82;16;7.00
2018-07-27;10:00;American History X;Drama;Tony Kaye;1998;119;16;7.50
2018-07-26;13:00;Dà hóng denglong gaogao guà;Drama;Yimou Zhang;1991;125;6;8.00
2018-07-26;10:00;The Goonies;Adventure;Richard Donner;1985;114;0;8.50
2018-07-25;16:00;Abre los ojos;Drama;Alejandro Amenábar;1997;119;0;6.50
2018-07-25;13:30;Pâfekuto burû;Animation;Satoshi Kon;1997;81;12;8.00
2018-07-25;10:00;Patton;Biography;Franklin J. Schaffner;1970;172;0;8.50
2018-07-24;10:00;Smultronstället;Drama;Ingmar Bergman;1957;91;0;7.50
2018-07-23;14:30;Lola rennt;Crime;Tom Tykwer;1998;81;12;8.50
2018-07-23;10:30;Judgment at Nuremberg;Drama;Stanley Kramer;1961;179;12;7.50
2018-07-22;18:30;Indiana Jones and the Last Crusade;Action;Steven Spielberg;1989;127;0;8.50
2018-07-22;15:30;On the Waterfront;Crime;Elia Kazan;1954;108;12;8.00
2018-07-22;13:00;Enter the Dragon;Action;Robert Clouse;1973;102;12;8.50
2018-07-22;10:30;Lola rennt;Crime;Tom Tykwer;1998;81;12;7.00
2018-07-21;16:30;Die Hard: With a Vengeance;Action;John McTiernan;1995;128;12;7.50
2018-07-21;13:30;Dà hóng denglong gaogao guà;Drama;Yimou Zhang;1991;125;6;8.00
2018-07-21;10:30;The Outlaw Josey Wales;Western;Clint Eastwood;1976;135;12;8.00
2018-07-20;15:30;Planes, Trains & Automobiles;Comedy;John Hughes;1987;93;0;7.50
2018-07-20;13:00;On the Waterfront;Crime;Elia Kazan;1954;108;12;6.50
2018-07-20;10:00;Abre los ojos;Drama;Alejandro Amenábar;1997;119;0;8.00
2018-07-19;10:30;Hell or High Water;Action;David Mackenzie;2016;102;16;8.00
2018-07-18;12:30;Die Hard: With a Vengeance;Action;John McTiernan;1995;128;12;7.00
2018-07-18;10:30;Pâfekuto burû;Animation;Satoshi Kon;1997;81;12;7.50
2018-07-17;13:00;A Night at the Opera;Comedy;Sam Wood;1935;96;12;6.50
2018-07-17;10:00;Abre los ojos;Drama;Alejandro Amenábar;1997;119;0;6.50
2018-07-16;15:00;Bringing Up Baby;Comedy;Howard Hawks;1938;102;12;6.50
2018-07-16;12:30;A Hard Day's Night;Comedy;Richard Lester;1964;87;0;7.00
2018-07-16;10:00;Smultronstället;Drama;Ingmar Bergman;1957;91;0;8.50
2018-07-15;16:00;A Hard Day's Night;Comedy;Richard Lester;1964;87;0;8.00
2018-07-15;13:00;Star Wars: Episode V - The Empire Strikes Back;Action;Irvin Kershner;1980;124;12;7.50
2018-07-15;10:30;Bringing Up Baby;Comedy;Howard Hawks;1938;102;12;6.50
2018-07-14;15:00;American History X;Drama;Tony Kaye;1998;119;16;6.50
2018-07-14;12:30;Smultronstället;Drama;Ingmar Bergman;1957;91;0;6.50
2018-07-14;10:00;Bringing Up Baby;Comedy;Howard Hawks;1938;102;12;8.00
2018-07-13;10:30;Kimi no na wa.;Animation;Makoto Shinkai;2016;106;0;7.50
2018-07-12;13:00;Hell or High Water;Action;David Mackenzie;2016;102;16;7.00
2018-07-12;10:00;Star Wars;Action;George Lucas;1977;121;12;6.50
2018-07-11;15:00;Abre los ojos;Drama;Alejandro Amenábar;1997;119;0;8.50
2018-07-11;12:30;Willy Wonka & the Chocolate Factory;Family;Mel Stuart;1971;100;0;7.50
2018-07-11;10:00;The Night of the Hunter;Crime;Charles Laughton;1955;92;12;7.00
2018-07-10;14:30;Star Wars;Action;George Lucas;1977;121;12;8.00
2018-07-10;10:30;Malcolm X;Biography;Spike Lee;1992;202;0;8.00
2018-07-09;13:00;Star Wars: Episode V - The Empire Strikes Back;Action;Irvin Kershner;1980;124;12;6.50
2018-07-09;10:30;Bringing Up Baby;Comedy;Howard Hawks;1938;102;12;6.50
2018-07-08;17:30;Smultronstället;Drama;Ingmar Bergman;1957;91;0;8.50
2018-07-08;15:30;Lola rennt;Crime;Tom Tykwer;1998;81;12;8.00
2018-07-08;13:00;Bringing Up Baby;Comedy;Howard Hawks;1938;102;12;7.50
2018-07-08;10:00;Indiana Jones and the Last Crusade;Action;Steven Spielberg;1989;127;0;7.00
2018-07-07;15:30;Patton;Biography;Franklin J. Schaffner;1970;172;0;6.50
2018-07-07;13:00;Rebel Without a Cause;Drama;Nicholas Ray;1955;111;12;8.50
2018-07-07;10:30;Lola rennt;Crime;Tom Tykwer;1998;81;12;7.50
2018-07-06;16:00;Planes, Trains & Automobiles;Comedy;John Hughes;1987;93;0;7.50
2018-07-06;12:30;Nuovo Cinema Paradiso;Drama;Giuseppe Tornatore;1988;155;0;8.00
2018-07-06;10:00;Smultronstället;Drama;Ingmar Bergman;1957;91;0;6.50
2018-07-05;15:30;Lethal Weapon;Action;Richard Donner;1987;109;12;6.50
2018-07-05;13:00;Planes, Trains & Automobiles;Comedy;John Hughes;1987;93;0;8.00
2018-07-05;10:00;The Verdict;Drama;Sidney Lumet;1982;129;0;8.50
2018-07-04;10:30;When Harry Met Sally...;Comedy;Rob Reiner;1989;95;12;8.00
2018-07-03;10:30;Planes, Trains & Automobiles;Comedy;John Hughes;1987;93;0;8.00
2018-07-02;10:00;Star Wars: Episode V - The Empire Strikes Back;Action;Irvin Kershner;1980;124;12;7.00
2018-07-01;15:30;Indiana Jones and the Last Crusade;Action;Steven Spielberg;1989;127;0;7.00
2018-07-01;12:30;Star Wars: Episode V - The Empire Strikes Back;Action;Irvin Kershner;1980;124;12;6.50
2018-07-01;10:00;The Night of the Hunter;Crime;Charles Laughton;1955;92;12;8.00
2018-06-30;15:30;The Night of the Hunter;Crime;Charles Laughton;1955;92;12;8.50
2018-06-30;13:00;Smultronstället;Drama;Ingmar Bergman;1957;91;0;7.00
2018-06-30;10:30;Hiroshima mon amour;Drama;Alain Resnais;1959;90;12;7.00
2018-06-29;12:30;Lola rennt;Crime;Tom Tykwer;1998;81;12;8.00
2018-06-29;10:00;A Hard Day's Night;Comedy;Richard Lester;1964;87;0;7.50
2018-06-28;10:30;The Bridges of Madison County;Drama;Clint Eastwood;1995;135;12;8.00
2018-06-27;10:00;Happiness;Comedy;Todd Solondz;1998;134;12;7.00
2018-06-26;13:00;Indiana Jones and the Last Crusade;Action;Steven Spielberg;1989;127;0;7.50
2018-06-26;10:30;Willy Wonka & the Chocolate Factory;Family;Mel Stuart;1971;100;0;8.00
2018-06-25;13:30;Trainspotting;Drama;Danny Boyle;1996;93;12;8.00
2018-06-25;10:30;Ikiru;Drama;Akira Kurosawa;1952;143;12;7.50
2018-06-24;18:00;Malcolm X;Biography;Spike Lee;1992;202;0;8.50
2018-06-24;15:30;Willy Wonka & the Chocolate Factory;Family;Mel Stuart;1971;100;0;7.00
2018-06-24;13:00;Rebel Without a Cause;Drama;Nicholas Ray;1955;111;12;7.50
2018-06-24;10:30;Rebel Without a Cause;Drama;Nicholas Ray;1955;111;12;7.50
2018-06-23;19:00;Lola rennt;Crime;Tom Tykwer;1998;81;12;9.00
2018-06-23;16:30;Hiroshima mon amour;Drama;Alain Resnais;1959;90;12;8.00
2018-06-23;13:30;The Bridges of Madison County;Drama;Clint Eastwood;1995;135;12;8.00
2018-06-23;10:30;The Untouchables;Crime;Brian De Palma;1987;119;12;8.00
2018-06-22;10:30;Nuovo Cinema Paradiso;Drama;Giuseppe Tornatore;1988;155;0;7.00
2018-06-21;13:30;Crimes and Misdemeanors;Comedy;Woody Allen;1989;104;12;7.50
2018-06-21;10:30;The Bridges of Madison County;Drama;Clint Eastwood;1995;135;12;6.50
2018-06-20;13:30;Willy Wonka & the Chocolate Factory;Family;Mel Stuart;1971;100;0;7.50
2018-06-20;10:00;Nuovo Cinema Paradiso;Drama;Giuseppe Tornatore;1988;155;0;7.00
2018-06-19;15:30;Crimes and Misdemeanors;Comedy;Woody Allen;1989;104;12;8.50
2018-06-19;13:00;Lethal Weapon;Action;Richard Donner;1987;109;12;7.50
2018-06-19;10:30;Hiroshima mon amour;Drama;Alain Resnais;1959;90;12;8.50
2018-06-18;10:30;Hiroshima mon amour;Drama;Alain Resnais;1959;90;12;8.50
2018-06-17;19:00;Airlift;Drama;Raja Menon;2016;130;12;9.50
2018-06-17;16:00;The Untouchables;Crime;Brian De Palma;1987;119;12;6.50
2018-06-17;13:30;Willy Wonka & the Chocolate Factory;Family;Mel Stuart;1971;100;0;6.50
2018-06-17;10:00;Ikiru;Drama;Akira Kurosawa;1952;143;12;7.50
2018-06-16;17:00;Jules et Jim;Drama;François Truffaut;1962;105;12;8.50
2018-06-16;14:30;Hiroshima mon amour;Drama;Alain Resnais;1959;90;12;8.00
2018-06-16;10:00;The Ten Commandments;Adventure;Cecil B. DeMille;1956;220;0;7.00
2018-06-15;16:00;Rebel Without a Cause;Drama;Nicholas Ray;1955;111;12;8.00
2018-06-15;13:30;Hiroshima mon amour;Drama;Alain Resnais;1959;90;12;8.50
2018-06-15;10:30;Blue Velvet;Drama;David Lynch;1986;120;12;6.50
2018-06-14;16:00;Crimes and Misdemeanors;Comedy;Woody Allen;1989;104;12;7.00
2018-06-14;13:30;Willy Wonka & the Chocolate Factory;Family;Mel Stuart;1971;100;0;6.50
2018-06-14;10:30;Ikiru;Drama;Akira Kurosawa;1952;143;12;8.50
2018-06-13;10:30;When Harry Met Sally...;Comedy;Rob Reiner;1989;95;12;6.50
2018-06-12;17:00;The Grapes of Wrath;Drama;John Ford;1940;129;12;6.50
2018-06-12;13:30;The Wild Bunch;Action;Sam Peckinpah;1969;145;12;8.50
2018-06-12;10:00;The Wild Bunch;Action;Sam Peckinpah;1969;145;12;7.50
2018-06-11;16:00;Blue Velvet;Drama;David Lynch;1986;120;12;7.50
2018-06-11;13:00;Serpico;Biography;Sidney Lumet;1973;130;12;8.00
2018-06-11;10:00;Spider-Man: Into the Spider-Verse;Animation;Bob Persichetti;2018;117;0;7.00
2018-06-10;18:00;Ikiru;Drama;Akira Kurosawa;1952;143;12;8.50
2018-06-10;15:00;The Long Goodbye;Comedy;Robert Altman;1973;112;12;7.00
2018-06-10;10:30;The Ten Commandments;Adventure;Cecil B. DeMille;1956;220;0;8.50
2018-06-09;15:30;The Wild Bunch;Action;Sam Peckinpah;1969;145;12;7.50
2018-06-09;12:30;The Wild Bunch;Action;Sam Peckinpah;1969;145;12;6.50
2018-06-09;10:00;Hiroshima mon amour;Drama;Alain Resnais;1959;90;12;8.50
2018-06-08;15:30;The Long Goodbye;Comedy;Robert Altman;1973;112;12;8.50
2018-06-08;12:30;Spider-Man: Into the Spider-Verse;Animation;Bob Persichetti;2018;117;0;8.00
2018-06-08;10:00;The Long Goodbye;Comedy;Robert Altman;1973;112;12;7.50
2018-06-07;16:00;The Long Goodbye;Comedy;Robert Altman;1973;112;12;6.50
2018-06-07;13:30;Kurenai no buta;Animation;Hayao Miyazaki;1992;94;0;7.00
2018-06-07;10:30;The Long Goodbye;Comedy;Robert Altman;1973;112;12;7.00
2018-06-06;16:00;The Long Goodbye;Comedy;Robert Altman;1973;112;12;6.50
2018-06-06;13:00;Ikiru;Drama;Akira Kurosawa;1952;143;12;7.00
2018-06-06;10:30;When Harry Met Sally...;Comedy;Rob Reiner;1989;95;12;8.50
2018-06-05;14:30;Airlift;Drama;Raja Menon;2016;130;12;8.50
2018-06-05;10:00;The Ten Commandments;Adventure;Cecil B. DeMille;1956;220;0;7.50
2018-06-04;10:00;The Verdict;Drama;Sidney Lumet;1982;129;0;7.00
2018-06-03;17:30;Crimes and Misdemeanors;Comedy;Woody Allen;1989;104;12;8.00
2018-06-03;15:00;Hiroshima mon amour;Drama;Alain Resnais;1959;90;12;6.50
2018-06-03;12:30;Trainspotting;Drama;Danny Boyle;1996;93;12;6.50
2018-06-03;10:00;Hiroshima mon amour;Drama;Alain Resnais;1959;90;12;8.00
2018-06-02;18:30;The Bridges of Madison County;Drama;Clint Eastwood;1995;135;12;10.00
2018-06-02;16:00;The Long Goodbye;Comedy;Robert Altman;1973;112;12;7.50
2018-06-02;13:00;The Bridges of Madison County;Drama;Clint Eastwood;1995;135;12;8.00
2018-06-02;10:30;Crimes and Misdemeanors;Comedy;Woody Allen;1989;104;12;8.00
2018-06-01;10:30;Serpico;Biography;Sidney Lumet;1973;130;12;7.50
2018-05-31;17:30;The Wild Bunch;Action;Sam Peckinpah;1969;145;12;8.50
2018-05-31;14:30;The Bridges of Madison County;Drama;Clint Eastwood;1995;135;12;8.00
2018-05-31;10:00;The Ten Commandments;Adventure;Cecil B. DeMille;1956;220;0;8.50
2018-05-30;10:00;Batman: Mask of the Phantasm;Animation;Kevin Altieri;1993;76;6;7.50
2018-05-29;12:30;The Wild Bunch;Action;Sam Peckinpah;1969;145;12;6.50
2018-05-29;10:00;Trainspotting;Drama;Danny Boyle;1996;93;12;6.50
2018-05-28;10:30;Kurenai no buta;Animation;Hayao Miyazaki;1992;94;0;8.00
2018-05-27;16:00;When Harry Met Sally...;Comedy;Rob Reiner;1989;95;12;7.00
2018-05-27;13:00;Blue Velvet;Drama;David Lynch;1986;120;12;8.00
2018-05-27;10:30;Clerks;Comedy;Kevin Smith;1994;92;16;8.00
2018-05-26;16:30;Crimes and Misdemeanors;Comedy;Woody Allen;1989;104;12;8.00
2018-05-26;13:30;Serpico;Biography;Sidney Lumet;1973;130;12;7.50
2018-05-26;10:30;The Grapes of Wrath;Drama;John Ford;1940;129;12;8.00
2018-05-25;16:30;Sling Blade;Drama;Billy Bob Thornton;1996;135;16;7.50
2018-05-25;13:30;The Verdict;Drama;Sidney Lumet;1982;129;0;6.50
2018-05-25;10:30;The Untouchables;Crime;Brian De Palma;1987;119;12;8.00
2018-05-24;10:00;Trainspotting;Drama;Danny Boyle;1996;93;12;8.50
2018-05-23;10:00;Jules et Jim;Drama;François Truffaut;1962;105;12;8.50
2018-05-22;10:30;Kurenai no buta;Animation;Hayao Miyazaki;1992;94;0;8.50
2018-05-21;13:30;The Bridges of Madison County;Drama;Clint Eastwood;1995;135;12;8.00
2018-05-21;10:30;Airlift;Drama;Raja Menon;2016;130;12;7.00
2018-05-20;15:30;Trainspotting;Drama;Danny Boyle;1996;93;12;7.50
2018-05-20;13:00;Trainspotting;Drama;Danny Boyle;1996;93;12;8.50
2018-05-20;10:00;Forrest Gump;Drama;Robert Zemeckis;1994;142;12;6.50
2018-05-19;15:30;Sling Blade;Drama;Billy Bob Thornton;1996;135;16;7.50
2018-05-19;13:00;The Lion King;Animation;Roger Allers;1994;88;0;8.50
2018-05-19;10:00;The Untouchables;Crime;Brian De Palma;1987;119;12;6.50
2018-05-18;17:00;Trainspotting;Drama;Danny Boyle;1996;93;12;8.50
2018-05-18;13:30;Forrest Gump;Drama;Robert Zemeckis;1994;142;12;8.00
2018-05-18;10:30;The Verdict;Drama;Sidney Lumet;1982;129;0;8.00
2018-05-17;15:30;Batman: Mask of the Phantasm;Animation;Kevin Altieri;1993;76;6;8.50
2018-05-17;13:00;The Lady Vanishes;Mystery;Alfred Hitchcock;1938;96;12;8.50
2018-05-17;10:30;Crimes and Misdemeanors;Comedy;Woody Allen;1989;104;12;8.00
2018-05-16;13:00;Lost Highway;Mystery;David Lynch;1997;134;12;8.00
2018-05-16;10:30;The Lion King;Animation;Roger Allers;1994;88;0;6.50
2018-05-15;13:30;Jules et Jim;Drama;François Truffaut;1962;105;12;8.00
2018-05-15;10:00;Forrest Gump;Drama;Robert Zemeckis;1994;142;12;6.50
2018-05-14;10:00;Batman: Mask of the Phantasm;Animation;Kevin Altieri;1993;76;6;8.00
2018-05-13;16:00;Batman: Mask of the Phantasm;Animation;Kevin Altieri;1993;76;6;8.00
2018-05-13;13:00;Lost Highway;Mystery;David Lynch;1997;134;12;8.00
2018-05-13;10:00;Red River;Action;Howard Hawks;1948;133;12;7.50
2018-05-12;18:30;Clerks;Comedy;Kevin Smith;1994;92;16;10.00
2018-05-12;15:30;The Apartment;Comedy;Billy Wilder;1960;125;0;6.50
2018-05-12;13:30;Batman: Mask of the Phantasm;Animation;Kevin Altieri;1993;76;6;8.00
2018-05-12;10:30;Serpico;Biography;Sidney Lumet;1973;130;12;7.50
2018-05-11;10:00;The Lady Vanishes;Mystery;Alfred Hitchcock;1938;96;12;8.50
2018-05-10;16:00;Jaws;Adventure;Steven Spielberg;1975;124;12;7.00
2018-05-10;13:30;Manhattan;Comedy;Woody Allen;1979;96;16;8.50
2018-05-10;10:30;Red River;Action;Howard Hawks;1948;133;12;6.50
2018-05-09;13:00;Airlift;Drama;Raja Menon;2016;130;12;8.00
2018-05-09;10:30;When Harry Met Sally...;Comedy;Rob Reiner;1989;95;12;7.00
2018-05-08;16:30;The Untouchables;Crime;Brian De Palma;1987;119;12;7.00
2018-05-08;13:30;Lost Highway;Mystery;David Lynch;1997;134;12;7.00
2018-05-08;10:30;The Grapes of Wrath;Drama;John Ford;1940;129;12;7.00
2018-05-07;17:00;The Deer Hunter;Drama;Michael Cimino;1978;183;12;8.50
2018-05-07;13:00;The Deer Hunter;Drama;Michael Cimino;1978;183;12;8.00
2018-05-07;10:00;Thor: Ragnarok;Action;Taika Waititi;2017;130;12;6.50
2018-05-06;16:30;Sweet Smell of Success;Drama;Alexander Mackendrick;1957;96;12;8.00
2018-05-06;13:30;Forrest Gump;Drama;Robert Zemeckis;1994;142;12;8.00
2018-05-06;10:30;In the Name of the Father;Biography;Jim Sheridan;1993;133;12;7.00
2018-05-05;15:30;Blood Simple;Crime;Joel Coen;1984;99;12;8.00
2018-05-05;13:00;Harold and Maude;Comedy;Hal Ashby;1971;91;6;7.00
2018-05-05;10:00;A Bronx Tale;Crime;Robert De Niro;1993;121;16;8.50
2018-05-04;10:00;Blood Simple;Crime;Joel Coen;1984;99;12;7.00
2018-05-03;10:00;The Untouchables;Crime;Brian De Palma;1987;119;12;6.50
2018-05-02;15:00;The Untouchables;Crime;Brian De Palma;1987;119;12;8.00
2018-05-02;12:00;Butch Cassidy and the Sundance Kid;Biography;George Roy Hill;1969;110;6;7.50
2018-05-02;10:00;Brief Encounter;Drama;David Lean;1945;86;0;6.50
2018-05-01;10:00;Manhattan;Comedy;Woody Allen;1979;96;16;7.50
2018-04-30;13:00;Lost Highway;Mystery;David Lynch;1997;134;12;8.00
2018-04-30;10:30;Key Largo;Action;John Huston;1948;100;12;8.50
2018-04-29;17:30;Batman: Mask of the Phantasm;Animation;Kevin Altieri;1993;76;6;6.50
2018-04-29;15:00;Manhattan;Comedy;Woody Allen;1979;96;16;7.50
2018-04-29;12:30;The Innocents;Horror;Jack Clayton;1961;100;12;8.00
2018-04-29;10:00;Sweet Smell of Success;Drama;Alexander Mackendrick;1957;96;12;8.50
2018-04-28;19:00;Lost Highway;Mystery;David Lynch;1997;134;12;8.50
2018-04-28;16:00;Butch Cassidy and the Sundance Kid;Biography;George Roy Hill;1969;110;6;6.50
2018-04-28;13:00;Lost Highway;Mystery;David Lynch;1997;134;12;7.50
2018-04-28;10:00;Lost Highway;Mystery;David Lynch;1997;134;12;7.00
2018-04-27;16:00;Airlift;Drama;Raja Menon;2016;130;12;7.00
2018-04-27;13:30;Manhattan;Comedy;Woody Allen;1979;96;16;6.50
2018-04-27;10:30;Jaws;Adventure;Steven Spielberg;1975;124;12;8.00
2018-04-26;16:00;Guardians of the Galaxy Vol. 2;Action;James Gunn;2017;136;12;8.50
2018-04-26;13:30;The Lady Vanishes;Mystery;Alfred Hitchcock;1938;96;12;6.50
2018-04-26;10:30;The Untouchables;Crime;Brian De Palma;1987;119;12;8.50
2018-04-25;15:00;The Deer Hunter;Drama;Michael Cimino;1978;183;12;7.00
2018-04-25;12:00;Airlift;Drama;Raja Menon;2016;130;12;8.50
2018-04-25;10:00;Batman: Mask of the Phantasm;Animation;Kevin Altieri;1993;76;6;8.50
2018-04-24;13:00;The Innocents;Horror;Jack Clayton;1961;100;12;8.50
2018-04-24;10:00;Lost Highway;Mystery;David Lynch;1997;134;12;7.50
2018-04-23;13:00;The Lion King;Animation;Roger Allers;1994;88;0;6.50
2018-04-23;10:30;Blood Simple;Crime;Joel Coen;1984;99;12;7.00
2018-04-22;18:30;The Apartment;Comedy;Billy Wilder;1960;125;0;9.50
2018-04-22;16:00;Höstsonaten;Drama;Ingmar Bergman;1978;99;0;8.00
2018-04-22;13:00;Airlift;Drama;Raja Menon;2016;130;12;7.50
2018-04-22;10:30;Blood Simple;Crime;Joel Coen;1984;99;12;7.00
2018-04-21;15:00;Miller's Crossing;Crime;Joel Coen;1990;115;16;7.50
2018-04-21;12:30;Manhattan;Comedy;Woody Allen;1979;96;16;8.00
2018-04-21;10:00;Höstsonaten;Drama;Ingmar Bergman;1978;99;0;7.00
2018-04-20;10:00;What Ever Happened to Baby Jane?;Drama;Robert Aldrich;1962;134;12;6.50
2018-04-19;16:00;The Innocents;Horror;Jack Clayton;1961;100;12;7.00
2018-04-19;13:00;Jaws;Adventure;Steven Spielberg;1975;124;12;8.00
2018-04-19;10:30;To Be or Not to Be;Comedy;Ernst Lubitsch;1942;99;12;8.00
2018-04-18;16:00;Rosemary's Baby;Drama;Roman Polanski;1968;137;12;8.00
2018-04-18;13:30;Brief Encounter;Drama;David Lean;1945;86;0;7.50
2018-04-18;10:30;Indiana Jones and the Last Crusade;Action;Steven Spielberg;1989;127;0;8.00
2018-04-17;15:00;Manhattan;Comedy;Woody Allen;1979;96;16;6.50
2018-04-17;13:00;Brief Encounter;Drama;David Lean;1945;86;0;6.50
2018-04-17;10:00;Indiana Jones and the Last Crusade;Action;Steven Spielberg;1989;127;0;8.50
2018-04-16;17:30;Jaws;Adventure;Steven Spielberg;1975;124;12;7.50
2018-04-16;13:30;The Deer Hunter;Drama;Michael Cimino;1978;183;12;7.00
2018-04-16;10:30;Jaws;Adventure;Steven Spielberg;1975;124;12;8.50
2018-04-15;15:30;Jaws;Adventure;Steven Spielberg;1975;124;12;8.00
2018-04-15;13:00;Key Largo;Action;John Huston;1948;100;12;7.50
2018-04-15;10:00;Miller's Crossing;Crime;Joel Coen;1990;115;16;8.00
2018-04-14;18:30;La haine;Crime;Mathieu Kassovitz;1995;98;12;9.00
2018-04-14;16:00;La haine;Crime;Mathieu Kassovitz;1995;98;12;7.50
2018-04-14;13:00;Jaws;Adventure;Steven Spielberg;1975;124;12;8.00
2018-04-14;10:00;Miller's Crossing;Crime;Joel Coen;1990;115;16;7.50
2018-04-13;16:00;Patton;Biography;Franklin J. Schaffner;1970;172;0;7.00
2018-04-13;13:00;Butch Cassidy and the Sundance Kid;Biography;George Roy Hill;1969;110;6;8.50
2018-04-13;10:00;Guardians of the Galaxy Vol. 2;Action;James Gunn;2017;136;12;8.50
2018-04-12;10:30;Harold and Maude;Comedy;Hal Ashby;1971;91;6;7.50
2018-04-11;10:30;Du rififi chez les hommes;Crime;Jules Dassin;1955;118;12;7.00
2018-04-10;10:00;Platoon;Drama;Oliver Stone;1986;120;12;8.50
2018-04-09;15:00;M.S. Dhoni: The Untold Story;Biography;Neeraj Pandey;2016;184;0;8.00
2018-04-09;12:30;Midnight Cowboy;Drama;John Schlesinger;1969;113;12;6.50
2018-04-09;10:00;Il postino;Biography;Michael Radford;1994;108;0;8.50
2018-04-08;17:30;Ayla: The Daughter of War;Biography;Can Ulkay;2017;125;12;8.50
2018-04-08;15:00;Sing Street;Comedy;John Carney;2016;106;12;7.00
2018-04-08;12:30;Kimi no na wa.;Animation;Makoto Shinkai;2016;106;0;6.50
2018-04-08;10:00;Kimi no na wa.;Animation;Makoto Shinkai;2016;106;0;8.50
2018-04-07;19:00;Sweet Smell of Success;Drama;Alexander Mackendrick;1957;96;12;9.00
2018-04-07;16:30;To Be or Not to Be;Comedy;Ernst Lubitsch;1942;99;12;8.50
2018-04-07;13:30;Ayla: The Daughter of War;Biography;Can Ulkay;2017;125;12;7.50
2018-04-07;10:30;Red River;Action;Howard Hawks;1948;133;12;8.50
2018-04-06;15:00;Guardians of the Galaxy Vol. 2;Action;James Gunn;2017;136;12;7.00
2018-04-06;12:30;La haine;Crime;Mathieu Kassovitz;1995;98;12;8.50
2018-04-06;10:00;To Be or Not to Be;Comedy;Ernst Lubitsch;1942;99;12;7.50
2018-04-05;10:30;A Night at the Opera;Comedy;Sam Wood;1935;96;12;8.50
2018-04-04;13:00;Mary Poppins;Comedy;Robert Stevenson;1964;139;0;7.00
2018-04-04;10:00;Red River;Action;Howard Hawks;1948;133;12;8.50
2018-04-03;10:00;Butch Cassidy and the Sundance Kid;Biography;George Roy Hill;1969;110;6;7.50
2018-04-02;10:30;Ayla: The Daughter of War;Biography;Can Ulkay;2017;125;12;8.50
2018-04-01;19:00;Red River;Action;Howard Hawks;1948;133;12;9.00
2018-04-01;16:00;The Killing Fields;Biography;Roland Joffé;1984;141;12;7.50
2018-04-01;12:30;Terminator 2: Judgment Day;Action;James Cameron;1991;137;0;8.00
2018-04-01;10:00;La haine;Crime;Mathieu Kassovitz;1995;98;12;6.50
2018-03-31;18:30;Harold and Maude;Comedy;Hal Ashby;1971;91;6;9.00
2018-03-31;15:30;The Killing Fields;Biography;Roland Joffé;1984;141;12;7.00
2018-03-31;13:00;Brief Encounter;Drama;David Lean;1945;86;0;6.50
2018-03-31;10:00;Indiana Jones and the Last Crusade;Action;Steven Spielberg;1989;127;0;8.50
2018-03-30;16:30;Brief Encounter;Drama;David Lean;1945;86;0;7.00
2018-03-30;13:30;Ayla: The Daughter of War;Biography;Can Ulkay;2017;125;12;7.00
2018-03-30;10:00;Das Boot;Adventure;Wolfgang Petersen;1981;149;16;7.00
2018-03-29;16:00;Rosemary's Baby;Drama;Roman Polanski;1968;137;12;7.00
2018-03-29;13:30;Il postino;Biography;Michael Radford;1994;108;0;7.00
2018-03-29;10:30;Tôkyô monogatari;Drama;Yasujirô Ozu;1953;136;0;8.00
2018-03-28;13:00;Underground;Comedy;Emir Kusturica;1995;170;12;7.50
2018-03-28;10:00;Tôkyô monogatari;Drama;Yasujirô Ozu;1953;136;0;8.00
2018-03-27;13:00;Patton;Biography;Franklin J. Schaffner;1970;172;0;7.50
2018-03-27;10:00;Rosemary's Baby;Drama;Roman Polanski;1968;137;12;8.00
2018-03-26;12:30;Stalker;Drama;Andrei Tarkovsky;1979;162;0;7.00
2018-03-26;10:00;Midnight Cowboy;Drama;John Schlesinger;1969;113;12;7.50
2018-03-25;15:30;Terminator 2: Judgment Day;Action;James Cameron;1991;137;0;7.50
2018-03-25;13:00;Brief Encounter;Drama;David Lean;1945;86;0;7.00
2018-03-25;10:00;Tôkyô monogatari;Drama;Yasujirô Ozu;1953;136;0;7.00
2018-03-24;18:00;Harold and Maude;Comedy;Hal Ashby;1971;91;6;9.50
2018-03-24;15:30;Brief Encounter;Drama;David Lean;1945;86;0;6.50
2018-03-24;12:30;Rosemary's Baby;Drama;Roman Polanski;1968;137;12;8.00
2018-03-24;10:00;Brief Encounter;Drama;David Lean;1945;86;0;6.50
2018-03-23;15:00;Ayla: The Daughter of War;Biography;Can Ulkay;2017;125;12;8.50
2018-03-23;12:30;Harold and Maude;Comedy;Hal Ashby;1971;91;6;8.00
2018-03-23;10:00;Hana-bi;Crime;Takeshi Kitano;1997;103;12;6.50
2018-03-22;13:30;Sing Street;Comedy;John Carney;2016;106;12;8.50
2018-03-22;10:30;Das Boot;Adventure;Wolfgang Petersen;1981;149;16;8.50
2018-03-21;10:00;Harold and Maude;Comedy;Hal Ashby;1971;91;6;8.50
2018-03-20;12:30;Mary Poppins;Comedy;Robert Stevenson;1964;139;0;8.50
2018-03-20;10:00;Sweet Smell of Success;Drama;Alexander Mackendrick;1957;96;12;6.50
2018-03-19;14:30;On the Waterfront;Crime;Elia Kazan;1954;108;12;8.00
2018-03-19;13:00;Sherlock Jr.;Action;Buster Keaton;1924;45;12;7.00
2018-03-19;10:00;Tôkyô monogatari;Drama;Yasujirô Ozu;1953;136;0;8.50
2018-03-18;15:00;To Be or Not to Be;Comedy;Ernst Lubitsch;1942;99;12;8.00
2018-03-18;12:30;Sweet Smell of Success;Drama;Alexander Mackendrick;1957;96;12;7.00
2018-03-18;10:00;Harold and Maude;Comedy;Hal Ashby;1971;91;6;7.00
2018-03-17;19:00;Key Largo;Action;John Huston;1948;100;12;9.00
2018-03-17;16:00;Guardians of the Galaxy Vol. 2;Action;James Gunn;2017;136;12;7.50
2018-03-17;13:00;Kind Hearts and Coronets;Comedy;Robert Hamer;1949;106;0;8.50
2018-03-17;10:30;La haine;Crime;Mathieu Kassovitz;1995;98;12;8.00
2018-03-16;15:30;Il postino;Biography;Michael Radford;1994;108;0;8.50
2018-03-16;13:00;American History X;Drama;Tony Kaye;1998;119;16;8.50
2018-03-16;10:30;Harold and Maude;Comedy;Hal Ashby;1971;91;6;8.00
2018-03-15;16:00;The Apartment;Comedy;Billy Wilder;1960;125;0;8.50
2018-03-15;13:30;Kimi no na wa.;Animation;Makoto Shinkai;2016;106;0;7.00
2018-03-15;10:30;Indiana Jones and the Last Crusade;Action;Steven Spielberg;1989;127;0;8.50
2018-03-14;13:00;What Ever Happened to Baby Jane?;Drama;Robert Aldrich;1962;134;12;6.50
2018-03-14;10:30;Hiroshima mon amour;Drama;Alain Resnais;1959;90;12;7.50
2018-03-13;12:30;Midnight Cowboy;Drama;John Schlesinger;1969;113;12;7.50
2018-03-13;10:00;On the Waterfront;Crime;Elia Kazan;1954;108;12;8.00
2018-03-12;16:00;Hana-bi;Crime;Takeshi Kitano;1997;103;12;7.50
2018-03-12;13:30;Midnight Cowboy;Drama;John Schlesinger;1969;113;12;7.00
2018-03-12;10:30;Tôkyô monogatari;Drama;Yasujirô Ozu;1953;136;0;8.50
2018-03-11;16:00;Tôkyô monogatari;Drama;Yasujirô Ozu;1953;136;0;8.50
2018-03-11;13:00;Indiana Jones and the Last Crusade;Action;Steven Spielberg;1989;127;0;8.00
2018-03-11;10:30;On the Waterfront;Crime;Elia Kazan;1954;108;12;7.00
2018-03-10;15:30;Il postino;Biography;Michael Radford;1994;108;0;7.50
2018-03-10;12:30;Tôkyô monogatari;Drama;Yasujirô Ozu;1953;136;0;7.50
2018-03-10;10:00;Kind Hearts and Coronets;Comedy;Robert Hamer;1949;106;0;8.00
2018-03-09;16:00;Kind Hearts and Coronets;Comedy;Robert Hamer;1949;106;0;7.00
2018-03-09;13:30;Badlands;Action;Terrence Malick;1973;94;6;6.50
2018-03-09;10:30;The Apartment;Comedy;Billy Wilder;1960;125;0;8.00
2018-03-08;15:00;Ba wang bie ji;Drama;Kaige Chen;1993;171;16;7.50
2018-03-08;12:00;What Ever Happened to Baby Jane?;Drama;Robert Aldrich;1962;134;12;6.50
2018-03-08;10:30;Sherlock Jr.;Action;Buster Keaton;1924;45;12;8.50
2018-03-07;15:30;Patton;Biography;Franklin J. Schaffner;1970;172;0;8.00
2018-03-07;13:00;Il postino;Biography;Michael Radford;1994;108;0;8.50
2018-03-07;10:30;Midnight Cowboy;Drama;John Schlesinger;1969;113;12;8.00
2018-03-06;10:30;The Last Emperor;Biography;Bernardo Bertolucci;1987;163;0;6.50
2018-03-05;13:30;Patton;Biography;Franklin J. Schaffner;1970;172;0;8.50
2018-03-05;10:00;The Dirty Dozen;Action;Robert Aldrich;1967;150;12;7.00
2018-03-04;15:00;Hana-bi;Crime;Takeshi Kitano;1997;103;12;8.00
2018-03-04;12:30;To Be or Not to Be;Comedy;Ernst Lubitsch;1942;99;12;7.00
2018-03-04;10:00;Escape from Alcatraz;Action;Don Siegel;1979;112;12;6.50
2018-03-03;14:30;Terminator 2: Judgment Day;Action;James Cameron;1991;137;0;6.50
2018-03-03;12:30;Hiroshima mon amour;Drama;Alain Resnais;1959;90;12;7.00
2018-03-03;10:00;To Be or Not to Be;Comedy;Ernst Lubitsch;1942;99;12;8.00
2018-03-02;12:30;Badlands;Action;Terrence Malick;1973;94;6;8.00
2018-03-02;10:00;Kind Hearts and Coronets;Comedy;Robert Hamer;1949;106;0;7.50
2018-03-01;15:00;Terminator 2: Judgment Day;Action;James Cameron;1991;137;0;7.00
2018-03-01;13:00;Bronenosets Potemkin;Drama;Sergei M. Eisenstein;1925;75;12;6.50
2018-03-01;10:30;Dial M for Murder;Crime;Alfred Hitchcock;1954;105;12;8.00
2018-02-28;13:00;Il postino;Biography;Michael Radford;1994;108;0;8.50
2018-02-28;10:00;Terminator 2: Judgment Day;Action;James Cameron;1991;137;0;8.00
2018-02-27;13:00;Il postino;Biography;Michael Radford;1994;108;0;7.00
2018-02-27;10:00;American History X;Drama;Tony Kaye;1998;119;16;8.50
2018-02-26;13:00;What's Eating Gilbert Grape;Drama;Lasse Hallström;1993;118;0;8.00
2018-02-26;10:00;Kind Hearts and Coronets;Comedy;Robert Hamer;1949;106;0;6.50
2018-02-25;16:00;Ba wang bie ji;Drama;Kaige Chen;1993;171;16;7.00
2018-02-25;13:00;Koe no katachi;Animation;Naoko Yamada;2016;130;12;6.50
2018-02-25;10:30;Kimi no na wa.;Animation;Makoto Shinkai;2016;106;0;6.50
2018-02-24;15:30;The Apartment;Comedy;Billy Wilder;1960;125;0;7.00
2018-02-24;13:00;Badlands;Action;Terrence Malick;1973;94;6;8.50
2018-02-24;10:30;Kimi no na wa.;Animation;Makoto Shinkai;2016;106;0;7.00
2018-02-23;10:30;A Night at the Opera;Comedy;Sam Wood;1935;96;12;8.50
2018-02-22;16:00;Hana-bi;Crime;Takeshi Kitano;1997;103;12;8.50
2018-02-22;13:00;Secrets & Lies;Comedy;Mike Leigh;1996;136;0;7.00
2018-02-22;10:00;Koe no katachi;Animation;Naoko Yamada;2016;130;12;7.50
2018-02-21;16:00;Hiroshima mon amour;Drama;Alain Resnais;1959;90;12;7.00
2018-02-21;12:30;Ba wang bie ji;Drama;Kaige Chen;1993;171;16;8.50
2018-02-21;10:00;The Long Goodbye;Comedy;Robert Altman;1973;112;12;6.50
2018-02-20;10:00;A Night at the Opera;Comedy;Sam Wood;1935;96;12;6.50
2018-02-19;10:00;Key Largo;Action;John Huston;1948;100;12;7.50
2018-02-18;16:00;Il postino;Biography;Michael Radford;1994;108;0;6.50
2018-02-18;13:00;Platoon;Drama;Oliver Stone;1986;120;12;8.00
2018-02-18;10:30;Sing Street;Comedy;John Carney;2016;106;12;6.50
2018-02-17;16:00;Secrets & Lies;Comedy;Mike Leigh;1996;136;0;8.50
2018-02-17;13:00;Platoon;Drama;Oliver Stone;1986;120;12;8.50
2018-02-17;10:30;Hiroshima mon amour;Drama;Alain Resnais;1959;90;12;6.50
2018-02-16;14:30;Dangal;Action;Nitesh Tiwari;2016;161;0;6.50
2018-02-16;12:00;Dial M for Murder;Crime;Alfred Hitchcock;1954;105;12;8.50
2018-02-16;10:30;Sherlock Jr.;Action;Buster Keaton;1924;45;12;6.50
2018-02-15;12:30;Ba wang bie ji;Drama;Kaige Chen;1993;171;16;8.00
2018-02-15;10:00;Hiroshima mon amour;Drama;Alain Resnais;1959;90;12;8.50
2018-02-14;13:00;Sherlock Jr.;Action;Buster Keaton;1924;45;12;7.50
2018-02-14;10:30;Sing Street;Comedy;John Carney;2016;106;12;8.50
2018-02-13;13:30;Bronenosets Potemkin;Drama;Sergei M. Eisenstein;1925;75;12;6.50
2018-02-13;10:30;Dog Day Afternoon;Biography;Sidney Lumet;1975;125;0;7.00
2018-02-12;10:30;Stalker;Drama;Andrei Tarkovsky;1979;162;0;7.00
2018-02-11;15:30;Escape from Alcatraz;Action;Don Siegel;1979;112;12;7.00
2018-02-11;13:30;The Naked Gun: From the Files of Police Squad!;Comedy;David Zucker;1988;85;0;6.50
2018-02-11;10:30;A Man for All Seasons;Biography;Fred Zinnemann;1966;120;0;8.50
2018-02-10;15:00;Bronenosets Potemkin;Drama;Sergei M. Eisenstein;1925;75;12;8.00
2018-02-10;12:30;Lethal Weapon;Action;Richard Donner;1987;109;12;8.00
2018-02-10;10:00;The Day the Earth Stood Still;Drama;Robert Wise;1951;92;0;7.00
2018-02-09;13:30;Bronenosets Potemkin;Drama;Sergei M. Eisenstein;1925;75;12;7.00
2018-02-09;10:30;Escape from Alcatraz;Action;Don Siegel;1979;112;12;7.50
2018-02-08;15:30;Secrets & Lies;Comedy;Mike Leigh;1996;136;0;8.50
2018-02-08;12:30;Lethal Weapon;Action;Richard Donner;1987;109;12;7.00
2018-02-08;10:00;American History X;Drama;Tony Kaye;1998;119;16;8.50
2018-02-07;16:30;Ba wang bie ji;Drama;Kaige Chen;1993;171;16;7.50
2018-02-07;13:00;Dangal;Action;Nitesh Tiwari;2016;161;0;7.50
2018-02-07;10:00;Dog Day Afternoon;Biography;Sidney Lumet;1975;125;0;6.50
2018-02-06;15:30;Hana-bi;Crime;Takeshi Kitano;1997;103;12;7.00
2018-02-06;13:00;Singin' in the Rain;Comedy;Stanley Donen;1952;103;0;6.50
2018-02-06;10:30;Hana-bi;Crime;Takeshi Kitano;1997;103;12;6.50
2018-02-05;10:30;The Long Goodbye;Comedy;Robert Altman;1973;112;12;8.50
2018-02-04;19:00;Dangal;Action;Nitesh Tiwari;2016;161;0;9.00
2018-02-04;16:30;The Long Goodbye;Comedy;Robert Altman;1973;112;12;8.00
2018-02-04;13:00;Dangal;Action;Nitesh Tiwari;2016;161;0;8.50
2018-02-04;10:00;Dog Day Afternoon;Biography;Sidney Lumet;1975;125;0;8.00
2018-02-03;16:30;Badlands;Action;Terrence Malick;1973;94;6;7.00
2018-02-03;14:00;The Day the Earth Stood Still;Drama;Robert Wise;1951;92;0;8.50
2018-02-03;10:30;The Last Emperor;Biography;Bernardo Bertolucci;1987;163;0;7.00
2018-02-02;10:30;Secrets & Lies;Comedy;Mike Leigh;1996;136;0;8.00
2018-02-01;10:30;Dial M for Murder;Crime;Alfred Hitchcock;1954;105;12;8.00
2018-01-31;10:30;Badlands;Action;Terrence Malick;1973;94;6;8.50
2018-01-30;10:00;Bronenosets Potemkin;Drama;Sergei M. Eisenstein;1925;75;12;7.00
2018-01-29;10:30;Koe no katachi;Animation;Naoko Yamada;2016;130;12;7.50
2018-01-28;16:00;Badlands;Action;Terrence Malick;1973;94;6;8.50
2018-01-28;13:00;Mr. Smith Goes to Washington;Comedy;Frank Capra;1939;129;12;7.00
2018-01-28;10:30;The Day the Earth Stood Still;Drama;Robert Wise;1951;92;0;7.50
2018-01-27;18:00;The Day the Earth Stood Still;Drama;Robert Wise;1951;92;0;9.00
2018-01-27;15:30;Sing Street;Comedy;John Carney;2016;106;12;6.50
2018-01-27;13:30;Bronenosets Potemkin;Drama;Sergei M. Eisenstein;1925;75;12;7.50
2018-01-27;10:00;Dangal;Action;Nitesh Tiwari;2016;161;0;7.50
2018-01-26;12:30;The Long Goodbye;Comedy;Robert Altman;1973;112;12;8.00
2018-01-26;10:30;Bronenosets Potemkin;Drama;Sergei M. Eisenstein;1925;75;12;7.00
2018-01-25;10:30;Sing Street;Comedy;John Carney;2016;106;12;6.50
2018-01-24;15:30;The Dirty Dozen;Action;Robert Aldrich;1967;150;12;6.50
2018-01-24;13:00;Dial M for Murder;Crime;Alfred Hitchcock;1954;105;12;6.50
2018-01-24;10:30;The Long Goodbye;Comedy;Robert Altman;1973;112;12;8.00
2018-01-23;10:30;Dial M for Murder;Crime;Alfred Hitchcock;1954;105;12;8.00
2018-01-22;10:30;Das Cabinet des Dr. Caligari;Fantasy;Robert Wiene;1920;76;12;8.50
2018-01-21;19:00;Dog Day Afternoon;Biography;Sidney Lumet;1975;125;0;10.00
2018-01-21;17:00;Bronenosets Potemkin;Drama;Sergei M. Eisenstein;1925;75;12;7.50
2018-01-21;14:00;Koe no katachi;Animation;Naoko Yamada;2016;130;12;8.00
2018-01-21;10:30;Dangal;Action;Nitesh Tiwari;2016;161;0;7.50
2018-01-20;18:00;Sing Street;Comedy;John Carney;2016;106;12;10.00
2018-01-20;15:00;Dog Day Afternoon;Biography;Sidney Lumet;1975;125;0;6.50
2018-01-20;12:30;Sing Street;Comedy;John Carney;2016;106;12;7.00
2018-01-20;10:30;Das Cabinet des Dr. Caligari;Fantasy;Robert Wiene;1920;76;12;8.00
2018-01-19;12:30;Koe no katachi;Animation;Naoko Yamada;2016;130;12;6.50
2018-01-19;10:00;The Long Goodbye;Comedy;Robert Altman;1973;112;12;7.50
2018-01-18;13:00;Lethal Weapon;Action;Richard Donner;1987;109;12;7.50
2018-01-18;10:30;Sing Street;Comedy;John Carney;2016;106;12;8.00
2018-01-17;15:00;Dial M for Murder;Crime;Alfred Hitchcock;1954;105;12;7.00
2018-01-17;12:30;Singin' in the Rain;Comedy;Stanley Donen;1952;103;0;8.50
2018-01-17;10:30;Bronenosets Potemkin;Drama;Sergei M. Eisenstein;1925;75;12;7.50
2018-01-16;10:30;Singin' in the Rain;Comedy;Stanley Donen;1952;103;0;7.00
2018-01-15;15:30;Lethal Weapon;Action;Richard Donner;1987;109;12;7.50
2018-01-15;13:00;Sing Street;Comedy;John Carney;2016;106;12;7.00
2018-01-15;10:00;Dog Day Afternoon;Biography;Sidney Lumet;1975;125;0;8.00
2018-01-14;19:00;A Night at the Opera;Comedy;Sam Wood;1935;96;12;10.00
2018-01-14;16:30;Sing Street;Comedy;John Carney;2016;106;12;8.00
2018-01-14;13:00;Once Upon a Time in the West;Western;Sergio Leone;1968;165;0;8.00
2018-01-14;10:30;Dial M for Murder;Crime;Alfred Hitchcock;1954;105;12;6.50
2018-01-13;16:00;Singin' in the Rain;Comedy;Stanley Donen;1952;103;0;6.50
2018-01-13;13:30;Sing Street;Comedy;John Carney;2016;106;12;7.00
2018-01-13;10:30;Mr. Smith Goes to Washington;Comedy;Frank Capra;1939;129;12;7.50
2018-01-12;17:30;Singin' in the Rain;Comedy;Stanley Donen;1952;103;0;6.50
2018-01-12;14:00;Dangal;Action;Nitesh Tiwari;2016;161;0;6.50
2018-01-12;10:30;Dangal;Action;Nitesh Tiwari;2016;161;0;8.00
2018-01-11;16:30;Singin' in the Rain;Comedy;Stanley Donen;1952;103;0;7.50
2018-01-11;13:00;Dangal;Action;Nitesh Tiwari;2016;161;0;8.00
2018-01-11;10:00;Mr. Smith Goes to Washington;Comedy;Frank Capra;1939;129;12;7.50
2018-01-10;16:30;Mr. Smith Goes to Washington;Comedy;Frank Capra;1939;129;12;7.50
2018-01-10;13:30;Mr. Smith Goes to Washington;Comedy;Frank Capra;1939;129;12;8.00
2018-01-10;10:00;Once Upon a Time in the West;Western;Sergio Leone;1968;165;0;7.00
2018-01-09;10:00;Dial M for Murder;Crime;Alfred Hitchcock;1954;105;12;7.00
2018-01-08;12:30;A Night at the Opera;Comedy;Sam Wood;1935;96;12;7.50
2018-01-08;10:00;A Night at the Opera;Comedy;Sam Wood;1935;96;12;6.50
2018-01-07;16:00;A Night at the Opera;Comedy;Sam Wood;1935;96;12;8.50
2018-01-07;13:00;Mr. Smith Goes to Washington;Comedy;Frank Capra;1939;129;12;8.50
2018-01-07;10:00;Mr. Smith Goes to Washington;Comedy;Frank Capra;1939;129;12;6.50
2018-01-06;15:00;A Night at the Opera;Comedy;Sam Wood;1935;96;12;8.00
2018-01-06;12:30;A Night at the Opera;Comedy;Sam Wood;1935;96;12;8.50
2018-01-06;10:00;A Night at the Opera;Comedy;Sam Wood;1935;96;12;7.00
2018-01-05;10:00;A Night at the Opera;Comedy;Sam Wood;1935;96;12;7.00
2018-01-04;10:30;Mr. Smith Goes to Washington;Comedy;Frank Capra;1939;129;12;6.50
2018-01-03;13:00;Mr. Smith Goes to Washington;Comedy;Frank Capra;1939;129;12;6.50
2018-01-03;10:00;Mr. Smith Goes to Washington;Comedy;Frank Capra;1939;129;12;7.50
2018-01-02;10:30;Mr. Smith Goes to Washington;Comedy;Frank Capra;1939;129;12;7.00
2018-01-01;13:30;Mr. Smith Goes to Washington;Comedy;Frank Capra;1939;129;12;7.00
2018-01-01;10:30;Mr. Smith Goes to Washington;Comedy;Frank Capra;1939;129;12;6.50
